latitude;longitude;altitude(feet);ascent(feet);speed(mph);distance(feet);max_altitude(feet);max_ascent(feet);max_speed(mph);max_distance(feet);time(millisecond);datetime(utc);datetime(local);satellites;pressure(Pa);temperature(F);voltage(v);home_latitude;home_longitude;velocityX(mph);velocityY(mph);velocityZ(mph);pitch(deg);roll(deg);yaw(deg);powerlevel;isflying;istakingphoto;remainPowerPercent;remainLifePercent;currentCurrent;currentElectricity;currentVoltage;batteryTemperature;dischargeCount;flightmode;isMotorsOn;isTakingVideo;Rc_elevator;Rc_aileron;Rc_throttle;Rc_rudder;Rc_gyro;timestamp;Battery_Cell1;Battery_Cell2;Battery_Cell3;Battery_Cell4;Battery_Cell5;Battery_Cell6;Dronetype;AppVersion;Planename;FlyControllerSerialNumber;RemoteSerialNumber;BatterySerialNumber;CENTER_BATTERY.productDate;CENTER_BATTERY.serialNo;CENTER_BATTERY.fullCapacity;CENTER_BATTERY.productDateRaw;pitchRaw;rollRaw;yawRaw;gimbalPitchRaw;gimbalRollRaw;gimbalYawRaw;flyState;altitudeRaw;speedRaw;distanceRaw;velocityXRaw;velocityYRaw;velocityZRaw;data_reuse;App_Tip;App_Warning;downlinkSignalQuality;uplinkSignalQuality;transmissionChannel;rcModeSwitch;rcHome;rcPause;rcTransform;rcJoystickMode;appMode;FlyControllerSerialNumber_legacy;RemoteSerialNumber_legacy;BatterySerialNumber_legacy;Battery2SerialNumber
88.909628;139.981107;151;151;ьр№.33;508;151;151;рту.71;512;71838;28.09.2021 0:37;28.09.2021 8:37;18;0;0.00;21.830000;88.909079;139.979043;01.фхъ;-0.22;-3.13;0;2;-139;0;1;0;87;77;-16175;2540;21830;2976.00;93;NAVI;1;0;0;0;0;0;0;1,63279E+12;3616;3665;3630;3629;3699;3640;6;;;;;;;0;0;0;-9;22;-1398;0;0;0;14;462;14.90;1549.17;5;-1;-13;0;;;100;100;12;0;0;0;0;2;1;;;;
88.909628;139.981105;152;152;ьр№.99;507;152;152;рту.71;512;71888;28.09.2021 0:37;28.09.2021 8:37;18;0;0.00;21.830000;88.909079;139.979043;01.фхъ;-0.45;-3.80;1;1;-139;0;1;0;87;77;-16175;2540;21830;2976.00;93;NAVI;1;0;0;0;0;0;0;1,63279E+12;3616;3665;3630;3629;3699;3640;6;;;;;;;0;0;0;-11;18;-1395;0;0;0;14;465;17.83;1548.09;5;-2;-17;0;;;100;100;12;0;0;0;0;2;1;;;;
88.909628;139.981103;153;153;ря№.20;507;153;153;рту.71;512;71997;2021-09-28 00:37:05.095;2021-09-28 08:37:05.096;17;0;0.00;21.830000;88.909079;139.979043;01.фхъ;-0.45;-4.03;1;1;-139;0;1;0;87;77;-16175;2540;21830;2976.00;93;NAVI;1;0;0;0;0;0;0;1,63279E+12;3616;3665;3630;3629;3699;3640;6;;;;;;;0;0;0;-13;13;-1390;0;0;0;14;467;18.79;1546.96;5;-2;-17;0;;;100;100;12;0;0;0;0;2;1;;;;
88.909628;139.981102;153;153;ря№.69;507;153;153;рту.71;512;72097;28.09.2021 0:37;28.09.2021 8:37;17;0;0.00;21.830000;88.909079;139.979043;џэт.34;-0.45;-4.47;1;1;-138;0;1;0;87;77;-16175;2540;21830;2976.00;93;NAVI;1;0;0;0;0;0;0;1,63279E+12;3616;3665;3630;3629;3699;3640;6;;;;;;;0;0;0;-15;11;-1384;0;0;0;14;469;20.98;1545.77;6;-2;-20;0;;;100;100;12;0;0;0;0;2;1;;;;
88.909628;139.981100;154;154;ьрщ.14;506;154;154;рту.71;512;72199;28.09.2021 0:37;28.09.2021 8:37;18;0;0.00;21.924999;88.909079;139.979043;џэт.34;-0.67;-4.92;1;0;-137;0;1;0;87;77;-15284;2540;21925;2978.00;93;NAVI;1;0;0;0;0;0;0;1,63279E+12;3616;3665;3630;3629;3699;3640;6;;;;;;;0;0;0;-15;5;-1375;0;0;0;14;470;23.00;1544.58;6;-3;-22;0;;;100;100;12;0;0;0;0;2;1;;;;
88.909628;139.981098;155;155;ьрщ.57;506;155;155;рту.71;512;72308;28.09.2021 0:37;28.09.2021 8:37;18;0;0.00;21.924999;88.909079;139.979043;џэт.34;-0.67;-5.37;1;0;-136;0;1;0;87;77;-15284;2540;21925;2978.00;93;NAVI;1;0;0;0;0;0;0;1,63279E+12;3616;3665;3630;3629;3699;3640;6;;;;;;;0;0;0;-18;-2;-1369;0;0;0;14;474;24.92;1543.43;6;-3;-24;0;;;100;100;12;0;0;0;0;2;1;;;;
88.909628;139.981096;156;156;06.џэт;505;156;156;рту.71;512;72408;28.09.2021 0:37;28.09.2021 8:37;18;0;0.00;21.924999;88.909079;139.979043;џэт.34;-0.67;-5.82;2;-1;-136;0;1;0;87;77;-15284;2540;21925;2978.00;93;NAVI;1;0;0;0;0;0;0;1,63279E+12;3616;3665;3630;3629;3699;3640;6;;;;;;;0;0;0;-22;-11;-1361;0;0;0;14;475;26.85;1542.28;6;-3;-25;0;;;100;100;12;0;0;0;0;2;1;;;;
88.909628;139.981094;157;157;06.џэт;505;157;157;рту.71;512;72520;28.09.2021 0:37;28.09.2021 8:37;18;0;0.00;21.924999;88.909079;139.979043;џэт.34;-0.67;-5.82;2;-1;-135;0;1;0;87;77;-15284;2540;21925;2978.00;93;NAVI;1;0;0;0;0;0;0;1,63279E+12;3616;3665;3630;3629;3699;3640;6;;;;;;;0;0;0;-28;-18;-1355;0;0;0;14;479;26.85;1541.14;6;-3;-25;0;;;100;100;12;0;0;0;0;2;1;;;;
88.909628;139.981092;158;158;шўэ.20;505;158;158;рту.71;512;72811;28.09.2021 0:37;28.09.2021 8:37;17;0;0.00;21.924999;88.909079;139.979043;џэт.34;-0.22;-6.04;3;-2;-135;0;1;0;87;77;-15284;2540;21925;2978.00;93;NAVI;1;0;0;0;0;0;0;1,63279E+12;3616;3665;3630;3629;3699;3640;6;;;;;;;0;0;0;-32;-20;-1350;0;0;0;14;482;27.73;1540.04;6;-1;-27;0;;;100;100;12;0;0;0;0;2;1;;;;
88.909629;139.981087;161;161;шўэ.19;504;161;161;рту.71;512;72857;28.09.2021 0:37;28.09.2021 8:37;17;0;0.00;21.924999;88.909079;139.979043;џэт.34;-0.22;-6.04;2;-2;-134;0;1;0;87;77;-15284;2540;21925;2978.00;93;NAVI;1;0;0;0;0;0;0;1,63279E+12;3616;3665;3630;3629;3699;3640;6;;;;;;;0;0;0;-27;-21;-1340;0;0;0;14;490;27.68;1537.17;6;-1;-27;0;;;100;100;12;0;0;0;0;2;1;;;;
88.909629;139.981087;161;161;шўэ.19;504;161;161;рту.71;512;72860;28.09.2021 0:37;28.09.2021 8:37;17;0;0.00;21.924999;88.909079;139.979043;џэт.34;-0.22;-6.04;2;-2;-134;0;1;0;87;77;-15284;2540;21925;2978.00;93;NAVI;1;0;0;0;0;0;0;1,63279E+12;3616;3665;3630;3629;3699;3640;6;;;;;;;0;0;0;-27;-21;-1340;0;0;0;14;490;27.68;1537.17;6;-1;-27;0;;;100;100;12;0;0;0;0;2;1;;;;
88.909629;139.981087;161;161;шўэ.19;504;161;161;рту.71;512;72862;28.09.2021 0:37;28.09.2021 8:37;17;0;0.00;21.924999;88.909079;139.979043;џэт.34;-0.22;-6.04;2;-2;-134;0;1;0;87;77;-15284;2540;21925;2978.00;93;NAVI;1;0;0;0;0;0;0;1,63279E+12;3616;3665;3630;3629;3699;3640;6;;;;;;;0;0;0;-27;-21;-1340;0;0;0;14;490;27.68;1537.17;6;-1;-27;0;;;100;100;12;0;0;0;0;2;1;;;;
88.909629;139.981086;162;162;ьрщ.97;504;162;162;рту.71;512;72921;2021-09-28 00:37:06.019;2021-09-28 08:37:06.019;17;0;0.00;21.924999;88.909079;139.979043;џэт.34;-0.22;-5.82;2;-2;-133;0;1;0;87;77;-15284;2540;21925;2978.00;93;NAVI;1;0;0;0;0;0;0;1,63279E+12;3616;3665;3630;3629;3699;3640;6;;;;;;;0;0;0;-23;-20;-1339;0;0;0;14;494;26.70;1536.30;6;-1;-25;0;;;100;100;12;0;0;0;0;2;1;;;;
88.909629;139.981085;163;163;ьрщ.97;503;163;163;рту.71;512;73017;28.09.2021 0:37;28.09.2021 8:37;17;0;0.00;21.924999;88.909079;139.979043;џэт.34;0.00;-5.82;2;-1;-134;0;1;0;87;77;-15284;2540;21925;2978.00;93;NAVI;1;0;0;0;0;0;0;1,63279E+12;3616;3665;3630;3629;3699;3640;6;;;;;;;0;0;0;-22;-18;-1340;0;0;0;14;497;26.68;1535.48;6;0;-25;0;;;100;100;12;0;0;0;0;2;1;;;;
88.909629;139.981083;163;163;ьрщ.75;503;163;163;рту.71;512;73130;28.09.2021 0:37;28.09.2021 8:37;17;0;0.00;21.478001;88.909079;139.979043;џэт.34;0.00;-5.59;2;-1;-134;0;1;0;87;77;-18997;2511;21478;2978.00;93;NAVI;1;0;0;0;0;0;0;1,63279E+12;3616;3665;3630;3629;3699;3640;6;;;;;;;0;0;0;-22;-18;-1340;0;0;0;14;499;25.71;1534.70;6;0;-25;0;;;100;100;12;0;0;0;0;2;1;;;;
88.909629;139.981082;164;164;ьрщ.75;503;164;164;рту.71;512;73220;28.09.2021 0:37;28.09.2021 8:37;17;0;0.00;21.478001;88.909079;139.979043;џэт.34;0.00;-5.59;2;-2;-134;0;1;0;87;77;-18997;2511;21478;2978.00;93;NAVI;1;0;0;0;0;0;0;1,63279E+12;3616;3665;3630;3629;3699;3640;6;;;;;;;0;0;0;-23;-20;-1341;0;0;0;14;502;25.71;1534.00;6;0;-25;0;;;100;100;12;0;0;0;0;2;1;;;;
88.909629;139.981081;165;165;ьрщ.97;503;165;165;рту.71;512;73427;28.09.2021 0:37;28.09.2021 8:37;17;0;0.00;21.478001;88.909079;139.979043;џэт.34;0.00;-5.59;2;-2;-134;0;1;0;87;77;-18997;2511;21478;2978.00;93;NAVI;1;0;0;0;0;0;0;1,63279E+12;3616;3665;3630;3629;3699;3640;6;;;;;;;0;0;0;-22;-21;-1344;0;0;0;14;505;26.68;1533.35;6;0;-25;0;;;100;100;12;0;0;0;0;2;1;;;;
88.909630;139.981080;166;166;ьрщ.75;502;166;166;рту.71;512;73457;28.09.2021 0:37;28.09.2021 8:37;17;0;0.00;21.478001;88.909079;139.979043;џэт.34;0.00;-5.59;1;-2;-134;0;1;0;87;77;-18997;2511;21478;2978.00;93;NAVI;1;0;0;0;0;0;0;1,63279E+12;3616;3665;3630;3629;3699;3640;6;;;;;;;0;0;0;-18;-22;-1345;0;0;0;14;507;25.71;1532.79;6;0;-25;0;;;100;100;12;0;0;0;0;2;1;;;;
88.909630;139.981079;167;167;ьрщ.75;502;167;167;рту.71;512;73527;28.09.2021 0:37;28.09.2021 8:37;17;0;0.00;21.478001;88.909079;139.979043;џэт.34;0.00;-5.59;1;-2;-134;0;1;0;87;77;-18997;2511;21478;2978.00;93;NAVI;1;0;0;0;0;0;0;1,63279E+12;3616;3665;3630;3629;3699;3640;6;;;;;;;0;0;0;-11;-22;-1348;0;0;0;14;510;25.71;1532.29;6;0;-25;0;;;100;100;12;0;0;0;0;2;1;;;;
88.909630;139.981078;168;168;ьрщ.76;502;168;168;рту.71;512;73827;28.09.2021 0:37;28.09.2021 8:37;17;0;0.00;21.478001;88.909079;139.979043;џэт.34;0.22;-5.59;0;-1;-135;0;1;0;87;77;-18997;2511;21478;2978.00;93;NAVI;1;0;0;0;0;0;0;1,63279E+12;3616;3665;3630;3629;3699;3640;6;;;;;;;0;0;0;-5;-18;-1350;0;0;0;14;514;25.73;1531.86;6;1;-25;0;;;100;100;12;0;0;0;0;2;1;;;;
88.909631;139.981076;170;170;ьрщ.76;502;170;170;рту.71;512;73867;28.09.2021 0:37;28.09.2021 8:37;17;0;0.00;21.478001;88.909079;139.979043;џэт.34;0.22;-5.59;0;-1;-135;0;1;0;87;77;-18997;2511;21478;2978.00;93;NAVI;1;0;0;0;0;0;0;1,63279E+12;3616;3665;3630;3629;3699;3640;6;;;;;;;0;0;0;5;-17;-1353;0;0;0;14;519;25.73;1531.15;6;1;-25;0;;;100;100;12;0;0;0;0;2;1;;;;
88.909631;139.981076;170;170;ьрщ.76;502;170;170;рту.71;512;73870;28.09.2021 0:37;28.09.2021 8:37;17;0;0.00;21.478001;88.909079;139.979043;џэт.34;0.22;-5.59;0;-1;-135;0;1;0;87;77;-18997;2511;21478;2978.00;93;NAVI;1;0;0;0;0;0;0;1,63279E+12;3616;3665;3630;3629;3699;3640;6;;;;;;;0;0;0;5;-17;-1353;0;0;0;14;519;25.73;1531.15;6;1;-25;0;;;100;100;12;0;0;0;0;2;1;;;;
88.909631;139.981076;171;171;ьрщ.76;502;171;171;рту.71;512;73958;2021-09-28 00:37:07.056;2021-09-28 08:37:07.056;17;0;0.00;21.478001;88.909079;139.979043;џэт.34;0.22;-5.59;-1;-1;-135;0;1;0;87;77;-18997;2511;21478;2978.00;93;NAVI;1;0;0;0;0;0;0;1,63279E+12;3616;3665;3630;3629;3699;3640;6;;;;;;;0;0;0;11;-16;-1354;0;0;0;14;522;25.73;1530.85;6;1;-25;0;;;100;100;12;0;0;0;0;2;1;;;;
88.909632;139.981075;172;172;ьрщ.54;502;172;172;рту.71;512;74047;28.09.2021 0:37;28.09.2021 8:37;17;0;0.00;21.478001;88.909079;139.979043;џэт.34;0.22;-5.37;-1;-1;-135;0;1;0;87;77;-18997;2511;21478;2978.00;93;NAVI;1;0;0;0;0;0;0;1,63279E+12;3616;3665;3630;3629;3699;3640;6;;;;;;;0;0;0;16;-13;-1354;0;0;0;14;525;24.76;1530.57;6;1;-24;0;;;100;100;12;0;0;0;0;2;1;;;;
88.909632;139.981074;173;173;ьрщ.54;502;173;173;рту.71;512;74148;28.09.2021 0:37;28.09.2021 8:37;17;0;0.00;21.114000;88.909079;139.979043;џэт.34;0.22;-5.37;-1;-1;-135;0;1;0;86;77;-22741;2511;21114;2980.00;93;NAVI;1;0;0;0;0;0;0;1,63279E+12;3616;3665;3630;3629;3699;3640;6;;;;;;;0;0;0;18;-13;-1355;0;0;0;14;527;24.76;1530.31;6;1;-24;0;;;100;100;12;0;0;0;0;2;1;;;;
88.909632;139.981074;173;173;ьрщ.54;501;173;173;рту.71;512;74250;28.09.2021 0:37;28.09.2021 8:37;17;0;0.00;21.114000;88.909079;139.979043;џэт.34;0.22;-5.37;-2;-1;-135;0;1;0;86;77;-22741;2511;21114;2980.00;93;NAVI;1;0;0;0;0;0;0;1,63279E+12;3616;3665;3630;3629;3699;3640;6;;;;;;;0;0;0;23;-11;-1355;0;0;0;14;530;24.76;1530.09;6;1;-24;0;;;100;100;12;0;0;0;0;2;1;;;;
88.909633;139.981073;174;174;ьрщ.49;501;174;174;рту.71;512;74365;28.09.2021 0:37;28.09.2021 8:37;16;0;0.00;21.114000;88.909079;139.979043;01.фхъ;0.22;-5.37;-2;0;-135;0;1;0;86;77;-22741;2511;21114;2980.00;93;NAVI;1;0;0;0;0;0;0;1,63279E+12;3616;3665;3630;3629;3699;3640;6;;;;;;;0;0;0;28;-9;-1354;0;0;0;14;532;24.54;1529.88;5;1;-24;0;;;100;100;12;0;0;0;0;2;1;;;;
88.909633;139.981072;175;175;ьрщ.49;501;175;175;рту.71;512;74438;28.09.2021 0:37;28.09.2021 8:37;16;0;0.00;21.114000;88.909079;139.979043;01.фхъ;0.22;-5.37;-3;0;-135;0;1;0;86;77;-22741;2511;21114;2980.00;93;NAVI;1;0;0;0;0;0;0;1,63279E+12;3616;3665;3630;3629;3699;3640;6;;;;;;;0;0;0;34;-6;-1354;0;0;0;14;535;24.54;1529.66;5;1;-24;0;;;100;100;12;0;0;0;0;2;1;;;;
88.909633;139.981072;176;176;ьрщ.49;501;176;176;рту.71;512;74570;28.09.2021 0:37;28.09.2021 8:37;16;0;0.00;21.114000;88.909079;139.979043;01.фхъ;0.22;-5.37;-3;0;-135;0;1;0;86;77;-22741;2511;21114;2980.00;93;NAVI;1;0;0;0;0;0;0;1,63279E+12;3616;3665;3630;3629;3699;3640;6;;;;;;;0;0;0;37;-4;-1354;0;0;0;14;537;24.54;1529.42;5;1;-24;0;;;100;100;12;0;0;0;0;2;1;;;;
88.909634;139.981071;177;177;ьрщ.48;501;177;177;рту.71;512;74847;28.09.2021 0:37;28.09.2021 8:37;16;0;0.00;21.114000;88.909079;139.979043;0.89;0.00;-5.37;-4;0;-135;0;1;0;86;77;-22741;2511;21114;2980.00;93;NAVI;1;0;0;0;0;0;0;1,63279E+12;3616;3665;3630;3629;3699;3640;6;;;;;;;0;0;0;42;-1;-1354;0;0;0;14;540;24.52;1529.16;4;0;-24;0;;;100;100;12;0;0;0;0;2;1;;;;
88.909634;139.981070;179;179;ьрщ.44;501;179;179;рту.71;512;74897;28.09.2021 0:37;28.09.2021 8:37;16;0;0.00;21.114000;88.909079;139.979043;0.89;0.00;-5.37;-4;0;-135;0;1;0;86;77;-22741;2511;21114;2980.00;93;NAVI;1;0;0;0;0;0;0;1,63279E+12;3616;3665;3630;3629;3699;3640;6;;;;;;;0;0;0;42;1;-1354;0;0;0;14;545;24.33;1528.58;4;0;-24;0;;;100;100;12;0;0;0;0;2;1;;;;
88.909634;139.981070;179;179;ьрщ.44;501;179;179;рту.71;512;74904;2021-09-28 00:37:08.003;2021-09-28 08:37:08.005;16;0;0.00;21.114000;88.909079;139.979043;0.89;0.00;-5.37;-4;0;-135;0;1;0;86;77;-22741;2511;21114;2980.00;93;NAVI;1;0;0;0;0;0;0;1,63279E+12;3616;3665;3630;3629;3699;3640;6;;;;;;;0;0;0;42;1;-1354;0;0;0;14;545;24.33;1528.58;4;0;-24;0;;;100;100;12;0;0;0;0;2;1;;;;
88.909634;139.981069;180;180;ьрщ.44;501;180;180;рту.71;512;74964;2021-09-28 00:37:08.062;2021-09-28 08:37:08.063;16;0;0.00;21.114000;88.909079;139.979043;0.89;0.00;-5.37;-4;0;-135;0;1;0;86;77;-22741;2511;21114;2980.00;93;NAVI;1;0;0;0;0;0;0;1,63279E+12;3616;3665;3630;3629;3699;3640;6;;;;;;;0;0;0;40;1;-1354;0;0;0;14;549;24.33;1528.25;4;0;-24;0;;;100;100;12;0;0;0;0;2;1;;;;
88.909634;139.981069;181;181;ьрщ.66;501;181;181;рту.71;512;75059;28.09.2021 0:37;28.09.2021 8:37;16;0;0.00;21.114000;88.909079;139.979043;0.89;0.00;-5.59;-3;0;-135;0;1;0;86;77;-22741;2511;21114;2980.00;93;NAVI;1;0;0;0;0;0;0;1,63279E+12;3616;3665;3630;3629;3699;3640;6;;;;;;;0;0;0;39;2;-1354;0;0;0;14;552;25.32;1527.91;4;0;-25;0;;;100;100;12;0;0;0;0;2;1;;;;
88.909635;139.981068;181;181;ьрщ.44;501;181;181;рту.71;512;75167;28.09.2021 0:37;28.09.2021 8:37;17;0;0.00;21.430000;88.909079;139.979043;0.89;0.00;-5.37;-3;0;-135;0;1;0;86;77;-18059;2511;21430;2980.00;93;NAVI;1;0;0;0;0;0;0;1,63279E+12;3616;3665;3630;3629;3699;3640;6;;;;;;;0;0;0;39;2;-1353;0;0;0;14;554;24.33;1527.55;4;0;-24;0;;;100;100;12;0;0;0;0;2;1;;;;
88.909635;139.981067;182;182;ьрщ.63;501;182;182;рту.71;512;75277;28.09.2021 0:37;28.09.2021 8:37;17;0;0.00;21.430000;88.909079;139.979043;0.67;0.00;-5.59;-3;0;-135;0;1;0;86;77;-18059;2511;21430;2980.00;93;NAVI;1;0;0;0;0;0;0;1,63279E+12;3616;3665;3630;3629;3699;3640;6;;;;;;;0;0;0;39;2;-1351;0;0;0;14;557;25.18;1527.21;3;0;-25;0;;;100;100;12;0;0;0;0;2;1;;;;
88.909635;139.981067;183;183;ьрщ.63;500;183;183;рту.71;512;75369;28.09.2021 0:37;28.09.2021 8:37;18;0;0.00;21.430000;88.909079;139.979043;0.67;0.00;-5.59;-4;0;-135;0;1;0;86;77;-18059;2511;21430;2980.00;93;NAVI;1;0;0;0;0;0;0;1,63279E+12;3616;3665;3630;3629;3699;3640;6;;;;;;;0;0;0;40;5;-1350;0;0;0;14;560;25.18;1526.86;3;0;-25;0;;;100;100;12;0;0;0;0;2;1;;;;
88.909635;139.981066;185;185;ьрщ.63;500;185;185;рту.71;512;75577;28.09.2021 0:37;28.09.2021 8:37;17;0;0.00;21.430000;88.909079;139.979043;0.67;0.00;-5.59;-4;1;-134;0;1;0;86;77;-18059;2511;21430;2980.00;93;NAVI;1;0;0;0;0;0;0;1,63279E+12;3616;3665;3630;3629;3699;3640;6;;;;;;;0;0;0;44;10;-1348;0;0;0;14;565;25.18;1526.17;3;0;-25;0;;;100;100;12;0;0;0;0;2;1;;;;
88.909635;139.981065;186;186;ьрщ.64;500;186;186;рту.71;512;75881;28.09.2021 0:37;28.09.2021 8:37;17;0;0.00;21.430000;88.909079;139.979043;0.67;-0.22;-5.59;-4;1;-134;0;1;0;86;77;-18059;2511;21430;2980.00;93;NAVI;1;0;0;0;0;0;0;1,63279E+12;3616;3665;3630;3629;3699;3640;6;;;;;;;0;0;0;45;10;-1346;0;0;0;14;567;25.20;1525.85;3;-1;-25;0;;;100;100;12;0;0;0;0;2;1;;;;
88.909635;139.981064;188;188;ьрщ.64;500;188;188;рту.71;512;75918;2021-09-28 00:37:09.016;2021-09-28 08:37:09.017;17;0;0.00;21.430000;88.909079;139.979043;0.67;-0.22;-5.59;-5;1;-134;0;1;0;86;77;-18059;2511;21430;2980.00;93;NAVI;1;0;0;0;0;0;0;1,63279E+12;3616;3665;3630;3629;3699;3640;6;;;;;;;0;0;0;52;17;-1345;0;0;0;14;574;25.20;1525.26;3;-1;-25;0;;;100;100;12;0;0;0;0;2;1;;;;
88.909635;139.981064;188;188;ьрщ.64;500;188;188;рту.71;512;75924;2021-09-28 00:37:09.022;2021-09-28 08:37:09.022;17;0;0.00;21.430000;88.909079;139.979043;0.67;-0.22;-5.59;-5;1;-134;0;1;0;86;77;-18059;2511;21430;2980.00;93;NAVI;1;0;0;0;0;0;0;1,63279E+12;3616;3665;3630;3629;3699;3640;6;;;;;;;0;0;0;52;17;-1345;0;0;0;14;574;25.20;1525.26;3;-1;-25;0;;;100;100;12;0;0;0;0;2;1;;;;
88.909635;139.981063;188;188;ьрщ.61;500;188;188;рту.71;512;75988;2021-09-28 00:37:09.086;2021-09-28 08:37:09.086;16;0;0.00;21.430000;88.909079;139.979043;0.45;-0.22;-5.59;-6;2;-134;0;1;0;86;77;-18059;2511;21430;2980.00;93;NAVI;1;0;0;0;0;0;0;1,63279E+12;3616;3665;3630;3629;3699;3640;6;;;;;;;0;0;0;64;27;-1346;0;0;0;14;575;25.юъђ;1524.96;2;-1;-25;0;;;100;100;12;0;0;0;0;2;1;;;;
88.909635;139.981063;189;189;ьрщ.63;500;189;189;рту.71;512;76107;28.09.2021 0:37;28.09.2021 8:37;16;0;0.00;21.430000;88.909079;139.979043;0.45;-0.45;-5.59;-7;3;-134;0;1;0;86;77;-18059;2511;21430;2980.00;93;NAVI;1;0;0;0;0;0;0;1,63279E+12;3616;3665;3630;3629;3699;3640;6;;;;;;;0;0;0;73;36;-1348;0;0;0;14;579;25.16;1524.64;2;-2;-25;0;;;100;100;12;0;0;0;0;2;1;;;;
88.909635;139.981062;190;190;ьрщ.87;500;190;190;рту.71;512;76190;28.09.2021 0:37;28.09.2021 8:37;17;0;0.00;21.563000;88.909079;139.979043;0.45;-0.67;-5.82;-7;4;-134;0;1;0;86;77;-18166;2511;21563;2981.00;93;NAVI;1;0;0;0;0;0;0;1,63279E+12;3616;3665;3630;3629;3699;3640;6;;;;;;;0;0;0;73;40;-1349;0;0;0;14;582;26.25;1524.25;2;-3;-25;0;;;100;100;12;0;0;0;0;2;1;;;;
88.909635;139.981062;191;191;ьрщ.87;499;191;191;рту.71;512;76278;28.09.2021 0:37;28.09.2021 8:37;17;0;0.00;21.563000;88.909079;139.979043;0.45;-0.67;-5.82;-7;4;-134;0;1;0;86;77;-18166;2511;21563;2981.00;93;NAVI;1;0;0;0;0;0;0;1,63279E+12;3616;3665;3630;3629;3699;3640;6;;;;;;;0;0;0;70;40;-1349;0;0;0;14;584;26.25;1523.81;2;-3;-25;0;;;100;100;12;0;0;0;0;2;1;;;;
88.909635;139.981061;192;192;ьрщ.90;499;192;192;рту.71;512;76377;28.09.2021 0:37;28.09.2021 8:37;17;0;0.00;21.563000;88.909079;139.979043;0.45;-0.89;-5.82;-6;3;-135;0;1;0;86;77;-18166;2511;21563;2981.00;93;NAVI;1;0;0;0;0;0;0;1,63279E+12;3616;3665;3630;3629;3699;3640;6;;;;;;;0;0;0;64;39;-1350;0;0;0;14;587;26.38;1523.33;2;-4;-25;0;;;100;100;12;0;0;0;0;2;1;;;;
88.909635;139.981060;193;193;ьрщ.90;499;193;193;рту.71;512;76498;28.09.2021 0:37;28.09.2021 8:37;17;0;0.00;21.563000;88.909079;139.979043;0.45;-0.89;-5.82;-5;3;-135;0;1;0;86;77;-18166;2511;21563;2981.00;93;NAVI;1;0;0;0;0;0;0;1,63279E+12;3616;3665;3630;3629;3699;3640;6;;;;;;;0;0;0;59;36;-1350;0;0;0;14;590;26.38;1522.83;2;-4;-25;0;;;100;100;12;0;0;0;0;2;1;;;;
88.909635;139.981059;194;194;шўэ.16;499;194;194;рту.71;512;76597;28.09.2021 0:37;28.09.2021 8:37;17;0;0.00;21.563000;88.909079;139.979043;0.45;-1.12;-6.04;-5;3;-135;0;1;0;86;77;-18166;2511;21563;2981.00;93;NAVI;1;0;0;0;0;0;0;1,63279E+12;3616;3665;3630;3629;3699;3640;6;;;;;;;0;0;0;57;34;-1351;0;0;0;14;592;27.53;1522.32;2;-5;-27;0;;;100;100;12;0;0;0;0;2;1;;;;
88.909635;139.981059;195;195;шўэ.16;499;195;195;рту.71;512;76867;28.09.2021 0:37;28.09.2021 8:37;17;0;0.00;21.563000;88.909079;139.979043;0.45;-1.12;-6.26;-5;3;-135;0;1;0;86;77;-18166;2511;21563;2981.00;93;NAVI;1;0;0;0;0;0;0;1,63279E+12;3616;3665;3630;3629;3699;3640;6;;;;;;;0;0;0;57;35;-1353;0;0;0;14;595;27.53;1521.84;2;-5;-27;0;;;100;100;12;0;0;0;0;2;1;;;;
88.909635;139.981058;196;196;шўэ.38;499;196;196;рту.71;512;76898;28.09.2021 0:37;28.09.2021 8:37;17;0;0.00;21.563000;88.909079;139.979043;0.45;-1.12;-6.26;-6;3;-135;0;1;0;86;77;-18166;2511;21563;2981.00;93;NAVI;1;0;0;0;0;0;0;1,63279E+12;3616;3665;3630;3629;3699;3640;6;;;;;;;0;0;0;60;37;-1354;0;0;0;14;599;28.51;1521.35;2;-5;-27;0;;;100;100;12;0;0;0;0;2;1;;;;
88.909635;139.981056;198;198;шўэ.42;498;198;198;рту.71;512;77008;28.09.2021 0:37;28.09.2021 8:37;18;0;0.00;21.563000;88.909079;139.979043;0.45;-1.34;-6.26;-7;4;-135;0;1;0;86;77;-18166;2511;21563;2981.00;93;NAVI;1;0;0;0;0;0;0;1,63279E+12;3616;3665;3630;3629;3699;3640;6;;;;;;;0;0;0;70;42;-1354;0;0;0;14;604;28.71;1520.34;2;-6;-27;0;;;100;100;12;0;0;0;0;2;1;;;;
88.909635;139.981055;199;199;шўэ.20;498;199;199;рту.71;512;77127;28.09.2021 0:37;28.09.2021 8:37;18;0;0.00;21.563000;88.909079;139.979043;0.45;-1.34;-6.04;-7;4;-135;0;1;0;86;77;-18166;2511;21563;2981.00;93;NAVI;1;0;0;0;0;0;0;1,63279E+12;3616;3665;3630;3629;3699;3640;6;;;;;;;0;0;0;72;45;-1354;0;0;0;14;607;27.73;1519.81;2;-6;-27;0;;;100;100;12;0;0;0;0;2;1;;;;
88.909635;139.981054;200;200;шўэ.47;498;200;200;рту.71;512;77210;28.09.2021 0:37;28.09.2021 8:37;18;0;0.00;21.468000;88.909079;139.979043;0.45;-1.57;-6.26;-7;4;-135;0;1;0;86;77;-18804;2511;21468;2982.00;93;NAVI;1;0;0;0;0;0;0;1,63279E+12;3616;3665;3630;3629;3699;3640;6;;;;;;;0;0;0;72;45;-1354;0;0;0;14;610;28.93;1519.24;2;-6;-27;0;;;100;100;12;0;0;0;0;2;1;;;;
88.909635;139.981054;201;201;шўэ.47;498;201;201;рту.71;512;77317;28.09.2021 0:37;28.09.2021 8:37;18;0;0.00;21.468000;88.909079;139.979043;0.45;-1.57;-6.26;-7;4;-135;0;1;0;86;77;-18804;2511;21468;2982.00;93;NAVI;1;0;0;0;0;0;0;1,63279E+12;3540;3591;3554;3561;3638;3584;6;;;;;;;0;0;0;70;45;-1354;0;0;0;14;612;28.93;1518.61;2;-6;-27;0;;;100;100;12;0;0;0;0;2;1;;;;
88.909635;139.981052;202;202;шўэ.47;498;202;202;рту.71;512;77437;28.09.2021 0:37;28.09.2021 8:37;18;0;0.00;21.468000;88.909079;139.979043;0.45;-1.79;-6.26;-6;4;-135;0;1;0;86;77;-18804;2511;21468;2982.00;93;NAVI;1;0;0;0;0;0;0;1,63279E+12;3540;3591;3554;3561;3638;3584;6;;;;;;;0;0;0;68;44;-1354;0;0;0;14;615;28.93;1517.93;2;-8;-27;0;;;100;100;12;0;0;0;0;2;1;;;;
88.909635;139.981051;203;203;шўэ.53;497;203;203;рту.71;512;77478;28.09.2021 0:37;28.09.2021 8:37;18;0;0.00;21.468000;88.909079;139.979043;0.45;-1.79;-6.26;-6;4;-135;0;1;0;86;77;-18804;2511;21468;2982.00;93;NAVI;1;0;0;0;0;0;0;1,63279E+12;3540;3591;3554;3561;3638;3584;6;;;;;;;0;0;0;65;42;-1353;0;0;0;14;619;29.19;1517.20;2;-8;-27;0;;;100;100;12;0;0;0;0;2;1;;;;
88.909635;139.981050;204;204;шўэ.53;497;204;204;рту.71;512;77527;28.09.2021 0:37;28.09.2021 8:37;18;0;0.00;21.468000;88.909079;139.979043;0.45;-1.79;-6.26;-6;4;-135;0;1;0;86;77;-18804;2511;21468;2982.00;93;NAVI;1;0;0;0;0;0;0;1,63279E+12;3540;3591;3554;3561;3638;3584;6;;;;;;;0;0;0;64;42;-1353;0;0;0;14;622;29.19;1516.44;2;-8;-27;0;;;100;100;12;0;0;0;0;2;1;;;;
88.909635;139.981049;205;205;шўэ.53;497;205;205;рту.71;512;77628;28.09.2021 0:37;28.09.2021 8:37;18;0;0.00;21.468000;88.909079;139.979043;0.45;-1.79;-6.26;-6;4;-135;0;1;0;86;77;-18804;2511;21468;2982.00;93;NAVI;1;0;0;0;0;0;0;1,63279E+12;3540;3591;3554;3561;3638;3584;6;;;;;;;0;0;0;62;42;-1353;0;0;0;14;625;29.19;1515.64;2;-8;-27;0;;;100;100;12;0;0;0;0;2;1;;;;
88.909635;139.981048;206;206;шўэ.59;496;206;206;рту.71;512;77907;2021-09-28 00:37:11.005;2021-09-28 08:37:11.006;18;0;0.00;21.468000;88.909079;139.979043;0.45;-2.01;-6.26;-6;4;-135;0;1;0;86;77;-18804;2511;21468;2982.00;93;NAVI;1;0;0;0;0;0;0;1,63279E+12;3540;3591;3554;3561;3638;3584;6;;;;;;;0;0;0;62;40;-1353;0;0;0;14;627;29.48;1514.82;2;-8;-27;0;;;100;100;12;0;0;0;0;2;1;;;;
88.909635;139.981045;207;207;шўэ.59;496;207;207;рту.71;512;77947;2021-09-28 00:37:11.046;2021-09-28 08:37:11.046;18;0;0.00;21.468000;88.909079;139.979043;0.45;-2.01;-6.26;-6;3;-135;0;1;0;86;77;-18804;2511;21468;2982.00;93;NAVI;1;0;0;0;0;0;0;1,63279E+12;3540;3591;3554;3561;3638;3584;6;;;;;;;0;0;0;62;37;-1353;0;0;0;14;632;29.48;1513.06;2;-8;-27;0;;;100;100;12;0;0;0;0;2;1;;;;
88.909635;139.981045;207;207;шўэ.59;496;207;207;рту.71;512;77950;2021-09-28 00:37:11.048;2021-09-28 08:37:11.048;18;0;0.00;21.468000;88.909079;139.979043;0.45;-2.01;-6.26;-6;3;-135;0;1;0;86;77;-18804;2511;21468;2982.00;93;NAVI;1;0;0;0;0;0;0;1,63279E+12;3540;3591;3554;3561;3638;3584;6;;;;;;;0;0;0;62;37;-1353;0;0;0;14;632;29.48;1513.06;2;-8;-27;0;;;100;100;12;0;0;0;0;2;1;;;;
88.909635;139.981043;208;208;шўэ.67;496;208;208;рту.71;512;78027;28.09.2021 0:37;28.09.2021 8:37;18;0;0.00;21.468000;88.909079;139.979043;0.45;-2.24;-6.26;-6;3;-135;0;1;0;86;77;-18804;2511;21468;2982.00;93;NAVI;1;0;0;0;0;0;0;1,63279E+12;3540;3591;3554;3561;3638;3584;6;;;;;;;0;0;0;62;37;-1353;0;0;0;14;635;29.80;1512.11;2;-10;-27;0;;;100;100;12;0;0;0;0;2;1;;;;
88.909635;139.981042;209;209;шўэ.88;495;209;209;рту.71;512;78137;28.09.2021 0:37;28.09.2021 8:37;18;0;0.00;21.389000;88.909079;139.979043;0.45;-2.24;-6.49;-6;3;-135;0;1;0;86;77;-19327;2482;21389;2984.00;93;NAVI;1;0;0;0;0;0;0;1,63279E+12;3540;3591;3554;3561;3638;3584;6;;;;;;;0;0;0;60;36;-1353;0;0;0;14;639;30.74;1511.11;2;-10;-29;0;;;100;100;12;0;0;0;0;2;1;;;;
88.909635;139.981040;210;210;шўэ.67;495;210;210;рту.71;512;78237;28.09.2021 0:37;28.09.2021 8:37;18;0;0.00;21.389000;88.909079;139.979043;0.45;-2.24;-6.26;-5;3;-135;0;1;0;86;77;-19327;2482;21389;2984.00;93;NAVI;1;0;0;0;0;0;0;1,63279E+12;3540;3591;3554;3561;3638;3584;6;;;;;;;0;0;0;59;34;-1354;0;0;0;14;641;29.80;1510.06;2;-10;-27;0;;;100;100;12;0;0;0;0;2;1;;;;
88.909635;139.981038;211;211;шўэ.67;495;211;211;рту.71;512;78338;28.09.2021 0:37;28.09.2021 8:37;18;0;0.00;21.389000;88.909079;139.979043;0.45;-2.24;-6.26;-5;3;-135;0;1;0;86;77;-19327;2482;21389;2984.00;93;NAVI;1;0;0;0;0;0;0;1,63279E+12;3540;3591;3554;3561;3638;3584;6;;;;;;;0;0;0;55;32;-1354;0;0;0;14;645;29.80;1508.97;2;-10;-27;0;;;100;100;12;0;0;0;0;2;1;;;;
88.909635;139.981037;212;212;шўэ.95;494;212;212;рту.71;512;78439;28.09.2021 0:37;28.09.2021 8:37;18;0;0.00;21.389000;88.909079;139.979043;0.45;-2.46;-6.49;-5;2;-135;0;1;0;86;77;-19327;2482;21389;2984.00;93;NAVI;1;0;0;0;0;0;0;1,63279E+12;3540;3591;3554;3561;3638;3584;6;;;;;;;0;0;0;54;28;-1355;0;0;0;14;648;31.рту;1507.83;2;-11;-29;0;;;100;100;12;0;0;0;0;2;1;;;;
88.909635;139.981035;213;213;шўэ.95;494;213;213;рту.71;512;78537;28.09.2021 0:37;28.09.2021 8:37;18;0;0.00;21.389000;88.909079;139.979043;0.45;-2.46;-6.49;-5;2;-135;0;1;0;86;77;-19327;2482;21389;2984.00;93;NAVI;1;0;0;0;0;0;0;1,63279E+12;3540;3591;3554;3561;3638;3584;6;;;;;;;0;0;0;52;27;-1355;0;0;0;14;650;31.рту;1506.68;2;-11;-29;0;;;100;100;12;0;0;0;0;2;1;;;;
88.909635;139.981033;214;214;шўэ.95;493;214;214;рту.71;512;78648;28.09.2021 0:37;28.09.2021 8:37;18;0;0.00;21.389000;88.909079;139.979043;0.45;-2.46;-6.49;-5;2;-135;0;1;0;86;77;-19327;2482;21389;2984.00;93;NAVI;1;0;0;0;0;0;0;1,63279E+12;3540;3591;3554;3561;3638;3584;6;;;;;;;0;0;0;50;27;-1355;0;0;0;14;654;31.рту;1505.51;2;-11;-29;0;;;100;100;12;0;0;0;0;2;1;;;;
88.909635;139.981031;215;215;шўэ.95;493;215;215;рту.71;512;78927;2021-09-28 00:37:12.025;2021-09-28 08:37:12.026;18;0;0.00;21.389000;88.909079;139.979043;0.45;-2.46;-6.49;-4;2;-135;0;1;0;86;77;-19327;2482;21389;2984.00;93;NAVI;1;0;0;0;0;0;0;1,63279E+12;3540;3591;3554;3561;3638;3584;6;;;;;;;0;0;0;47;25;-1355;0;0;0;14;656;31.рту;1504.32;2;-11;-29;0;;;100;100;12;0;0;0;0;2;1;;;;
88.909635;139.981027;217;217;шўэ.95;492;217;217;рту.71;512;78970;2021-09-28 00:37:12.068;2021-09-28 08:37:12.068;18;0;0.00;21.389000;88.909079;139.979043;0.45;-2.46;-6.49;-4;1;-135;0;1;0;86;77;-19327;2482;21389;2984.00;93;NAVI;1;0;0;0;0;0;0;1,63279E+12;3540;3591;3554;3561;3638;3584;6;;;;;;;0;0;0;44;18;-1355;0;0;0;14;663;31.рту;1501.84;2;-11;-29;0;;;100;100;12;0;0;0;0;2;1;;;;
88.909635;139.981027;217;217;шўэ.95;492;217;217;рту.71;512;78973;2021-09-28 00:37:12.071;2021-09-28 08:37:12.071;18;0;0.00;21.389000;88.909079;139.979043;0.45;-2.46;-6.49;-4;1;-135;0;1;0;86;77;-19327;2482;21389;2984.00;93;NAVI;1;0;0;0;0;0;0;1,63279E+12;3540;3591;3554;3561;3638;3584;6;;;;;;;0;0;0;44;18;-1355;0;0;0;14;663;31.рту;1501.84;2;-11;-29;0;;;100;100;12;0;0;0;0;2;1;;;;
88.909635;139.981025;218;218;шўы.16;492;218;218;рту.71;512;79058;28.09.2021 0:37;28.09.2021 8:37;18;0;0.00;21.389000;88.909079;139.979043;0.45;-2.46;-6.71;-4;1;-135;0;1;0;86;77;-19327;2482;21389;2984.00;93;NAVI;1;0;0;0;0;0;0;1,63279E+12;3540;3591;3554;3561;3638;3584;6;;;;;;;0;0;0;42;17;-1355;0;0;0;14;665;32.02;1500.56;2;-11;-30;0;;;100;100;12;0;0;0;0;2;1;;;;
88.909635;139.981023;219;219;шўэ.95;491;219;219;рту.71;512;79167;28.09.2021 0:37;28.09.2021 8:37;18;0;0.00;21.375999;88.909079;139.979043;0.45;-2.46;-6.49;-4;1;-135;0;1;0;85;77;-19504;2482;21376;2985.00;93;NAVI;1;0;0;0;0;0;0;1,63279E+12;3540;3591;3554;3561;3638;3584;6;;;;;;;0;0;0;42;13;-1354;0;0;0;14;669;31.рту;1499.27;2;-11;-29;0;;;100;100;12;0;0;0;0;2;1;;;;
88.909635;139.981020;220;220;шўы.16;491;220;220;рту.71;512;79257;28.09.2021 0:37;28.09.2021 8:37;18;0;0.00;21.375999;88.909079;139.979043;0.45;-2.46;-6.71;-4;1;-135;0;1;0;85;77;-19504;2482;21376;2985.00;93;NAVI;1;0;0;0;0;0;0;1,63279E+12;3540;3591;3554;3561;3638;3584;6;;;;;;;0;0;0;40;11;-1353;0;0;0;14;671;32.02;1497.94;2;-11;-30;0;;;100;100;12;0;0;0;0;2;1;;;;
88.909635;139.981018;221;221;шўы.16;491;221;221;рту.71;512;79357;28.09.2021 0:37;28.09.2021 8:37;18;0;0.00;21.375999;88.909079;139.979043;0.45;-2.46;-6.71;-3;1;-135;0;1;0;85;77;-19504;2482;21376;2985.00;93;NAVI;1;0;0;0;0;0;0;1,63279E+12;3540;3591;3554;3561;3638;3584;6;;;;;;;0;0;0;37;10;-1351;0;0;0;14;675;32.02;1496.63;2;-11;-30;0;;;100;100;12;0;0;0;0;2;1;;;;
88.909635;139.981016;222;222;шўы.16;490;222;222;рту.71;512;79487;28.09.2021 0:37;28.09.2021 8:37;18;0;0.00;21.375999;88.909079;139.979043;0.45;-2.46;-6.71;-3;1;-135;0;1;0;85;77;-19504;2482;21376;2985.00;93;NAVI;1;0;0;0;0;0;0;1,63279E+12;3540;3591;3554;3561;3638;3584;6;;;;;;;0;0;0;37;10;-1350;0;0;0;14;679;32.02;1495.34;2;-11;-30;0;;;100;100;12;0;0;0;0;2;1;;;;
88.909636;139.981014;223;223;шўэ.95;490;223;223;рту.71;512;79590;28.09.2021 0:37;28.09.2021 8:37;18;0;0.00;21.375999;88.909079;139.979043;0.45;-2.46;-6.49;-4;1;-134;0;1;0;85;77;-19504;2482;21376;2985.00;93;NAVI;1;0;0;0;0;0;0;1,63279E+12;3540;3591;3554;3561;3638;3584;6;;;;;;;0;0;0;47;11;-1349;0;0;0;14;681;31.рту;1494.06;2;-11;-29;0;;;100;100;12;0;0;0;0;2;1;;;;
88.909636;139.981012;224;224;шўэ.95;489;224;224;рту.71;512;79677;28.09.2021 0:37;28.09.2021 8:37;18;0;0.00;21.375999;88.909079;139.979043;0.45;-2.46;-6.49;-5;1;-134;0;1;0;85;77;-19504;2482;21376;2985.00;93;NAVI;1;0;0;0;0;0;0;1,63279E+12;3540;3591;3554;3561;3638;3584;6;;;;;;;0;0;0;55;17;-1348;0;0;0;14;685;31.рту;1492.74;2;-11;-29;0;;;100;100;12;0;0;0;0;2;1;;;;
88.909636;139.981009;225;225;шўэ.54;489;225;225;рту.71;512;79957;2021-09-28 00:37:13.055;2021-09-28 08:37:13.056;18;0;0.00;21.375999;88.909079;139.979043;0.45;-2.68;-6.26;-6;1;-134;0;1;0;85;77;-19504;2482;21376;2985.00;93;NAVI;1;0;0;0;0;0;0;1,63279E+12;3540;3591;3554;3561;3638;3584;6;;;;;;;0;0;0;60;16;-1348;0;0;0;14;686;29.22;1491.40;2;-12;-27;0;;;100;100;12;0;0;0;0;2;1;;;;
88.909637;139.981005;227;227;шўэ.83;488;227;227;рту.71;512;79987;2021-09-28 00:37:13.086;2021-09-28 08:37:13.086;18;0;0.00;21.375999;88.909079;139.979043;0.45;-2.68;-6.26;-5;0;-134;0;1;0;85;77;-19504;2482;21376;2985.00;93;NAVI;1;0;0;0;0;0;0;1,63279E+12;3540;3591;3554;3561;3638;3584;6;;;;;;;0;0;0;55;2;-1348;0;0;0;14;693;30.53;1488.70;2;-12;-27;0;;;100;100;12;0;0;0;0;2;1;;;;
88.909637;139.981005;227;227;шўэ.83;488;227;227;рту.71;512;79990;2021-09-28 00:37:13.088;2021-09-28 08:37:13.089;18;0;0.00;21.375999;88.909079;139.979043;0.45;-2.68;-6.26;-5;0;-134;0;1;0;85;77;-19504;2482;21376;2985.00;93;NAVI;1;0;0;0;0;0;0;1,63279E+12;3540;3591;3554;3561;3638;3584;6;;;;;;;0;0;0;55;2;-1348;0;0;0;14;693;30.53;1488.70;2;-12;-27;0;;;100;100;12;0;0;0;0;2;1;;;;
88.909637;139.981002;228;228;шўэ.83;487;228;228;рту.71;512;80070;28.09.2021 0:37;28.09.2021 8:37;18;0;0.00;21.375999;88.909079;139.979043;0.45;-2.68;-6.26;-5;0;-134;0;1;0;85;77;-19504;2482;21376;2985.00;93;NAVI;1;0;0;0;0;0;0;1,63279E+12;3540;3591;3554;3561;3638;3584;6;;;;;;;0;0;0;50;-2;-1349;0;0;0;14;695;30.53;1487.30;2;-12;-27;0;;;100;100;12;0;0;0;0;2;1;;;;
88.909637;139.981000;229;229;шўэ.83;487;229;229;рту.71;512;80190;28.09.2021 0:37;28.09.2021 8:37;18;0;0.00;21.462000;88.909079;139.979043;0.45;-2.68;-6.26;-4;0;-135;0;1;0;85;77;-19007;2482;21462;2986.00;93;NAVI;1;0;0;0;0;0;0;1,63279E+12;3540;3591;3554;3561;3638;3584;6;;;;;;;0;0;0;47;-8;-1350;0;0;0;14;699;30.53;1485.90;2;-12;-27;0;;;100;100;12;0;0;0;0;2;1;;;;
88.909637;139.980998;230;230;шўэ.83;487;230;230;рту.71;512;80278;28.09.2021 0:37;28.09.2021 8:37;18;0;0.00;21.462000;88.909079;139.979043;0.45;-2.68;-6.26;-4;-1;-135;0;1;0;85;77;-19007;2482;21462;2986.00;93;NAVI;1;0;0;0;0;0;0;1,63279E+12;3540;3591;3554;3561;3638;3584;6;;;;;;;0;0;0;47;-11;-1350;0;0;0;14;701;30.53;1484.55;2;-12;-27;0;;;100;100;12;0;0;0;0;2;1;;;;
88.909637;139.980995;231;231;шўэ.83;486;231;231;рту.71;512;80388;28.09.2021 0:37;28.09.2021 8:37;18;0;0.00;21.462000;88.909079;139.979043;0.45;-2.68;-6.26;-4;-1;-135;0;1;0;85;77;-19007;2482;21462;2986.00;93;NAVI;1;0;0;0;0;0;0;1,63279E+12;3540;3591;3554;3561;3638;3584;6;;;;;;;0;0;0;47;-13;-1350;0;0;0;14;705;30.53;1483.21;2;-12;-27;0;;;100;100;12;0;0;0;0;2;1;;;;
88.909638;139.980993;232;232;шўэ.74;486;232;232;рту.71;512;80497;28.09.2021 0:37;28.09.2021 8:37;18;0;0.00;21.462000;88.909079;139.979043;0.45;-2.46;-6.26;-4;-1;-135;0;1;0;85;77;-19007;2482;21462;2986.00;93;NAVI;1;0;0;0;0;0;0;1,63279E+12;3540;3591;3554;3561;3638;3584;6;;;;;;;0;0;0;47;-13;-1350;0;0;0;14;708;30.15;1481.91;2;-11;-27;0;;;100;100;12;0;0;0;0;2;1;;;;
88.909638;139.980991;233;233;шўэ.54;485;233;233;рту.71;512;80610;28.09.2021 0:37;28.09.2021 8:37;18;0;0.00;21.462000;88.909079;139.979043;0.45;-2.46;-6.04;-4;-1;-135;0;1;0;85;77;-19007;2482;21462;2986.00;93;NAVI;1;0;0;0;0;0;0;1,63279E+12;3540;3591;3554;3561;3638;3584;6;;;;;;;0;0;0;49;-11;-1350;0;0;0;14;710;29.22;1480.64;2;-11;-27;0;;;100;100;12;0;0;0;0;2;1;;;;
88.909638;139.980989;234;234;шўэ.73;485;234;234;рту.71;512;80698;28.09.2021 0:37;28.09.2021 8:37;18;0;0.00;21.462000;88.909079;139.979043;0.22;-2.46;-6.26;-5;-1;-135;0;1;0;85;77;-19007;2482;21462;2986.00;93;NAVI;1;0;0;0;0;0;0;1,63279E+12;3540;3591;3554;3561;3638;3584;6;;;;;;;0;0;0;50;-10;-1351;0;0;0;14;714;30.юъђ;1479.39;1;-11;-27;0;;;100;100;12;0;0;0;0;2;1;;;;
88.909638;139.980987;235;235;шўэ.73;484;235;235;рту.71;512;80987;2021-09-28 00:37:14.086;2021-09-28 08:37:14.086;18;0;0.00;21.462000;88.909079;139.979043;0.22;-2.24;-6.04;-5;-1;-135;0;1;0;85;77;-19007;2482;21462;2986.00;93;NAVI;1;0;0;0;0;0;0;1,63279E+12;3540;3591;3554;3561;3638;3584;6;;;;;;;0;0;0;52;-10;-1351;0;0;0;14;716;30.юъђ;1478.15;1;-10;-27;0;;;100;100;12;0;0;0;0;2;1;;;;
88.909639;139.980982;236;236;шўэ.44;484;236;236;рту.71;512;81040;28.09.2021 0:37;28.09.2021 8:37;18;0;0.00;21.462000;88.909079;139.979043;0.22;-2.24;-6.04;-5;-1;-135;0;1;0;85;77;-19007;2482;21462;2986.00;93;NAVI;1;0;0;0;0;0;0;1,63279E+12;3540;3591;3554;3561;3638;3584;6;;;;;;;0;0;0;55;-11;-1350;0;0;0;14;721;28.81;1475.73;1;-10;-27;0;;;100;100;12;0;0;0;0;2;1;;;;
88.909639;139.980982;236;236;шўэ.44;484;236;236;рту.71;512;81043;28.09.2021 0:37;28.09.2021 8:37;18;0;0.00;21.462000;88.909079;139.979043;0.22;-2.24;-6.04;-5;-1;-135;0;1;0;85;77;-19007;2482;21462;2986.00;93;NAVI;1;0;0;0;0;0;0;1,63279E+12;3540;3591;3554;3561;3638;3584;6;;;;;;;0;0;0;55;-11;-1350;0;0;0;14;721;28.81;1475.73;1;-10;-27;0;;;100;100;12;0;0;0;0;2;1;;;;
88.909639;139.980980;237;237;шўэ.44;483;237;237;рту.71;512;81098;28.09.2021 0:37;28.09.2021 8:37;18;0;0.00;21.462000;88.909079;139.979043;0.22;-2.24;-6.04;-5;-1;-135;0;1;0;85;77;-19007;2482;21462;2986.00;93;NAVI;1;0;0;0;0;0;0;1,63279E+12;3540;3591;3554;3561;3638;3584;6;;;;;;;0;0;0;55;-11;-1350;0;0;0;14;725;28.81;1474.58;1;-10;-27;0;;;100;100;12;0;0;0;0;2;1;;;;
88.909639;139.980978;238;238;шўэ.44;483;238;238;рту.71;512;81207;28.09.2021 0:37;28.09.2021 8:37;18;0;0.00;21.459000;88.909079;139.979043;0.22;-2.24;-6.04;-5;-1;-135;0;1;0;85;77;-18247;2482;21459;2987.00;93;NAVI;1;0;0;0;0;0;0;1,63279E+12;3540;3591;3554;3561;3638;3584;6;;;;;;;0;0;0;55;-13;-1350;0;0;0;14;728;28.81;1473.45;1;-10;-27;0;;;100;100;12;0;0;0;0;2;1;;;;
88.909639;139.980977;239;239;шўэ.65;483;239;239;рту.71;512;81337;28.09.2021 0:37;28.09.2021 8:37;17;0;0.00;21.459000;88.909079;139.979043;0.00;-2.01;-6.04;-5;-1;-135;0;1;0;85;77;-18247;2482;21459;2987.00;93;NAVI;1;0;0;0;0;0;0;1,63279E+12;3540;3591;3554;3561;3638;3584;6;;;;;;;0;0;0;55;-15;-1350;0;0;0;14;730;29.75;1472.34;0;-8;-27;0;;;100;100;12;0;0;0;0;2;1;;;;
88.909639;139.980975;240;240;шўэ.37;482;240;240;рту.71;512;81447;28.09.2021 0:37;28.09.2021 8:37;17;0;0.00;21.459000;88.909079;139.979043;0.00;-2.01;-6.04;-5;-1;-135;0;1;0;85;77;-18247;2482;21459;2987.00;93;NAVI;1;0;0;0;0;0;0;1,63279E+12;3540;3591;3554;3561;3638;3584;6;;;;;;;0;0;0;57;-13;-1350;0;0;0;14;734;28.46;1471.27;0;-8;-27;0;;;100;100;12;0;0;0;0;2;1;;;;
88.909640;139.980973;241;241;шўэ.37;482;241;241;рту.71;512;81500;28.09.2021 0:37;28.09.2021 8:37;18;0;0.00;21.459000;88.909079;139.979043;0.00;-2.01;-6.04;-5;0;-135;0;1;0;85;77;-18247;2482;21459;2987.00;93;NAVI;1;0;0;0;0;0;0;1,63279E+12;3540;3591;3554;3561;3638;3584;6;;;;;;;0;0;0;59;-9;-1350;0;0;0;14;736;28.46;1470.26;0;-8;-27;0;;;100;100;12;0;0;0;0;2;1;;;;
88.909640;139.980971;242;242;шўэ.37;482;242;242;рту.71;512;81531;28.09.2021 0:37;28.09.2021 8:37;18;0;0.00;21.459000;88.909079;139.979043;0.00;-2.01;-6.04;-6;0;-135;0;1;0;85;77;-18247;2482;21459;2987.00;93;NAVI;1;0;0;0;0;0;0;1,63279E+12;3540;3591;3554;3561;3638;3584;6;;;;;;;0;0;0;62;-5;-1350;0;0;0;14;740;28.46;1469.24;0;-8;-27;0;;;100;100;12;0;0;0;0;2;1;;;;
88.909640;139.980969;243;243;шўэ.37;481;243;243;рту.71;512;81698;28.09.2021 0:37;28.09.2021 8:37;18;0;0.00;21.459000;88.909079;139.979043;0.00;-2.01;-6.04;-6;0;-135;0;1;0;85;77;-18247;2482;21459;2987.00;93;NAVI;1;0;0;0;0;0;0;1,63279E+12;3540;3591;3554;3561;3638;3584;6;;;;;;;0;0;0;65;-2;-1350;0;0;0;14;741;28.46;1468.18;0;-8;-27;0;;;100;100;12;0;0;0;0;2;1;;;;
88.909640;139.980968;244;244;шўэ.37;481;244;244;рту.71;512;81738;28.09.2021 0:37;28.09.2021 8:37;18;0;0.00;21.459000;88.909079;139.979043;0.00;-2.01;-6.04;-6;0;-135;0;1;0;85;77;-18247;2482;21459;2987.00;93;NAVI;1;0;0;0;0;0;0;1,63279E+12;3540;3591;3554;3561;3638;3584;6;;;;;;;0;0;0;65;-1;-1350;0;0;0;14;745;28.46;1467.14;0;-8;-27;0;;;100;100;12;0;0;0;0;2;1;;;;
88.909640;139.980966;245;245;шўэ.37;481;245;245;рту.71;512;82008;28.09.2021 0:37;28.09.2021 8:37;16;0;0.00;21.459000;88.909079;139.979043;0.00;-2.01;-6.04;-6;0;-135;0;1;0;85;77;-18247;2482;21459;2987.00;93;NAVI;1;0;0;0;0;0;0;1,63279E+12;3540;3591;3554;3561;3638;3584;6;;;;;;;0;0;0;67;-1;-1350;0;0;0;14;748;28.46;1466.18;0;-8;-27;0;;;100;100;12;0;0;0;0;2;1;;;;
88.909640;139.980963;247;247;шўэ.37;480;247;247;рту.71;512;82112;28.09.2021 0:37;28.09.2021 8:37;16;0;0.00;21.459000;88.909079;139.979043;0.00;-2.01;-6.04;-7;0;-135;0;1;0;85;77;-18247;2482;21459;2988.00;93;NAVI;1;0;0;0;0;0;0;1,63279E+12;3540;3591;3554;3561;3638;3584;6;;;;;;;0;0;0;70;-5;-1351;0;0;0;14;753;28.46;1464.30;0;-8;-27;0;;;100;100;12;0;0;0;0;2;1;;;;
88.909640;139.980961;248;248;шўэ.37;480;248;248;рту.71;512;82148;28.09.2021 0:37;28.09.2021 8:37;16;0;0.00;21.459000;88.909079;139.979043;0.00;-2.01;-6.04;-7;0;-135;0;1;0;85;77;-18247;2482;21459;2988.00;93;NAVI;1;0;0;0;0;0;0;1,63279E+12;3540;3591;3554;3561;3638;3584;6;;;;;;;0;0;0;74;-5;-1353;0;0;0;14;755;28.46;1463.38;0;-8;-27;0;;;100;100;12;0;0;0;0;2;1;;;;
88.909640;139.980961;248;248;шўэ.37;480;248;248;рту.71;512;82151;28.09.2021 0:37;28.09.2021 8:37;16;0;0.00;21.459000;88.909079;139.979043;0.00;-2.01;-6.04;-7;0;-135;0;1;0;85;77;-18247;2482;21459;2988.00;93;NAVI;1;0;0;0;0;0;0;1,63279E+12;3540;3591;3554;3561;3638;3584;6;;;;;;;0;0;0;74;-5;-1353;0;0;0;14;755;28.46;1463.38;0;-8;-27;0;;;100;100;12;0;0;0;0;2;1;;;;
88.909641;139.980960;249;249;шўэ.37;479;249;249;рту.71;512;82248;28.09.2021 0:37;28.09.2021 8:37;16;0;0.00;21.459000;88.909079;139.979043;0.00;-2.01;-6.04;-7;0;-135;0;1;0;85;77;-18247;2482;21459;2988.00;93;NAVI;1;0;0;0;0;0;0;1,63279E+12;3540;3591;3554;3561;3638;3584;6;;;;;;;0;0;0;75;-2;-1353;0;0;0;14;759;28.46;1462.46;0;-8;-27;0;;;100;100;12;0;0;0;0;2;1;;;;
88.909641;139.980958;249;249;шўэ.30;479;249;249;рту.71;512;82337;28.09.2021 0:37;28.09.2021 8:37;17;0;0.00;21.459000;88.909079;139.979043;0.00;-1.79;-6.04;-7;0;-135;0;1;0;85;77;-18247;2482;21459;2988.00;93;NAVI;1;0;0;0;0;0;0;1,63279E+12;3540;3591;3554;3561;3638;3584;6;;;;;;;0;0;0;77;0;-1353;0;0;0;14;761;28.16;1461.56;0;-8;-27;0;;;100;100;12;0;0;0;0;2;1;;;;
88.909641;139.980957;250;250;шўэ.37;479;250;250;рту.71;512;82517;28.09.2021 0:37;28.09.2021 8:37;17;0;0.00;21.459000;88.909079;139.979043;0.00;-2.01;-6.04;-7;0;-135;0;1;0;85;77;-18247;2482;21459;2988.00;93;NAVI;1;0;0;0;0;0;0;1,63279E+12;3540;3591;3554;3561;3638;3584;6;;;;;;;0;0;0;79;4;-1353;0;0;0;14;764;28.46;1460.68;0;-8;-27;0;;;100;100;12;0;0;0;0;2;1;;;;
88.909641;139.980955;251;251;шўэ.58;478;251;251;рту.71;512;82578;28.09.2021 0:37;28.09.2021 8:37;17;0;0.00;21.459000;88.909079;139.979043;0.00;-2.01;-6.26;-8;0;-135;0;1;0;85;77;-18247;2482;21459;2988.00;93;NAVI;1;0;0;0;0;0;0;1,63279E+12;3540;3591;3554;3561;3638;3584;6;;;;;;;0;0;0;80;5;-1353;0;0;0;14;766;29.41;1459.77;0;-8;-27;0;;;100;100;12;0;0;0;0;2;1;;;;
88.909641;139.980954;252;252;шўэ.58;478;252;252;рту.71;512;82648;28.09.2021 0:37;28.09.2021 8:37;17;0;0.00;21.459000;88.909079;139.979043;0.00;-2.01;-6.26;-8;0;-135;0;1;0;85;77;-18247;2482;21459;2988.00;93;NAVI;1;0;0;0;0;0;0;1,63279E+12;3540;3591;3554;3561;3638;3584;6;;;;;;;0;0;0;81;8;-1353;0;0;0;14;770;29.41;1458.81;0;-8;-27;0;;;100;100;12;0;0;0;0;2;1;;;;
88.909641;139.980952;253;253;шўэ.58;478;253;253;рту.71;512;82820;28.09.2021 0:37;28.09.2021 8:37;17;0;0.00;21.459000;88.909079;139.979043;0.00;-2.01;-6.26;-8;1;-135;0;1;0;85;77;-18247;2482;21459;2988.00;93;NAVI;1;0;0;0;0;0;0;1,63279E+12;3540;3591;3554;3561;3638;3584;6;;;;;;;0;0;0;80;10;-1351;0;0;0;14;773;29.41;1457.85;0;-8;-27;0;;;100;100;12;0;0;0;0;2;1;;;;
88.909641;139.980951;254;254;шўэ.58;477;254;254;рту.71;512;83038;28.09.2021 0:37;28.09.2021 8:37;17;0;0.00;21.459000;88.909079;139.979043;0.00;-2.01;-6.26;-7;1;-135;0;1;0;85;77;-18247;2482;21459;2988.00;93;NAVI;1;0;0;0;0;0;0;1,63279E+12;3540;3591;3554;3561;3638;3584;6;;;;;;;0;0;0;79;11;-1350;0;0;0;14;775;29.41;1456.94;0;-8;-27;0;;;100;100;12;0;0;0;0;2;1;;;;
88.909641;139.980948;256;256;шўэ.58;477;256;256;рту.71;512;83138;28.09.2021 0:37;28.09.2021 8:37;17;0;0.00;21.516001;88.909079;139.979043;0.00;-2.01;-6.26;-7;1;-135;0;1;0;85;77;-18267;2482;21516;2988.00;93;NAVI;1;0;0;0;0;0;0;1,63279E+12;3540;3591;3554;3561;3638;3584;6;;;;;;;0;0;0;77;16;-1350;0;0;0;14;780;29.41;1455.05;0;-8;-27;0;;;100;100;12;0;0;0;0;2;1;;;;
88.909640;139.980946;257;257;шўэ.58;477;257;257;рту.71;512;83179;28.09.2021 0:37;28.09.2021 8:37;17;0;0.00;21.516001;88.909079;139.979043;0.00;-2.01;-6.26;-8;2;-135;0;1;0;85;77;-18267;2482;21516;2988.00;93;NAVI;1;0;0;0;0;0;0;1,63279E+12;3540;3591;3554;3561;3638;3584;6;;;;;;;0;0;0;80;21;-1350;0;0;0;14;784;29.41;1454.10;0;-8;-27;0;;;100;100;12;0;0;0;0;2;1;;;;
88.909640;139.980946;257;257;шўэ.58;477;257;257;рту.71;512;83181;28.09.2021 0:37;28.09.2021 8:37;17;0;0.00;21.516001;88.909079;139.979043;0.00;-2.01;-6.26;-8;2;-135;0;1;0;85;77;-18267;2482;21516;2988.00;93;NAVI;1;0;0;0;0;0;0;1,63279E+12;3540;3591;3554;3561;3638;3584;6;;;;;;;0;0;0;80;21;-1350;0;0;0;14;784;29.41;1454.10;0;-8;-27;0;;;100;100;12;0;0;0;0;2;1;;;;
88.909640;139.980945;258;258;шўэ.86;476;258;258;рту.71;512;83260;28.09.2021 0:37;28.09.2021 8:37;17;0;0.00;21.516001;88.909079;139.979043;0.00;-2.24;-6.49;-8;3;-135;0;1;0;85;77;-18267;2482;21516;2988.00;93;NAVI;1;0;0;0;0;0;0;1,63279E+12;3540;3591;3554;3561;3638;3584;6;;;;;;;0;0;0;88;30;-1350;0;0;0;14;786;30.68;1453.18;0;-10;-29;0;;;100;100;12;0;0;0;0;2;1;;;;
88.909640;139.980943;259;259;шўэ.65;476;259;259;рту.71;512;83410;28.09.2021 0:37;28.09.2021 8:37;18;0;0.00;21.516001;88.909079;139.979043;0.00;-2.24;-6.26;-9;3;-135;0;1;0;85;77;-18267;2482;21516;2988.00;93;NAVI;1;0;0;0;0;0;0;1,63279E+12;3540;3591;3554;3561;3638;3584;6;;;;;;;0;0;0;96;37;-1351;0;0;0;14;790;29.73;1452.22;0;-10;-27;0;;;100;100;12;0;0;0;0;2;1;;;;
88.909640;139.980942;260;260;шўэ.73;476;260;260;рту.71;512;83468;28.09.2021 0:37;28.09.2021 8:37;18;0;0.00;21.516001;88.909079;139.979043;0.00;-2.46;-6.26;-10;4;-135;0;1;0;85;77;-18267;2482;21516;2988.00;93;NAVI;1;0;0;0;0;0;0;1,63279E+12;3540;3591;3554;3561;3638;3584;6;;;;;;;0;0;0;100;40;-1351;0;0;0;14;793;30.рту;1451.18;0;-11;-27;0;;;100;100;12;0;0;0;0;2;1;;;;
88.909640;139.980940;261;261;шўэ.52;475;261;261;рту.71;512;83572;28.09.2021 0:37;28.09.2021 8:37;17;0;0.00;21.516001;88.909079;139.979043;0.00;-2.46;-6.04;-9;4;-135;0;1;0;85;77;-18267;2482;21516;2988.00;93;NAVI;1;0;0;0;0;0;0;1,63279E+12;3540;3591;3554;3561;3638;3584;6;;;;;;;0;0;0;98;40;-1351;0;0;0;14;795;29.15;1450.10;0;-11;-27;0;;;100;100;12;0;0;0;0;2;1;;;;
88.909640;139.980939;261;261;шўэ.61;475;261;261;рту.71;512;83688;28.09.2021 0:37;28.09.2021 8:37;17;0;0.00;21.516001;88.909079;139.979043;0.00;-2.68;-6.04;-9;3;-135;0;1;0;85;77;-18267;2482;21516;2988.00;93;NAVI;1;0;0;0;0;0;0;1,63279E+12;3540;3591;3554;3561;3638;3584;6;;;;;;;0;0;0;91;37;-1351;0;0;0;14;798;29.55;1448.97;0;-12;-27;0;;;100;100;12;0;0;0;0;2;1;;;;
88.909640;139.980937;262;262;шўэ.61;474;262;262;рту.71;512;83790;28.09.2021 0:37;28.09.2021 8:37;18;0;0.00;21.516001;88.909079;139.979043;0.00;-2.68;-6.04;-8;3;-135;0;1;0;85;77;-18267;2482;21516;2988.00;93;NAVI;1;0;0;0;0;0;0;1,63279E+12;3540;3591;3554;3561;3638;3584;6;;;;;;;0;0;0;84;32;-1353;0;0;0;14;800;29.55;1447.80;0;-12;-27;0;;;100;100;12;0;0;0;0;2;1;;;;
88.909640;139.980935;263;263;шўэ.81;474;263;263;рту.71;512;84128;28.09.2021 0:37;28.09.2021 8:37;18;0;0.00;21.516001;88.909079;139.979043;0.00;-2.91;-6.26;-7;3;-135;0;1;0;85;77;-18267;2482;21516;2988.00;93;NAVI;1;0;0;0;0;0;0;1,63279E+12;3540;3591;3554;3561;3638;3584;6;;;;;;;0;0;0;79;32;-1353;0;0;0;14;804;30.46;1446.61;0;-12;-27;0;;;100;100;12;0;0;0;0;2;1;;;;
88.909639;139.980931;265;265;шўэ.91;473;265;265;рту.71;512;84177;28.09.2021 0:37;28.09.2021 8:37;18;0;0.00;21.434999;88.909079;139.979043;0.00;-2.91;-6.04;-7;3;-135;0;1;0;84;77;-19016;2452;21435;2989.00;93;NAVI;1;0;0;0;0;0;0;1,63279E+12;3540;3591;3554;3561;3638;3584;6;;;;;;;0;0;0;79;31;-1355;0;0;0;14;810;30.87;1444.20;0;-12;-27;0;;;100;100;12;0;0;0;0;2;1;;;;
88.909639;139.980930;266;266;шўэ.70;473;266;266;рту.71;512;84227;28.09.2021 0:37;28.09.2021 8:37;18;0;0.00;21.434999;88.909079;139.979043;0.00;-2.91;-6.04;-8;3;-135;0;1;0;84;77;-19016;2452;21435;2989.00;93;NAVI;1;0;0;0;0;0;0;1,63279E+12;3540;3591;3554;3561;3638;3584;6;;;;;;;0;0;0;80;32;-1355;0;0;0;14;811;29.97;1442.97;0;-12;-27;0;;;100;100;12;0;0;0;0;2;1;;;;
88.909639;139.980930;266;266;шўэ.70;473;266;266;рту.71;512;84229;28.09.2021 0:37;28.09.2021 8:37;18;0;0.00;21.434999;88.909079;139.979043;0.00;-2.91;-6.04;-8;3;-135;0;1;0;84;77;-19016;2452;21435;2989.00;93;NAVI;1;0;0;0;0;0;0;1,63279E+12;3540;3591;3554;3561;3638;3584;6;;;;;;;0;0;0;80;32;-1355;0;0;0;14;811;29.97;1442.97;0;-12;-27;0;;;100;100;12;0;0;0;0;2;1;;;;
88.909639;139.980928;267;267;шўэ.70;473;267;267;рту.71;512;84297;28.09.2021 0:37;28.09.2021 8:37;18;0;0.00;21.434999;88.909079;139.979043;0.00;-2.91;-6.04;-8;3;-135;0;1;0;84;77;-19016;2452;21435;2989.00;93;NAVI;1;0;0;0;0;0;0;1,63279E+12;3540;3591;3554;3561;3638;3584;6;;;;;;;0;0;0;80;34;-1355;0;0;0;14;815;29.97;1441.74;0;-12;-27;0;;;100;100;12;0;0;0;0;2;1;;;;
88.909639;139.980926;268;268;шўэ.91;472;268;268;рту.71;512;84439;28.09.2021 0:37;28.09.2021 8:37;18;0;0.00;21.434999;88.909079;139.979043;0.00;-2.91;-6.26;-8;3;-135;0;1;0;84;77;-19016;2452;21435;2989.00;93;NAVI;1;0;0;0;0;0;0;1,63279E+12;3540;3591;3554;3561;3638;3584;6;;;;;;;0;0;0;80;36;-1355;0;0;0;14;818;30.87;1440.47;0;-12;-27;0;;;100;100;12;0;0;0;0;2;1;;;;
88.909639;139.980924;269;269;шўэ.91;472;269;269;рту.71;512;84488;28.09.2021 0:37;28.09.2021 8:37;18;0;0.00;21.434999;88.909079;139.979043;0.00;-2.91;-6.26;-7;3;-135;0;1;0;84;77;-19016;2452;21435;2989.00;93;NAVI;1;0;0;0;0;0;0;1,63279E+12;3540;3591;3554;3561;3638;3584;6;;;;;;;0;0;0;79;37;-1355;0;0;0;14;820;30.87;1439.16;0;-12;-27;0;;;100;100;12;0;0;0;0;2;1;;;;
88.909638;139.980922;270;270;шўэ.91;471;270;270;рту.71;512;84597;28.09.2021 0:37;28.09.2021 8:37;18;0;0.00;21.434999;88.909079;139.979043;0.00;-2.91;-6.26;-7;3;-135;0;1;0;84;77;-19016;2452;21435;2989.00;93;NAVI;1;0;0;0;0;0;0;1,63279E+12;3540;3591;3554;3561;3638;3584;6;;;;;;;0;0;0;75;39;-1355;0;0;0;14;824;30.87;1437.84;0;-12;-27;0;;;100;100;12;0;0;0;0;2;1;;;;
88.909638;139.980920;270;270;7.00;471;270;270;рту.71;512;84697;28.09.2021 0:37;28.09.2021 8:37;18;0;0.00;21.434999;88.909079;139.979043;0.00;-3.13;-6.26;-7;3;-135;0;1;0;84;77;-19016;2452;21435;2989.00;93;NAVI;1;0;0;0;0;0;0;1,63279E+12;3540;3591;3554;3561;3638;3584;6;;;;;;;0;0;0;75;39;-1355;0;0;0;14;825;31.30;1436.53;0;-13;-27;0;;;100;100;12;0;0;0;0;2;1;;;;
88.909638;139.980918;271;271;шўэ.80;470;271;271;рту.71;512;84969;2021-09-28 00:37:18.068;2021-09-28 08:37:18.068;18;0;0.00;21.434999;88.909079;139.979043;0.00;-3.13;-6.04;-7;3;-135;0;1;0;84;77;-19016;2452;21435;2989.00;93;NAVI;1;0;0;0;0;0;0;1,63279E+12;3540;3591;3554;3561;3638;3584;6;;;;;;;0;0;0;75;37;-1355;0;0;0;14;829;30.41;1435.20;0;-13;-27;0;;;100;100;12;0;0;0;0;2;1;;;;
88.909638;139.980916;272;272;7.00;470;272;272;рту.71;512;85204;28.09.2021 0:37;28.09.2021 8:37;17;0;0.00;21.478001;88.909079;139.979043;0.00;-3.13;-6.26;-7;3;-135;0;1;0;84;77;-18637;2452;21478;2990.00;93;NAVI;1;0;0;0;0;0;0;1,63279E+12;3540;3591;3554;3561;3638;3584;6;;;;;;;0;0;0;75;36;-1355;0;0;0;14;831;31.30;1433.86;0;-13;-27;0;;;100;100;12;0;0;0;0;2;1;;;;
88.909638;139.980909;275;275;7.00;469;275;275;рту.71;512;85337;28.09.2021 0:37;28.09.2021 8:37;17;0;0.00;21.478001;88.909079;139.979043;0.00;-3.13;-6.04;-7;3;-135;0;1;0;84;77;-18637;2452;21478;2990.00;93;NAVI;1;0;0;0;0;0;0;1,63279E+12;3540;3591;3554;3561;3638;3584;6;;;;;;;0;0;0;72;32;-1354;0;0;0;14;840;31.30;1429.66;0;-13;-27;0;;;100;100;12;0;0;0;0;2;1;;;;
88.909637;139.980907;276;276;шўэ.80;468;276;276;рту.71;512;85517;28.09.2021 0:37;28.09.2021 8:37;17;0;0.00;21.478001;88.909079;139.979043;0.00;-3.13;-6.26;-7;3;-135;0;1;0;84;77;-18637;2452;21478;2990.00;93;NAVI;1;0;0;0;0;0;0;1,63279E+12;3540;3591;3554;3561;3638;3584;6;;;;;;;0;0;0;70;32;-1354;0;0;0;14;843;30.41;1428.27;0;-13;-27;0;;;100;100;12;0;0;0;0;2;1;;;;
88.909637;139.980901;279;279;7.00;467;279;279;рту.71;512;85590;28.09.2021 0:37;28.09.2021 8:37;17;0;0.00;21.478001;88.909079;139.979043;0.00;-3.36;-6.04;-7;3;-135;0;1;0;84;77;-18637;2452;21478;2990.00;93;NAVI;1;0;0;0;0;0;0;1,63279E+12;3540;3591;3554;3561;3638;3584;6;;;;;;;0;0;0;70;32;-1353;0;0;0;14;851;31.30;1424.03;0;-15;-27;0;;;100;100;12;0;0;0;0;2;1;;;;
88.909637;139.980898;280;280;шўэ.91;466;280;280;рту.71;512;85758;28.09.2021 0:37;28.09.2021 8:37;18;0;0.00;21.478001;88.909079;139.979043;0.00;-3.36;-6.26;-7;3;-135;0;1;0;84;77;-18637;2452;21478;2990.00;93;NAVI;1;0;0;0;0;0;0;1,63279E+12;3540;3591;3554;3561;3638;3584;6;;;;;;;0;0;0;70;32;-1351;0;0;0;14;854;30.89;1422.62;0;-15;-27;0;;;100;100;12;0;0;0;0;2;1;;;;
88.909637;139.980896;281;281;07.эюџ;466;281;281;рту.71;512;85830;28.09.2021 0:37;28.09.2021 8:37;18;0;0.00;21.478001;88.909079;139.979043;0.00;-3.36;-6.26;-7;3;-135;0;1;0;84;77;-18637;2452;21478;2990.00;93;NAVI;1;0;0;0;0;0;0;1,63279E+12;3540;3591;3554;3561;3638;3584;6;;;;;;;0;0;0;70;31;-1351;0;0;0;14;856;31.76;1421.20;0;-15;-27;0;;;100;100;12;0;0;0;0;2;1;;;;
88.909637;139.980894;282;282;07.эюџ;465;282;282;рту.71;512;85868;28.09.2021 0:37;28.09.2021 8:37;18;0;0.00;21.478001;88.909079;139.979043;0.00;-3.36;-6.26;-6;3;-135;0;1;0;84;77;-18637;2452;21478;2990.00;93;NAVI;1;0;0;0;0;0;0;1,63279E+12;3540;3591;3554;3561;3638;3584;6;;;;;;;0;0;0;69;30;-1351;0;0;0;14;860;31.76;1419.76;0;-15;-27;0;;;100;100;12;0;0;0;0;2;1;;;;
88.909637;139.980894;282;282;07.эюџ;465;282;282;рту.71;512;85871;28.09.2021 0:37;28.09.2021 8:37;18;0;0.00;21.478001;88.909079;139.979043;0.00;-3.36;-6.26;-6;3;-135;0;1;0;84;77;-18637;2452;21478;2990.00;93;NAVI;1;0;0;0;0;0;0;1,63279E+12;3540;3591;3554;3561;3638;3584;6;;;;;;;0;0;0;69;30;-1351;0;0;0;14;860;31.76;1419.76;0;-15;-27;0;;;100;100;12;0;0;0;0;2;1;;;;
88.909637;139.980894;282;282;07.эюџ;465;282;282;рту.71;512;85874;28.09.2021 0:37;28.09.2021 8:37;18;0;0.00;21.478001;88.909079;139.979043;0.00;-3.36;-6.26;-6;3;-135;0;1;0;84;77;-18637;2452;21478;2990.00;93;NAVI;1;0;0;0;0;0;0;1,63279E+12;3540;3591;3554;3561;3638;3584;6;;;;;;;0;0;0;69;30;-1351;0;0;0;14;860;31.76;1419.76;0;-15;-27;0;;;100;100;12;0;0;0;0;2;1;;;;
88.909637;139.980894;282;282;07.эюџ;465;282;282;рту.71;512;85876;28.09.2021 0:37;28.09.2021 8:37;18;0;0.00;21.478001;88.909079;139.979043;0.00;-3.36;-6.26;-6;3;-135;0;1;0;84;77;-18637;2452;21478;2990.00;93;NAVI;1;0;0;0;0;0;0;1,63279E+12;3540;3591;3554;3561;3638;3584;6;;;;;;;0;0;0;69;30;-1351;0;0;0;14;860;31.76;1419.76;0;-15;-27;0;;;100;100;12;0;0;0;0;2;1;;;;
88.909637;139.980894;282;282;07.эюџ;465;282;282;рту.71;512;85885;28.09.2021 0:37;28.09.2021 8:37;18;0;0.00;21.478001;88.909079;139.979043;0.00;-3.36;-6.26;-6;3;-135;0;1;0;84;77;-18637;2452;21478;2990.00;93;NAVI;1;0;0;0;0;0;0;1,63279E+12;3540;3591;3554;3561;3638;3584;6;;;;;;;0;0;0;69;30;-1351;0;0;0;14;860;31.76;1419.76;0;-15;-27;0;;;100;100;12;0;0;0;0;2;1;;;;
88.909637;139.980892;283;283;07.эюџ;465;283;283;рту.71;512;86028;28.09.2021 0:37;28.09.2021 8:37;18;0;0.00;21.478001;88.909079;139.979043;0.00;-3.36;-6.26;-6;3;-135;0;1;0;84;77;-18637;2452;21478;2990.00;93;NAVI;1;0;0;0;0;0;0;1,63279E+12;3540;3591;3554;3561;3638;3584;6;;;;;;;0;0;0;68;30;-1353;0;0;0;14;863;31.76;1418.32;0;-15;-27;0;;;100;100;12;0;0;0;0;2;1;;;;
88.909637;139.980889;284;284;07.эюџ;464;284;284;рту.71;512;86310;28.09.2021 0:37;28.09.2021 8:37;18;0;0.00;21.469999;88.909079;139.979043;0.22;-3.36;-6.26;-6;3;-135;0;1;0;84;77;-18620;2452;21470;2991.00;93;NAVI;1;0;0;0;0;0;0;1,63279E+12;3540;3591;3554;3561;3638;3584;6;;;;;;;0;0;0;67;30;-1353;0;0;0;14;865;31.76;1416.92;1;-15;-27;0;;;100;100;12;0;0;0;0;2;1;;;;
88.909637;139.980883;286;286;07.эюџ;463;286;286;рту.71;512;86430;28.09.2021 0:37;28.09.2021 8:37;18;0;0.00;21.469999;88.909079;139.979043;0.22;-3.36;-6.26;-7;2;-135;0;1;0;84;77;-18620;2452;21470;2991.00;93;NAVI;1;0;0;0;0;0;0;1,63279E+12;3540;3591;3554;3561;3638;3584;6;;;;;;;0;0;0;70;23;-1353;0;0;0;14;874;31.78;1412.62;1;-15;-27;0;;;100;100;12;0;0;0;0;2;1;;;;
88.909637;139.980880;287;287;07.эюџ;462;287;287;рту.71;512;86618;28.09.2021 0:37;28.09.2021 8:37;18;0;0.00;21.469999;88.909079;139.979043;0.22;-3.13;-6.26;-7;2;-135;0;1;0;84;77;-18620;2452;21470;2991.00;93;NAVI;1;0;0;0;0;0;0;1,63279E+12;3540;3591;3554;3561;3638;3584;6;;;;;;;0;0;0;70;22;-1353;0;0;0;14;876;31.78;1411.24;1;-13;-27;0;;;100;100;12;0;0;0;0;2;1;;;;
88.909637;139.980876;289;289;07.џэт;462;289;289;рту.71;512;86697;28.09.2021 0:37;28.09.2021 8:37;18;0;0.00;21.469999;88.909079;139.979043;0.22;-3.13;-6.26;-7;2;-135;0;1;0;84;77;-18620;2452;21470;2991.00;93;NAVI;1;0;0;0;0;0;0;1,63279E+12;3540;3591;3554;3561;3638;3584;6;;;;;;;0;0;0;70;22;-1353;0;0;0;14;881;31.32;1408.42;1;-13;-27;0;;;100;100;12;0;0;0;0;2;1;;;;
88.909637;139.980876;289;289;07.џэт;462;289;289;рту.71;512;86700;28.09.2021 0:37;28.09.2021 8:37;18;0;0.00;21.469999;88.909079;139.979043;0.22;-3.13;-6.26;-7;2;-135;0;1;0;84;77;-18620;2452;21470;2991.00;93;NAVI;1;0;0;0;0;0;0;1,63279E+12;3540;3591;3554;3561;3638;3584;6;;;;;;;0;0;0;70;22;-1353;0;0;0;14;881;31.32;1408.42;1;-13;-27;0;;;100;100;12;0;0;0;0;2;1;;;;
88.909637;139.980876;289;289;07.џэт;462;289;289;рту.71;512;86702;28.09.2021 0:37;28.09.2021 8:37;18;0;0.00;21.469999;88.909079;139.979043;0.22;-3.13;-6.26;-7;2;-135;0;1;0;84;77;-18620;2452;21470;2991.00;93;NAVI;1;0;0;0;0;0;0;1,63279E+12;3540;3591;3554;3561;3638;3584;6;;;;;;;0;0;0;70;22;-1353;0;0;0;14;881;31.32;1408.42;1;-13;-27;0;;;100;100;12;0;0;0;0;2;1;;;;
88.909637;139.980873;290;290;07.эюџ;461;290;290;рту.71;512;86768;28.09.2021 0:37;28.09.2021 8:37;18;0;0.00;21.469999;88.909079;139.979043;0.22;-3.36;-6.26;-7;2;-135;0;1;0;84;77;-18620;2452;21470;2991.00;93;NAVI;1;0;0;0;0;0;0;1,63279E+12;3540;3591;3554;3561;3638;3584;6;;;;;;;0;0;0;72;25;-1353;0;0;0;14;885;31.78;1407.02;1;-15;-27;0;;;100;100;12;0;0;0;0;2;1;;;;
88.909637;139.980873;290;290;07.эюџ;461;290;290;рту.71;512;86770;28.09.2021 0:37;28.09.2021 8:37;18;0;0.00;21.469999;88.909079;139.979043;0.22;-3.36;-6.26;-7;2;-135;0;1;0;84;77;-18620;2452;21470;2991.00;93;NAVI;1;0;0;0;0;0;0;1,63279E+12;3540;3591;3554;3561;3638;3584;6;;;;;;;0;0;0;72;25;-1353;0;0;0;14;885;31.78;1407.02;1;-15;-27;0;;;100;100;12;0;0;0;0;2;1;;;;
88.909637;139.980871;291;291;07.эюџ;461;291;291;рту.71;512;86916;2021-09-28 00:37:20.014;2021-09-28 08:37:20.014;18;0;0.00;21.469999;88.909079;139.979043;0.22;-3.36;-6.26;-8;3;-135;0;1;0;84;77;-18620;2452;21470;2991.00;93;NAVI;1;0;0;0;0;0;0;1,63279E+12;3540;3591;3554;3561;3638;3584;6;;;;;;;0;0;0;80;32;-1353;0;0;0;14;888;31.78;1405.64;1;-15;-27;0;;;100;100;12;0;0;0;0;2;1;;;;
88.909637;139.980869;292;292;07.эюџ;460;292;292;рту.71;512;86980;2021-09-28 00:37:20.078;2021-09-28 08:37:20.079;18;0;0.00;21.469999;88.909079;139.979043;0.22;-3.36;-6.26;-9;3;-135;0;1;0;84;77;-18620;2452;21470;2991.00;93;NAVI;1;0;0;0;0;0;0;1,63279E+12;3540;3591;3554;3561;3638;3584;6;;;;;;;0;0;0;90;37;-1353;0;0;0;14;890;31.78;1404.23;1;-15;-27;0;;;100;100;12;0;0;0;0;2;1;;;;
88.909637;139.980866;292;292;шўэ.91;460;292;292;рту.71;512;87736;28.09.2021 0:37;28.09.2021 8:37;18;0;0.00;21.452999;88.909079;139.979043;0.22;-3.58;-6.04;-9;3;-135;0;1;0;84;77;-18777;2452;21453;2993.00;93;NAVI;1;0;0;0;0;0;0;1,63279E+12;3540;3591;3554;3561;3638;3584;6;;;;;;;0;0;0;95;37;-1353;0;0;0;14;893;30.90;1402.75;1;-16;-27;0;;;100;100;12;0;0;0;0;2;1;;;;
88.909638;139.980851;298;298;07.єхт;457;298;298;рту.71;512;87817;28.09.2021 0:37;28.09.2021 8:37;17;0;0.00;21.452999;88.909079;139.979043;0.22;-3.58;-6.04;-8;1;-135;0;1;0;84;77;-18777;2452;21453;2993.00;93;NAVI;1;0;0;0;0;0;0;1,63279E+12;3540;3591;3554;3561;3638;3584;6;;;;;;;0;0;0;80;13;-1351;0;0;0;14;910;31.40;1393.78;1;-16;-27;0;;;100;100;12;0;0;0;0;2;1;;;;
88.909638;139.980849;299;299;07.єхт;456;299;299;рту.71;512;87859;28.09.2021 0:37;28.09.2021 8:37;17;0;0.00;21.452999;88.909079;139.979043;0.22;-3.58;-6.04;-8;1;-135;0;1;0;84;77;-18777;2452;21453;2993.00;93;NAVI;1;0;0;0;0;0;0;1,63279E+12;3540;3591;3554;3561;3638;3584;6;;;;;;;0;0;0;80;13;-1351;0;0;0;14;913;31.40;1392.27;1;-16;-27;0;;;100;100;12;0;0;0;0;2;1;;;;
88.909638;139.980846;300;300;07.єхт;456;300;300;рту.71;512;87907;2021-09-28 00:37:21.005;2021-09-28 08:37:21.006;17;0;0.00;21.452999;88.909079;139.979043;0.22;-3.58;-6.04;-8;1;-135;0;1;0;84;77;-18777;2452;21453;2993.00;93;NAVI;1;0;0;0;0;0;0;1,63279E+12;3539;3598;3562;3558;3615;3572;6;;;;;;;0;0;0;80;16;-1351;0;0;0;14;915;31.40;1390.75;1;-16;-27;0;;;100;100;12;0;0;0;0;2;1;;;;
88.909638;139.980846;300;300;07.єхт;456;300;300;рту.71;512;87910;2021-09-28 00:37:21.008;2021-09-28 08:37:21.008;17;0;0.00;21.452999;88.909079;139.979043;0.22;-3.58;-6.04;-8;1;-135;0;1;0;84;77;-18777;2452;21453;2993.00;93;NAVI;1;0;0;0;0;0;0;1,63279E+12;3539;3598;3562;3558;3615;3572;6;;;;;;;0;0;0;80;16;-1351;0;0;0;14;915;31.40;1390.75;1;-16;-27;0;;;100;100;12;0;0;0;0;2;1;;;;
88.909638;139.980846;300;300;07.єхт;456;300;300;рту.71;512;87912;2021-09-28 00:37:21.010;2021-09-28 08:37:21.010;17;0;0.00;21.452999;88.909079;139.979043;0.22;-3.58;-6.04;-8;1;-135;0;1;0;84;77;-18777;2452;21453;2993.00;93;NAVI;1;0;0;0;0;0;0;1,63279E+12;3539;3598;3562;3558;3615;3572;6;;;;;;;0;0;0;80;16;-1351;0;0;0;14;915;31.40;1390.75;1;-16;-27;0;;;100;100;12;0;0;0;0;2;1;;;;
88.909638;139.980846;300;300;07.єхт;456;300;300;рту.71;512;87914;2021-09-28 00:37:21.013;2021-09-28 08:37:21.013;17;0;0.00;21.452999;88.909079;139.979043;0.22;-3.58;-6.04;-8;1;-135;0;1;0;84;77;-18777;2452;21453;2993.00;93;NAVI;1;0;0;0;0;0;0;1,63279E+12;3539;3598;3562;3558;3615;3572;6;;;;;;;0;0;0;80;16;-1351;0;0;0;14;915;31.40;1390.75;1;-16;-27;0;;;100;100;12;0;0;0;0;2;1;;;;
88.909638;139.980846;300;300;07.єхт;456;300;300;рту.71;512;87917;2021-09-28 00:37:21.015;2021-09-28 08:37:21.015;17;0;0.00;21.452999;88.909079;139.979043;0.22;-3.58;-6.04;-8;1;-135;0;1;0;84;77;-18777;2452;21453;2993.00;93;NAVI;1;0;0;0;0;0;0;1,63279E+12;3539;3598;3562;3558;3615;3572;6;;;;;;;0;0;0;80;16;-1351;0;0;0;14;915;31.40;1390.75;1;-16;-27;0;;;100;100;12;0;0;0;0;2;1;;;;
88.909638;139.980846;300;300;07.єхт;456;300;300;рту.71;512;87920;2021-09-28 00:37:21.019;2021-09-28 08:37:21.019;17;0;0.00;21.452999;88.909079;139.979043;0.22;-3.58;-6.04;-8;1;-135;0;1;0;84;77;-18777;2452;21453;2993.00;93;NAVI;1;0;0;0;0;0;0;1,63279E+12;3539;3598;3562;3558;3615;3572;6;;;;;;;0;0;0;80;16;-1351;0;0;0;14;915;31.40;1390.75;1;-16;-27;0;;;100;100;12;0;0;0;0;2;1;;;;
88.909638;139.980844;301;301;07.єхт;455;301;301;рту.71;512;87977;2021-09-28 00:37:21.075;2021-09-28 08:37:21.076;17;0;0.00;21.452999;88.909079;139.979043;0.22;-3.58;-6.04;-8;1;-135;0;1;0;84;77;-18777;2452;21453;2993.00;93;NAVI;1;0;0;0;0;0;0;1,63279E+12;3539;3598;3562;3558;3615;3572;6;;;;;;;0;0;0;80;17;-1351;0;0;0;14;918;31.40;1389.23;1;-16;-27;0;;;100;100;12;0;0;0;0;2;1;;;;
88.909638;139.980841;302;302;07.єхт;455;302;302;рту.71;512;88307;28.09.2021 0:37;28.09.2021 8:37;17;0;0.00;21.443001;88.909079;139.979043;0.00;-3.58;-6.04;-8;1;-135;0;1;0;84;77;-18869;2452;21443;2994.00;93;NAVI;1;0;0;0;0;0;0;1,63279E+12;3539;3598;3562;3558;3615;3572;6;;;;;;;0;0;0;80;18;-1351;0;0;0;14;920;31.38;1387.73;0;-16;-27;0;;;100;100;12;0;0;0;0;2;1;;;;
88.909638;139.980837;303;303;07.єхт;454;303;303;рту.71;512;88377;28.09.2021 0:37;28.09.2021 8:37;18;0;0.00;21.443001;88.909079;139.979043;0.00;-3.58;-6.04;-7;2;-135;0;1;0;84;77;-18869;2452;21443;2994.00;93;NAVI;1;0;0;0;0;0;0;1,63279E+12;3539;3598;3562;3558;3615;3572;6;;;;;;;0;0;0;78;20;-1351;0;0;0;14;925;31.38;1384.72;0;-16;-27;0;;;100;100;12;0;0;0;0;2;1;;;;
88.909638;139.980834;304;304;07.єхт;453;304;304;рту.71;512;88440;28.09.2021 0:37;28.09.2021 8:37;18;0;0.00;21.443001;88.909079;139.979043;0.00;-3.58;-6.04;-7;2;-135;0;1;0;84;77;-18869;2452;21443;2994.00;93;NAVI;1;0;0;0;0;0;0;1,63279E+12;3539;3598;3562;3558;3615;3572;6;;;;;;;0;0;0;77;21;-1351;0;0;0;14;929;31.38;1383.22;0;-16;-27;0;;;100;100;12;0;0;0;0;2;1;;;;
88.909638;139.980834;304;304;07.єхт;453;304;304;рту.71;512;88443;28.09.2021 0:37;28.09.2021 8:37;18;0;0.00;21.443001;88.909079;139.979043;0.00;-3.58;-6.04;-7;2;-135;0;1;0;84;77;-18869;2452;21443;2994.00;93;NAVI;1;0;0;0;0;0;0;1,63279E+12;3539;3598;3562;3558;3615;3572;6;;;;;;;0;0;0;77;21;-1351;0;0;0;14;929;31.38;1383.22;0;-16;-27;0;;;100;100;12;0;0;0;0;2;1;;;;
88.909638;139.980832;305;305;07.єхт;453;305;305;рту.71;512;88598;28.09.2021 0:37;28.09.2021 8:37;17;0;0.00;21.443001;88.909079;139.979043;0.00;-3.58;-6.04;-7;2;-135;0;1;0;84;77;-18869;2452;21443;2994.00;93;NAVI;1;0;0;0;0;0;0;1,63279E+12;3539;3598;3562;3558;3615;3572;6;;;;;;;0;0;0;77;21;-1351;0;0;0;14;931;31.38;1381.73;0;-16;-27;0;;;100;100;12;0;0;0;0;2;1;;;;
88.909638;139.980829;306;306;07.єхт;452;306;306;рту.71;512;88701;28.09.2021 0:37;28.09.2021 8:37;17;0;0.00;21.443001;88.909079;139.979043;0.00;-3.58;-6.04;-7;2;-135;0;1;0;84;77;-18869;2452;21443;2994.00;93;NAVI;1;0;0;0;0;0;0;1,63279E+12;3539;3598;3562;3558;3615;3572;6;;;;;;;0;0;0;75;20;-1351;0;0;0;14;934;31.38;1380.24;0;-16;-27;0;;;100;100;12;0;0;0;0;2;1;;;;
88.909638;139.980827;307;307;07.єхт;452;307;307;рту.71;512;88737;28.09.2021 0:37;28.09.2021 8:37;17;0;0.00;21.443001;88.909079;139.979043;0.00;-3.58;-6.04;-7;1;-135;0;1;0;84;77;-18869;2452;21443;2994.00;93;NAVI;1;0;0;0;0;0;0;1,63279E+12;3539;3598;3562;3558;3615;3572;6;;;;;;;0;0;0;77;18;-1351;0;0;0;14;936;31.38;1378.73;0;-16;-27;0;;;100;100;12;0;0;0;0;2;1;;;;
88.909638;139.980824;308;308;07.єхт;451;308;308;рту.71;512;88800;28.09.2021 0:37;28.09.2021 8:37;17;0;0.00;21.443001;88.909079;139.979043;0.00;-3.58;-6.04;-7;1;-135;0;1;0;84;77;-18869;2452;21443;2994.00;93;NAVI;1;0;0;0;0;0;0;1,63279E+12;3539;3598;3562;3558;3615;3572;6;;;;;;;0;0;0;78;18;-1351;0;0;0;14;939;31.38;1377.26;0;-16;-27;0;;;100;100;12;0;0;0;0;2;1;;;;
88.909638;139.980822;309;309;шўэ.83;451;309;309;рту.71;512;88977;2021-09-28 00:37:22.075;2021-09-28 08:37:22.076;16;0;0.00;21.443001;88.909079;139.979043;0.00;-3.58;-6.04;-8;1;-135;0;1;0;84;77;-18869;2452;21443;2994.00;93;NAVI;1;0;0;0;0;0;0;1,63279E+12;3539;3598;3562;3558;3615;3572;6;;;;;;;0;0;0;80;18;-1353;0;0;0;14;941;30.53;1375.83;0;-16;-27;0;;;100;100;12;0;0;0;0;2;1;;;;
88.909638;139.980820;310;310;07.єхт;450;310;310;рту.71;512;89017;28.09.2021 0:37;28.09.2021 8:37;16;0;0.00;21.443001;88.909079;139.979043;0.00;-3.58;-6.04;-8;1;-135;0;1;0;84;77;-18869;2452;21443;2994.00;93;NAVI;1;0;0;0;0;0;0;1,63279E+12;3539;3598;3562;3558;3615;3572;6;;;;;;;0;0;0;80;17;-1353;0;0;0;14;945;31.38;1374.40;0;-16;-27;0;;;100;100;12;0;0;0;0;2;1;;;;
88.909638;139.980817;310;310;07.єхт;450;310;310;рту.71;512;89377;28.09.2021 0:37;28.09.2021 8:37;16;0;0.00;21.443001;88.909079;139.979043;0.00;-3.58;-6.04;-8;1;-135;0;1;0;84;77;-18869;2452;21443;2994.00;93;NAVI;1;0;0;0;0;0;0;1,63279E+12;3539;3598;3562;3558;3615;3572;6;;;;;;;0;0;0;81;18;-1353;0;0;0;14;946;31.38;1372.92;0;-16;-27;0;;;100;100;12;0;0;0;0;2;1;;;;
88.909638;139.980815;311;311;07.єхт;449;311;311;рту.71;512;89519;28.09.2021 0:37;28.09.2021 8:37;16;0;0.00;21.534000;88.909079;139.979043;0.00;-3.58;-6.04;-8;1;-135;0;1;0;84;77;-18080;2452;21534;2996.00;93;NAVI;1;0;0;0;0;0;0;1,63279E+12;3539;3598;3562;3558;3615;3572;6;;;;;;;0;0;0;83;18;-1353;0;0;0;14;950;31.38;1371.44;0;-16;-27;0;;;100;100;12;0;0;0;0;2;1;;;;
88.909638;139.980810;313;313;07.єхт;448;313;313;рту.71;512;89660;28.09.2021 0:37;28.09.2021 8:37;18;0;0.00;21.534000;88.909079;139.979043;0.00;-3.58;-6.26;-8;1;-135;0;1;0;84;77;-18080;2452;21534;2996.00;93;NAVI;1;0;0;0;0;0;0;1,63279E+12;3539;3598;3562;3558;3615;3572;6;;;;;;;0;0;0;81;16;-1353;0;0;0;14;955;31.38;1368.50;0;-16;-27;0;;;100;100;12;0;0;0;0;2;1;;;;
88.909638;139.980803;316;316;шўы.21;447;316;316;рту.71;512;89709;28.09.2021 0:37;28.09.2021 8:37;18;0;0.00;21.534000;88.909079;139.979043;0.00;-3.58;-6.26;-8;1;-135;0;1;0;84;77;-18080;2452;21534;2996.00;93;NAVI;1;0;0;0;0;0;0;1,63279E+12;3539;3598;3562;3558;3615;3572;6;;;;;;;0;0;0;81;16;-1351;0;0;0;14;964;32.25;1364.13;0;-16;-27;0;;;100;100;12;0;0;0;0;2;1;;;;
88.909638;139.980803;316;316;шўы.21;447;316;316;рту.71;512;89712;28.09.2021 0:37;28.09.2021 8:37;18;0;0.00;21.534000;88.909079;139.979043;0.00;-3.58;-6.26;-8;1;-135;0;1;0;84;77;-18080;2452;21534;2996.00;93;NAVI;1;0;0;0;0;0;0;1,63279E+12;3539;3598;3562;3558;3615;3572;6;;;;;;;0;0;0;81;16;-1351;0;0;0;14;964;32.25;1364.13;0;-16;-27;0;;;100;100;12;0;0;0;0;2;1;;;;
88.909638;139.980803;316;316;шўы.21;447;316;316;рту.71;512;89715;28.09.2021 0:37;28.09.2021 8:37;18;0;0.00;21.534000;88.909079;139.979043;0.00;-3.58;-6.26;-8;1;-135;0;1;0;84;77;-18080;2452;21534;2996.00;93;NAVI;1;0;0;0;0;0;0;1,63279E+12;3539;3598;3562;3558;3615;3572;6;;;;;;;0;0;0;81;16;-1351;0;0;0;14;964;32.25;1364.13;0;-16;-27;0;;;100;100;12;0;0;0;0;2;1;;;;
88.909638;139.980803;316;316;шўы.21;447;316;316;рту.71;512;89717;28.09.2021 0:37;28.09.2021 8:37;18;0;0.00;21.534000;88.909079;139.979043;0.00;-3.58;-6.26;-8;1;-135;0;1;0;84;77;-18080;2452;21534;2996.00;93;NAVI;1;0;0;0;0;0;0;1,63279E+12;3539;3598;3562;3558;3615;3572;6;;;;;;;0;0;0;81;16;-1351;0;0;0;14;964;32.25;1364.13;0;-16;-27;0;;;100;100;12;0;0;0;0;2;1;;;;
88.909638;139.980800;316;316;07.єхт;447;316;316;рту.71;512;89891;28.09.2021 0:37;28.09.2021 8:37;17;0;0.00;21.534000;88.909079;139.979043;0.00;-3.58;-6.04;-8;1;-135;0;1;0;84;77;-18080;2452;21534;2996.00;93;NAVI;1;0;0;0;0;0;0;1,63279E+12;3539;3598;3562;3558;3615;3572;6;;;;;;;0;0;0;83;17;-1351;0;0;0;14;965;31.38;1362.70;0;-16;-27;0;;;100;100;12;0;0;0;0;2;1;;;;
88.909638;139.980796;318;318;07.єхт;446;318;318;рту.71;512;89927;2021-09-28 00:37:23.025;2021-09-28 08:37:23.026;17;0;0.00;21.534000;88.909079;139.979043;0.00;-3.58;-6.04;-8;1;-135;0;1;0;84;77;-18080;2452;21534;2996.00;93;NAVI;1;0;0;0;0;0;0;1,63279E+12;3539;3598;3562;3558;3615;3572;6;;;;;;;0;0;0;83;18;-1351;0;0;0;14;971;31.38;1359.78;0;-16;-27;0;;;100;100;12;0;0;0;0;2;1;;;;
88.909638;139.980796;318;318;07.єхт;446;318;318;рту.71;512;89930;2021-09-28 00:37:23.028;2021-09-28 08:37:23.028;17;0;0.00;21.534000;88.909079;139.979043;0.00;-3.58;-6.04;-8;1;-135;0;1;0;84;77;-18080;2452;21534;2996.00;93;NAVI;1;0;0;0;0;0;0;1,63279E+12;3539;3598;3562;3558;3615;3572;6;;;;;;;0;0;0;83;18;-1351;0;0;0;14;971;31.38;1359.78;0;-16;-27;0;;;100;100;12;0;0;0;0;2;1;;;;
88.909638;139.980793;319;319;07.єхт;445;319;319;рту.71;512;90028;28.09.2021 0:37;28.09.2021 8:37;17;0;0.00;21.534000;88.909079;139.979043;0.00;-3.58;-6.04;-8;1;-135;0;1;0;84;77;-18080;2452;21534;2996.00;93;NAVI;1;0;0;0;0;0;0;1,63279E+12;3539;3598;3562;3558;3615;3572;6;;;;;;;0;0;0;80;18;-1350;0;0;0;14;975;31.38;1358.34;0;-16;-27;0;;;100;100;12;0;0;0;0;2;1;;;;
88.909638;139.980791;320;320;07.єхт;445;320;320;рту.71;512;90247;28.09.2021 0:37;28.09.2021 8:37;16;0;0.00;21.530001;88.909079;139.979043;0.00;-3.58;-6.04;-8;1;-135;0;1;0;84;77;-18276;2423;21530;2996.00;93;NAVI;1;0;0;0;0;0;0;1,63279E+12;3539;3598;3562;3558;3615;3572;6;;;;;;;0;0;0;81;18;-1350;0;0;0;14;976;31.38;1356.89;0;-16;-27;0;;;100;100;12;0;0;0;0;2;1;;;;
88.909638;139.980789;321;321;шўы.21;444;321;321;рту.71;512;90457;28.09.2021 0:37;28.09.2021 8:37;16;0;0.00;21.530001;88.909079;139.979043;0.00;-3.58;-6.04;-8;1;-135;0;1;0;84;77;-18276;2423;21530;2996.00;93;NAVI;1;0;0;0;0;0;0;1,63279E+12;3539;3598;3562;3558;3615;3572;6;;;;;;;0;0;0;83;17;-1350;0;0;0;14;980;32.25;1355.45;0;-16;-27;0;;;100;100;12;0;0;0;0;2;1;;;;
88.909638;139.980784;323;323;07.єхт;443;323;323;рту.71;512;90491;28.09.2021 0:37;28.09.2021 8:37;16;0;0.00;21.530001;88.909079;139.979043;0.00;-3.58;-6.04;-8;2;-135;0;1;0;84;77;-18276;2423;21530;2996.00;93;NAVI;1;0;0;0;0;0;0;1,63279E+12;3539;3598;3562;3558;3615;3572;6;;;;;;;0;0;0;86;22;-1351;0;0;0;14;985;31.38;1352.56;0;-16;-27;0;;;100;100;12;0;0;0;0;2;1;;;;
88.909638;139.980784;323;323;07.єхт;443;323;323;рту.71;512;90494;28.09.2021 0:37;28.09.2021 8:37;16;0;0.00;21.530001;88.909079;139.979043;0.00;-3.58;-6.04;-8;2;-135;0;1;0;84;77;-18276;2423;21530;2996.00;93;NAVI;1;0;0;0;0;0;0;1,63279E+12;3539;3598;3562;3558;3615;3572;6;;;;;;;0;0;0;86;22;-1351;0;0;0;14;985;31.38;1352.56;0;-16;-27;0;;;100;100;12;0;0;0;0;2;1;;;;
88.909638;139.980782;324;324;шўэ.83;443;324;324;рту.71;512;90577;28.09.2021 0:37;28.09.2021 8:37;16;0;0.00;21.530001;88.909079;139.979043;0.00;-3.58;-5.82;-9;3;-135;0;1;0;84;77;-18276;2423;21530;2996.00;93;NAVI;1;0;0;0;0;0;0;1,63279E+12;3539;3598;3562;3558;3615;3572;6;;;;;;;0;0;0;95;31;-1353;0;0;0;14;988;30.53;1351.12;0;-16;-25;0;;;100;100;12;0;0;0;0;2;1;;;;
88.909638;139.980779;325;325;шўэ.83;442;325;325;рту.71;512;90639;28.09.2021 0:37;28.09.2021 8:37;16;0;0.00;21.530001;88.909079;139.979043;0.00;-3.58;-5.82;-10;3;-135;0;1;0;84;77;-18276;2423;21530;2996.00;93;NAVI;1;0;0;0;0;0;0;1,63279E+12;3539;3598;3562;3558;3615;3572;6;;;;;;;0;0;0;100;37;-1354;0;0;0;14;990;30.53;1349.65;0;-16;-25;0;;;100;100;12;0;0;0;0;2;1;;;;
88.909638;139.980777;326;326;шўэ.95;442;326;326;рту.71;512;90767;28.09.2021 0:37;28.09.2021 8:37;17;0;0.00;21.530001;88.909079;139.979043;0.00;-3.80;-5.82;-10;3;-135;0;1;0;84;77;-18276;2423;21530;2996.00;93;NAVI;1;0;0;0;0;0;0;1,63279E+12;3539;3598;3562;3558;3615;3572;6;;;;;;;0;0;0;100;37;-1355;0;0;0;14;994;31.06;1348.15;0;-17;-25;0;;;100;100;12;0;0;0;0;2;1;;;;
88.909638;139.980774;326;326;шўэ.95;441;326;326;рту.71;512;90867;28.09.2021 0:37;28.09.2021 8:37;17;0;0.00;21.530001;88.909079;139.979043;0.00;-3.80;-5.82;-9;3;-135;0;1;0;84;77;-18276;2423;21530;2996.00;93;NAVI;1;0;0;0;0;0;0;1,63279E+12;3539;3598;3562;3558;3615;3572;6;;;;;;;0;0;0;96;37;-1355;0;0;0;14;995;31.06;1346.62;0;-17;-25;0;;;100;100;12;0;0;0;0;2;1;;;;
88.909638;139.980772;327;327;шўэ.76;441;327;327;рту.71;512;90960;2021-09-28 00:37:24.058;2021-09-28 08:37:24.058;16;0;0.00;21.530001;88.909079;139.979043;0.00;-3.80;-5.59;-9;3;-135;0;1;0;84;77;-18276;2423;21530;2996.00;93;NAVI;1;0;0;0;0;0;0;1,63279E+12;3539;3598;3562;3558;3615;3572;6;;;;;;;0;0;0;91;35;-1355;0;0;0;14;999;30.23;1345.05;0;-17;-25;0;;;100;100;12;0;0;0;0;2;1;;;;
88.909638;139.980769;328;328;07.шўы;440;328;328;рту.71;512;91130;28.09.2021 0:37;28.09.2021 8:37;16;0;0.00;21.524000;88.909079;139.979043;0.00;-4.03;-5.82;-8;3;-135;0;1;0;83;77;-17833;2423;21524;2998.00;93;NAVI;1;0;0;0;0;0;0;1,63279E+12;3539;3598;3562;3558;3615;3572;6;;;;;;;0;0;0;85;32;-1355;0;0;0;14;1000;31.62;1343.45;0;-17;-25;0;;;100;100;12;0;0;0;0;2;1;;;;
88.909638;139.980767;329;329;07.шўы;440;329;329;рту.71;512;91177;28.09.2021 0:37;28.09.2021 8:37;16;0;0.00;21.524000;88.909079;139.979043;0.00;-4.03;-5.82;-8;3;-135;0;1;0;83;77;-17833;2423;21524;2998.00;93;NAVI;1;0;0;0;0;0;0;1,63279E+12;3539;3598;3562;3558;3615;3572;6;;;;;;;0;0;0;81;31;-1355;0;0;0;14;1004;31.62;1341.83;0;-17;-25;0;;;100;100;12;0;0;0;0;2;1;;;;
88.909638;139.980764;330;330;07.шўы;439;330;330;рту.71;512;91467;28.09.2021 0:37;28.09.2021 8:37;16;0;0.00;21.524000;88.909079;139.979043;0.00;-4.03;-5.59;-8;3;-135;0;1;0;83;77;-17833;2423;21524;2998.00;93;NAVI;1;0;0;0;0;0;0;1,63279E+12;3539;3598;3562;3558;3615;3572;6;;;;;;;0;0;0;80;31;-1355;0;0;0;14;1005;31.62;1340.23;0;-17;-25;0;;;100;100;12;0;0;0;0;2;1;;;;
88.909638;139.980759;331;331;шўэ.89;438;331;331;рту.71;512;91658;28.09.2021 0:37;28.09.2021 8:37;16;0;0.00;21.524000;88.909079;139.979043;0.00;-4.03;-5.59;-8;3;-135;0;1;0;83;77;-17833;2423;21524;2998.00;93;NAVI;1;0;0;0;0;0;0;1,63279E+12;3539;3598;3562;3558;3615;3572;6;;;;;;;0;0;0;83;31;-1354;0;0;0;14;1010;30.81;1337.04;0;-17;-25;0;;;100;100;12;0;0;0;0;2;1;;;;
88.909638;139.980754;333;333;шўэ.89;437;333;333;рту.71;512;91740;28.09.2021 0:37;28.09.2021 8:37;16;0;0.00;21.524000;88.909079;139.979043;0.00;-4.03;-5.59;-8;3;-135;0;1;0;83;77;-17833;2423;21524;2998.00;93;NAVI;1;0;0;0;0;0;0;1,63279E+12;3539;3598;3562;3558;3615;3572;6;;;;;;;0;0;0;85;30;-1354;0;0;0;14;1015;30.81;1333.83;0;-17;-25;0;;;100;100;12;0;0;0;0;2;1;;;;
88.909638;139.980751;334;334;шўэ.89;437;334;334;рту.71;512;91879;28.09.2021 0:37;28.09.2021 8:37;16;0;0.00;21.524000;88.909079;139.979043;0.00;-4.03;-5.59;-8;2;-135;0;1;0;83;77;-17833;2423;21524;2998.00;93;NAVI;1;0;0;0;0;0;0;1,63279E+12;3539;3598;3562;3558;3615;3572;6;;;;;;;0;0;0;85;28;-1354;0;0;0;14;1019;30.81;1332.20;0;-17;-25;0;;;100;100;12;0;0;0;0;2;1;;;;
88.909638;139.980748;334;334;шўэ.89;436;334;334;рту.71;512;91920;2021-09-28 00:37:25.018;2021-09-28 08:37:25.018;16;0;0.00;21.524000;88.909079;139.979043;0.00;-4.03;-5.59;-8;2;-135;0;1;0;83;77;-17833;2423;21524;2998.00;93;NAVI;1;0;0;0;0;0;0;1,63279E+12;3539;3598;3562;3558;3615;3572;6;;;;;;;0;0;0;83;27;-1354;0;0;0;14;1020;30.81;1330.56;0;-17;-25;0;;;100;100;12;0;0;0;0;2;1;;;;
88.909638;139.980748;334;334;шўэ.89;436;334;334;рту.71;512;91923;2021-09-28 00:37:25.021;2021-09-28 08:37:25.021;16;0;0.00;21.524000;88.909079;139.979043;0.00;-4.03;-5.59;-8;2;-135;0;1;0;83;77;-17833;2423;21524;2998.00;93;NAVI;1;0;0;0;0;0;0;1,63279E+12;3539;3598;3562;3558;3615;3572;6;;;;;;;0;0;0;83;27;-1354;0;0;0;14;1020;30.81;1330.56;0;-17;-25;0;;;100;100;12;0;0;0;0;2;1;;;;
88.909637;139.980746;335;335;07.шўы;435;335;335;рту.71;512;91987;2021-09-28 00:37:25.085;2021-09-28 08:37:25.086;16;0;0.00;21.524000;88.909079;139.979043;0.00;-4.03;-5.82;-8;2;-135;0;1;0;83;77;-17833;2423;21524;2998.00;93;NAVI;1;0;0;0;0;0;0;1,63279E+12;3539;3598;3562;3558;3615;3572;6;;;;;;;0;0;0;81;26;-1354;0;0;0;14;1024;31.62;1328.92;0;-17;-25;0;;;100;100;12;0;0;0;0;2;1;;;;
88.909637;139.980743;336;336;шўы.26;435;336;336;рту.71;512;92150;28.09.2021 0:37;28.09.2021 8:37;16;0;0.00;21.524000;88.909079;139.979043;0.00;-4.03;-6.04;-8;2;-135;0;1;0;83;77;-17833;2423;21524;2998.00;93;NAVI;1;0;0;0;0;0;0;1,63279E+12;3539;3598;3562;3558;3615;3572;6;;;;;;;0;0;0;80;26;-1354;0;0;0;14;1025;32.45;1327.28;0;-17;-27;0;;;100;100;12;0;0;0;0;2;1;;;;
88.909637;139.980738;338;338;шўы.26;434;338;338;рту.71;512;92497;28.09.2021 0:37;28.09.2021 8:37;17;0;0.00;21.524000;88.909079;139.979043;0.00;-4.03;-5.82;-8;2;-135;0;1;0;83;77;-17833;2423;21524;2998.00;93;NAVI;1;0;0;0;0;0;0;1,63279E+12;3539;3598;3562;3558;3615;3572;6;;;;;;;0;0;0;84;26;-1353;0;0;0;14;1031;32.45;1324.03;0;-17;-25;0;;;100;100;12;0;0;0;0;2;1;;;;
88.909637;139.980732;340;340;07.шўы;433;340;340;рту.71;512;92538;28.09.2021 0:37;28.09.2021 8:37;17;0;0.00;21.524000;88.909079;139.979043;0.00;-4.03;-5.82;-8;2;-135;0;1;0;83;77;-17833;2423;21524;2998.00;93;NAVI;1;0;0;0;0;0;0;1,63279E+12;3539;3598;3562;3558;3615;3572;6;;;;;;;0;0;0;84;25;-1351;0;0;0;14;1036;31.62;1320.76;0;-17;-25;0;;;100;100;12;0;0;0;0;2;1;;;;
88.909637;139.980732;340;340;07.шўы;433;340;340;рту.71;512;92540;28.09.2021 0:37;28.09.2021 8:37;17;0;0.00;21.524000;88.909079;139.979043;0.00;-4.03;-5.82;-8;2;-135;0;1;0;83;77;-17833;2423;21524;2998.00;93;NAVI;1;0;0;0;0;0;0;1,63279E+12;3539;3598;3562;3558;3615;3572;6;;;;;;;0;0;0;84;25;-1351;0;0;0;14;1036;31.62;1320.76;0;-17;-25;0;;;100;100;12;0;0;0;0;2;1;;;;
88.909637;139.980730;341;341;07.шўы;432;341;341;рту.71;512;92617;28.09.2021 0:37;28.09.2021 8:37;17;0;0.00;21.524000;88.909079;139.979043;0.00;-4.03;-5.82;-8;2;-135;0;1;0;83;77;-17833;2423;21524;2998.00;93;NAVI;1;0;0;0;0;0;0;1,63279E+12;3539;3598;3562;3558;3615;3572;6;;;;;;;0;0;0;83;23;-1351;0;0;0;14;1040;31.62;1319.12;0;-17;-25;0;;;100;100;12;0;0;0;0;2;1;;;;
88.909638;139.980727;341;341;07.шўы;432;341;341;рту.71;512;92797;28.09.2021 0:37;28.09.2021 8:37;16;0;0.00;21.524000;88.909079;139.979043;0.00;-4.03;-5.82;-8;2;-135;0;1;0;83;77;-17833;2423;21524;2998.00;93;NAVI;1;0;0;0;0;0;0;1,63279E+12;3539;3598;3562;3558;3615;3572;6;;;;;;;0;0;0;81;22;-1351;0;0;0;14;1041;31.62;1317.52;0;-17;-25;0;;;100;100;12;0;0;0;0;2;1;;;;
88.909638;139.980724;342;342;07.шўы;431;342;342;рту.71;512;92838;28.09.2021 0:37;28.09.2021 8:37;16;0;0.00;21.524000;88.909079;139.979043;0.00;-4.03;-5.82;-8;2;-135;0;1;0;83;77;-17833;2423;21524;2998.00;93;NAVI;1;0;0;0;0;0;0;1,63279E+12;3539;3598;3562;3558;3615;3572;6;;;;;;;0;0;0;83;22;-1351;0;0;0;14;1045;31.62;1315.91;0;-17;-25;0;;;100;100;12;0;0;0;0;2;1;;;;
88.909637;139.980719;344;344;07.шўы;430;344;344;рту.71;512;93015;28.09.2021 0:37;28.09.2021 8:37;17;0;0.00;21.524000;88.909079;139.979043;0.00;-4.03;-5.82;-8;2;-135;0;1;0;83;77;-17833;2423;21524;2998.00;93;NAVI;1;0;0;0;0;0;0;1,63279E+12;3539;3598;3562;3558;3615;3572;6;;;;;;;0;0;0;81;23;-1353;0;0;0;14;1050;31.62;1312.62;0;-17;-25;0;;;100;100;12;0;0;0;0;2;1;;;;
88.909638;139.980716;345;345;шўы.26;430;345;345;рту.71;512;93170;28.09.2021 0:37;28.09.2021 8:37;17;0;0.00;21.524000;88.909079;139.979043;0.00;-4.03;-6.04;-8;2;-135;0;1;0;83;77;-17833;2423;21524;2998.00;93;NAVI;1;0;0;0;0;0;0;1,63279E+12;3539;3598;3562;3558;3615;3572;6;;;;;;;0;0;0;81;23;-1353;0;0;0;14;1053;32.45;1311.02;0;-17;-27;0;;;100;100;12;0;0;0;0;2;1;;;;
88.909638;139.980714;346;346;шўы.26;429;346;346;рту.71;512;93207;28.09.2021 0:37;28.09.2021 8:37;16;0;0.00;21.576000;88.909079;139.979043;0.00;-4.03;-6.04;-8;2;-135;0;1;0;83;77;-18070;2423;21576;3000.00;93;NAVI;1;0;0;0;0;0;0;1,63279E+12;3539;3598;3562;3558;3615;3572;6;;;;;;;0;0;0;83;23;-1353;0;0;0;14;1055;32.45;1309.40;0;-17;-27;0;;;100;100;12;0;0;0;0;2;1;;;;
88.909638;139.980711;347;347;07.шўы;429;347;347;рту.71;512;93547;28.09.2021 0:37;28.09.2021 8:37;17;0;0.00;21.576000;88.909079;139.979043;0.00;-4.03;-5.82;-8;2;-135;0;1;0;83;77;-18070;2423;21576;3000.00;93;NAVI;1;0;0;0;0;0;0;1,63279E+12;3539;3598;3562;3558;3615;3572;6;;;;;;;0;0;0;83;22;-1351;0;0;0;14;1058;31.62;1307.75;0;-17;-25;0;;;100;100;12;0;0;0;0;2;1;;;;
88.909638;139.980706;348;348;07.шўы;428;348;348;рту.71;512;93600;28.09.2021 0:37;28.09.2021 8:37;16;0;0.00;21.576000;88.909079;139.979043;0.00;-4.03;-5.82;-8;2;-135;0;1;0;83;77;-18070;2423;21576;3000.00;93;NAVI;1;0;0;0;0;0;0;1,63279E+12;3539;3598;3562;3558;3615;3572;6;;;;;;;0;0;0;83;22;-1351;0;0;0;14;1063;31.62;1304.56;0;-17;-25;0;;;100;100;12;0;0;0;0;2;1;;;;
88.909638;139.980703;349;349;07.шўы;427;349;349;рту.71;512;93638;28.09.2021 0:37;28.09.2021 8:37;16;0;0.00;21.576000;88.909079;139.979043;0.00;-4.03;-5.82;-8;2;-135;0;1;0;83;77;-18070;2423;21576;3000.00;93;NAVI;1;0;0;0;0;0;0;1,63279E+12;3539;3598;3562;3558;3615;3572;6;;;;;;;0;0;0;85;22;-1351;0;0;0;14;1065;31.62;1302.98;0;-17;-25;0;;;100;100;12;0;0;0;0;2;1;;;;
88.909638;139.980703;349;349;07.шўы;427;349;349;рту.71;512;93641;28.09.2021 0:37;28.09.2021 8:37;16;0;0.00;21.576000;88.909079;139.979043;0.00;-4.03;-5.82;-8;2;-135;0;1;0;83;77;-18070;2423;21576;3000.00;93;NAVI;1;0;0;0;0;0;0;1,63279E+12;3539;3598;3562;3558;3615;3572;6;;;;;;;0;0;0;85;22;-1351;0;0;0;14;1065;31.62;1302.98;0;-17;-25;0;;;100;100;12;0;0;0;0;2;1;;;;
88.909638;139.980700;350;350;07.шўы;426;350;350;рту.71;512;93717;28.09.2021 0:37;28.09.2021 8:37;16;0;0.00;21.576000;88.909079;139.979043;0.00;-4.03;-5.82;-8;2;-135;0;1;0;83;77;-18070;2423;21576;3000.00;93;NAVI;1;0;0;0;0;0;0;1,63279E+12;3539;3598;3562;3558;3615;3572;6;;;;;;;0;0;0;85;22;-1351;0;0;0;14;1068;31.62;1301.34;0;-17;-25;0;;;100;100;12;0;0;0;0;2;1;;;;
88.909638;139.980698;351;351;07.шўы;426;351;351;рту.71;512;93820;28.09.2021 0:37;28.09.2021 8:37;17;0;0.00;21.576000;88.909079;139.979043;0.00;-4.03;-6.04;-8;2;-135;0;1;0;83;77;-18070;2423;21576;3000.00;93;NAVI;1;0;0;0;0;0;0;1,63279E+12;3539;3598;3562;3558;3615;3572;6;;;;;;;0;0;0;85;22;-1351;0;0;0;14;1070;31.62;1299.70;0;-17;-27;0;;;100;100;12;0;0;0;0;2;1;;;;
88.909638;139.980695;352;352;шўы.26;425;352;352;рту.71;512;93867;28.09.2021 0:37;28.09.2021 8:37;17;0;0.00;21.576000;88.909079;139.979043;0.00;-4.03;-6.04;-8;2;-135;0;1;0;83;77;-18070;2423;21576;3000.00;93;NAVI;1;0;0;0;0;0;0;1,63279E+12;3539;3598;3562;3558;3615;3572;6;;;;;;;0;0;0;84;23;-1351;0;0;0;14;1074;32.45;1298.12;0;-17;-27;0;;;100;100;12;0;0;0;0;2;1;;;;
88.909638;139.980692;353;353;07.шўы;425;353;353;рту.71;512;93918;2021-09-28 00:37:27.017;2021-09-28 08:37:27.017;17;0;0.00;21.576000;88.909079;139.979043;0.00;-4.03;-5.82;-8;2;-135;0;1;0;83;77;-18070;2423;21576;3000.00;93;NAVI;1;0;0;0;0;0;0;1,63279E+12;3539;3598;3562;3558;3615;3572;6;;;;;;;0;0;0;84;22;-1351;0;0;0;14;1075;31.62;1296.53;0;-17;-25;0;;;100;100;12;0;0;0;0;2;1;;;;
88.909638;139.980690;353;353;07.шўы;424;353;353;рту.71;512;94040;28.09.2021 0:37;28.09.2021 8:37;17;0;0.00;21.576000;88.909079;139.979043;0.00;-4.03;-5.82;-8;2;-135;0;1;0;83;77;-18070;2423;21576;3000.00;93;NAVI;1;0;0;0;0;0;0;1,63279E+12;3539;3598;3562;3558;3615;3572;6;;;;;;;0;0;0;86;23;-1351;0;0;0;14;1079;31.62;1294.92;0;-17;-25;0;;;100;100;12;0;0;0;0;2;1;;;;
88.909638;139.980687;354;354;шўэ.89;424;354;354;рту.71;512;94128;28.09.2021 0:37;28.09.2021 8:37;17;0;0.00;21.617001;88.909079;139.979043;0.00;-4.03;-5.59;-9;3;-135;0;1;0;83;77;-17725;2423;21617;3000.00;93;NAVI;1;0;0;0;0;0;0;1,63279E+12;3539;3598;3562;3558;3615;3572;6;;;;;;;0;0;0;95;31;-1353;0;0;0;14;1081;30.81;1293.30;0;-17;-25;0;;;100;100;12;0;0;0;0;2;1;;;;
88.909638;139.980684;355;355;07.єхт;423;355;355;рту.71;512;94325;28.09.2021 0:37;28.09.2021 8:37;17;0;0.00;21.617001;88.909079;139.979043;0.00;-4.25;-5.59;-10;3;-135;0;1;0;83;77;-17725;2423;21617;3000.00;93;NAVI;1;0;0;0;0;0;0;1,63279E+12;3539;3598;3562;3558;3615;3572;6;;;;;;;0;0;0;100;37;-1353;0;0;0;14;1084;31.40;1291.69;0;-18;-25;0;;;100;100;12;0;0;0;0;2;1;;;;
88.909638;139.980682;356;356;07.єхт;423;356;356;рту.71;512;94497;28.09.2021 0:37;28.09.2021 8:37;17;0;0.00;21.617001;88.909079;139.979043;0.00;-4.25;-5.37;-10;3;-135;0;1;0;83;77;-17725;2423;21617;3000.00;93;NAVI;1;0;0;0;0;0;0;1,63279E+12;3539;3598;3562;3558;3615;3572;6;;;;;;;0;0;0;101;39;-1353;0;0;0;14;1086;31.40;1290.05;0;-18;-24;0;;;100;100;12;0;0;0;0;2;1;;;;
88.909638;139.980679;357;357;шўэ.85;422;357;357;рту.71;512;94540;28.09.2021 0:37;28.09.2021 8:37;16;0;0.00;21.617001;88.909079;139.979043;0.00;-4.25;-5.37;-10;3;-135;0;1;0;83;77;-17725;2423;21617;3000.00;93;NAVI;1;0;0;0;0;0;0;1,63279E+12;3539;3598;3562;3558;3615;3572;6;;;;;;;0;0;0;100;37;-1354;0;0;0;14;1089;30.61;1288.38;0;-18;-24;0;;;100;100;12;0;0;0;0;2;1;;;;
88.909638;139.980676;357;357;шўэ.85;422;357;357;рту.71;512;94577;28.09.2021 0:37;28.09.2021 8:37;16;0;0.00;21.617001;88.909079;139.979043;0.00;-4.25;-5.37;-9;3;-135;0;1;0;83;77;-17725;2423;21617;3000.00;93;NAVI;1;0;0;0;0;0;0;1,63279E+12;3539;3598;3562;3558;3615;3572;6;;;;;;;0;0;0;95;32;-1354;0;0;0;14;1090;30.61;1286.68;0;-18;-24;0;;;100;100;12;0;0;0;0;2;1;;;;
88.909638;139.980673;358;358;шўэ.99;421;358;358;рту.71;512;94629;28.09.2021 0:37;28.09.2021 8:37;16;0;0.00;21.617001;88.909079;139.979043;0.00;-4.47;-5.37;-9;2;-135;0;1;0;83;77;-17725;2423;21617;3000.00;93;NAVI;1;0;0;0;0;0;0;1,63279E+12;3539;3598;3562;3558;3615;3572;6;;;;;;;0;0;0;91;28;-1354;0;0;0;14;1094;31.24;1284.96;0;-20;-24;0;;;100;100;12;0;0;0;0;2;1;;;;
88.909638;139.980670;359;359;шўэ.99;420;359;359;рту.71;512;94830;28.09.2021 0:37;28.09.2021 8:37;17;0;0.00;21.617001;88.909079;139.979043;0.00;-4.47;-5.37;-8;2;-135;0;1;0;83;77;-17725;2423;21617;3000.00;93;NAVI;1;0;0;0;0;0;0;1,63279E+12;3539;3598;3562;3558;3615;3572;6;;;;;;;0;0;0;89;27;-1355;0;0;0;14;1095;31.24;1283.22;0;-20;-24;0;;;100;100;12;0;0;0;0;2;1;;;;
88.909638;139.980667;360;360;шўэ.99;420;360;360;рту.71;512;94858;28.09.2021 0:37;28.09.2021 8:37;17;0;0.00;21.617001;88.909079;139.979043;0.00;-4.47;-5.37;-8;2;-135;0;1;0;83;77;-17725;2423;21617;3000.00;93;NAVI;1;0;0;0;0;0;0;1,63279E+12;3539;3598;3562;3558;3615;3572;6;;;;;;;0;0;0;86;25;-1355;0;0;0;14;1098;31.24;1281.48;0;-20;-24;0;;;100;100;12;0;0;0;0;2;1;;;;
88.909638;139.980664;361;361;шўэ.99;419;361;361;рту.71;512;94950;2021-09-28 00:37:28.048;2021-09-28 08:37:28.048;17;0;0.00;21.617001;88.909079;139.979043;0.00;-4.47;-5.37;-8;2;-135;0;1;0;83;77;-17725;2423;21617;3000.00;93;NAVI;1;0;0;0;0;0;0;1,63279E+12;3539;3598;3562;3558;3615;3572;6;;;;;;;0;0;0;85;26;-1354;0;0;0;14;1100;31.24;1279.73;0;-20;-24;0;;;100;100;12;0;0;0;0;2;1;;;;
88.909638;139.980662;361;361;шўы.16;419;361;361;рту.71;512;95058;28.09.2021 0:37;28.09.2021 8:37;17;0;0.00;21.617001;88.909079;139.979043;0.00;-4.47;-5.59;-8;2;-135;0;1;0;83;77;-17725;2423;21617;3000.00;93;NAVI;1;0;0;0;0;0;0;1,63279E+12;3539;3598;3562;3558;3615;3572;6;;;;;;;0;0;0;85;27;-1354;0;0;0;14;1103;32.02;1277.96;0;-20;-25;0;;;100;100;12;0;0;0;0;2;1;;;;
88.909638;139.980659;362;362;шўы.16;418;362;362;рту.71;512;95211;28.09.2021 0:37;28.09.2021 8:37;16;0;0.00;21.645000;88.909079;139.979043;0.00;-4.47;-5.59;-8;2;-135;0;1;0;83;77;-17389;2423;21645;3003.00;93;NAVI;1;0;0;0;0;0;0;1,63279E+12;3539;3598;3562;3558;3615;3572;6;;;;;;;0;0;0;85;28;-1354;0;0;0;14;1105;32.02;1276.19;0;-20;-25;0;;;100;100;12;0;0;0;0;2;1;;;;
88.909638;139.980656;363;363;шўы.16;418;363;363;рту.71;512;95238;28.09.2021 0:37;28.09.2021 8:37;16;0;0.00;21.645000;88.909079;139.979043;0.00;-4.47;-5.59;-8;2;-135;0;1;0;83;77;-17389;2423;21645;3003.00;93;NAVI;1;0;0;0;0;0;0;1,63279E+12;3539;3598;3562;3558;3615;3572;6;;;;;;;0;0;0;85;28;-1354;0;0;0;14;1108;32.02;1274.43;0;-20;-25;0;;;100;100;12;0;0;0;0;2;1;;;;
88.909638;139.980653;364;364;шўы.16;417;364;364;рту.71;512;95520;28.09.2021 0:37;28.09.2021 8:37;18;0;0.00;21.645000;88.909079;139.979043;0.00;-4.47;-5.37;-8;2;-135;0;1;0;83;77;-17389;2423;21645;3003.00;93;NAVI;1;0;0;0;0;0;0;1,63279E+12;3539;3598;3562;3558;3615;3572;6;;;;;;;0;0;0;85;27;-1353;0;0;0;14;1110;32.02;1272.66;0;-20;-24;0;;;100;100;12;0;0;0;0;2;1;;;;
88.909638;139.980647;365;365;шўэ.99;416;365;365;рту.71;512;95551;28.09.2021 0:37;28.09.2021 8:37;18;0;0.00;21.645000;88.909079;139.979043;0.00;-4.47;-5.37;-8;2;-135;0;1;0;83;77;-17389;2423;21645;3003.00;93;NAVI;1;0;0;0;0;0;0;1,63279E+12;3539;3598;3562;3558;3615;3572;6;;;;;;;0;0;0;83;27;-1351;0;0;0;14;1115;31.24;1269.07;0;-20;-24;0;;;100;100;12;0;0;0;0;2;1;;;;
88.909638;139.980647;365;365;шўэ.99;416;365;365;рту.71;512;95554;28.09.2021 0:37;28.09.2021 8:37;18;0;0.00;21.645000;88.909079;139.979043;0.00;-4.47;-5.37;-8;2;-135;0;1;0;83;77;-17389;2423;21645;3003.00;93;NAVI;1;0;0;0;0;0;0;1,63279E+12;3539;3598;3562;3558;3615;3572;6;;;;;;;0;0;0;83;27;-1351;0;0;0;14;1115;31.24;1269.07;0;-20;-24;0;;;100;100;12;0;0;0;0;2;1;;;;
88.909638;139.980644;366;366;шўы.16;415;366;366;рту.71;512;95737;28.09.2021 0:37;28.09.2021 8:37;17;0;0.00;21.645000;88.909079;139.979043;0.00;-4.47;-5.37;-8;2;-135;0;1;0;83;77;-17389;2423;21645;3003.00;93;NAVI;1;0;0;0;0;0;0;1,63279E+12;3539;3598;3562;3558;3615;3572;6;;;;;;;0;0;0;81;26;-1351;0;0;0;14;1118;32.02;1267.32;0;-20;-24;0;;;100;100;12;0;0;0;0;2;1;;;;
88.909638;139.980641;367;367;шўэ.99;415;367;367;рту.71;512;95778;28.09.2021 0:37;28.09.2021 8:37;17;0;0.00;21.645000;88.909079;139.979043;0.00;-4.47;-5.37;-8;2;-135;0;1;0;83;77;-17389;2423;21645;3003.00;93;NAVI;1;0;0;0;0;0;0;1,63279E+12;3539;3598;3562;3558;3615;3572;6;;;;;;;0;0;0;83;26;-1351;0;0;0;14;1120;31.24;1265.57;0;-20;-24;0;;;100;100;12;0;0;0;0;2;1;;;;
88.909637;139.980638;368;368;шўэ.99;414;368;368;рту.71;512;95881;28.09.2021 0:37;28.09.2021 8:37;17;0;0.00;21.645000;88.909079;139.979043;0.00;-4.47;-5.37;-8;2;-135;0;1;0;83;77;-17389;2423;21645;3003.00;93;NAVI;1;0;0;0;0;0;0;1,63279E+12;3539;3598;3562;3558;3615;3572;6;;;;;;;0;0;0;84;26;-1351;0;0;0;14;1123;31.24;1263.81;0;-20;-24;0;;;100;100;12;0;0;0;0;2;1;;;;
88.909637;139.980635;369;369;шўы.16;414;369;369;рту.71;512;95974;2021-09-28 00:37:29.072;2021-09-28 08:37:29.073;17;0;0.00;21.645000;88.909079;139.979043;0.00;-4.47;-5.59;-8;2;-135;0;1;0;83;77;-17389;2423;21645;3003.00;93;NAVI;1;0;0;0;0;0;0;1,63279E+12;3539;3598;3562;3558;3615;3572;6;;;;;;;0;0;0;85;26;-1351;0;0;0;14;1125;32.02;1262.04;0;-20;-25;0;;;100;100;12;0;0;0;0;2;1;;;;
88.909637;139.980632;370;370;шўы.16;413;370;370;рту.71;512;96070;28.09.2021 0:37;28.09.2021 8:37;17;0;0.00;21.645000;88.909079;139.979043;0.00;-4.47;-5.59;-8;2;-135;0;1;0;83;77;-17389;2423;21645;3003.00;93;NAVI;1;0;0;0;0;0;0;1,63279E+12;3539;3598;3562;3558;3615;3572;6;;;;;;;0;0;0;84;26;-1351;0;0;0;14;1128;32.02;1260.24;0;-20;-25;0;;;100;100;12;0;0;0;0;2;1;;;;
88.909637;139.980626;371;371;шўы.16;412;371;371;рту.71;512;96344;28.09.2021 0:37;28.09.2021 8:37;17;0;0.00;21.645000;88.909079;139.979043;0.00;-4.47;-5.59;-8;2;-135;0;1;0;83;77;-17389;2423;21645;3003.00;93;NAVI;1;0;0;0;0;0;0;1,63279E+12;3539;3598;3562;3558;3615;3572;6;;;;;;;0;0;0;83;25;-1351;0;0;0;14;1131;32.02;1256.68;0;-20;-25;0;;;100;100;12;0;0;0;0;2;1;;;;
88.909637;139.980623;372;372;шўы.16;411;372;372;рту.71;512;96617;28.09.2021 0:37;28.09.2021 8:37;18;0;0.00;21.645000;88.909079;139.979043;0.00;-4.47;-5.59;-8;2;-135;0;1;0;83;77;-17389;2423;21645;3003.00;93;NAVI;1;0;0;0;0;0;0;1,63279E+12;3539;3598;3562;3558;3615;3572;6;;;;;;;0;0;0;83;23;-1350;0;0;0;14;1135;32.02;1254.91;0;-20;-25;0;;;100;100;12;0;0;0;0;2;1;;;;
88.909637;139.980617;374;374;шўы.16;410;374;374;рту.71;512;96658;28.09.2021 0:37;28.09.2021 8:37;18;0;0.00;21.645000;88.909079;139.979043;0.00;-4.47;-5.59;-8;2;-135;0;1;0;83;77;-17389;2423;21645;3003.00;93;NAVI;1;0;0;0;0;0;0;1,63279E+12;3539;3598;3562;3558;3615;3572;6;;;;;;;0;0;0;83;22;-1350;0;0;0;14;1140;32.02;1251.36;0;-20;-25;0;;;100;100;12;0;0;0;0;2;1;;;;
88.909637;139.980614;374;374;шўы.16;409;374;374;рту.71;512;96700;28.09.2021 0:37;28.09.2021 8:37;18;0;0.00;21.645000;88.909079;139.979043;0.00;-4.47;-5.59;-8;2;-135;0;1;0;83;77;-17389;2423;21645;3003.00;93;NAVI;1;0;0;0;0;0;0;1,63279E+12;3539;3598;3562;3558;3615;3572;6;;;;;;;0;0;0;83;22;-1350;0;0;0;14;1141;32.02;1249.59;0;-20;-25;0;;;100;100;12;0;0;0;0;2;1;;;;
88.909637;139.980614;374;374;шўы.16;409;374;374;рту.71;512;96703;28.09.2021 0:37;28.09.2021 8:37;18;0;0.00;21.645000;88.909079;139.979043;0.00;-4.47;-5.59;-8;2;-135;0;1;0;83;77;-17389;2423;21645;3003.00;93;NAVI;1;0;0;0;0;0;0;1,63279E+12;3539;3598;3562;3558;3615;3572;6;;;;;;;0;0;0;83;22;-1350;0;0;0;14;1141;32.02;1249.59;0;-20;-25;0;;;100;100;12;0;0;0;0;2;1;;;;
88.909637;139.980612;375;375;шўы.34;409;375;375;рту.71;512;96837;28.09.2021 0:37;28.09.2021 8:37;16;0;0.00;21.645000;88.909079;139.979043;0.00;-4.47;-5.82;-8;2;-135;0;1;0;83;77;-17389;2423;21645;3003.00;93;NAVI;1;0;0;0;0;0;0;1,63279E+12;3539;3598;3562;3558;3615;3572;6;;;;;;;0;0;0;83;22;-1350;0;0;0;14;1145;32.80;1247.83;0;-20;-25;0;;;100;100;12;0;0;0;0;2;1;;;;
88.909637;139.980609;376;376;шўы.16;408;376;376;рту.71;512;96889;28.09.2021 0:37;28.09.2021 8:37;16;0;0.00;21.645000;88.909079;139.979043;0.00;-4.47;-5.59;-8;2;-135;0;1;0;83;77;-17389;2423;21645;3003.00;93;NAVI;1;0;0;0;0;0;0;1,63279E+12;3539;3598;3562;3558;3615;3572;6;;;;;;;0;0;0;83;22;-1350;0;0;0;14;1146;32.02;1246.07;0;-20;-25;0;;;100;100;12;0;0;0;0;2;1;;;;
88.909637;139.980606;377;377;шўы.16;408;377;377;рту.71;512;97000;2021-09-28 00:37:30.098;2021-09-28 08:37:30.099;16;0;0.00;21.645000;88.909079;139.979043;0.00;-4.47;-5.59;-8;2;-135;0;1;0;83;77;-17389;2423;21645;3003.00;93;NAVI;1;0;0;0;0;0;0;1,63279E+12;3539;3598;3562;3558;3615;3572;6;;;;;;;0;0;0;83;23;-1351;0;0;0;14;1150;32.02;1244.32;0;-20;-25;0;;;100;100;12;0;0;0;0;2;1;;;;
88.909637;139.980603;377;377;шўы.16;407;377;377;рту.71;512;97117;28.09.2021 0:37;28.09.2021 8:37;16;0;0.00;21.645000;88.909079;139.979043;0.00;-4.47;-5.59;-8;2;-135;0;1;0;83;77;-17389;2423;21645;3003.00;93;NAVI;1;0;0;0;0;0;0;1,63279E+12;3539;3598;3562;3558;3615;3572;6;;;;;;;0;0;0;83;22;-1351;0;0;0;14;1151;32.02;1242.57;0;-20;-25;0;;;100;100;12;0;0;0;0;2;1;;;;
88.909638;139.980600;378;378;шўы.16;407;378;378;рту.71;512;97197;28.09.2021 0:37;28.09.2021 8:37;16;0;0.00;21.667999;88.909079;139.979043;0.00;-4.47;-5.59;-8;2;-135;0;1;0;82;77;-17701;2394;21668;3005.00;93;NAVI;1;0;0;0;0;0;0;1,63279E+12;3539;3598;3562;3558;3615;3572;6;;;;;;;0;0;0;83;22;-1351;0;0;0;14;1155;32.02;1240.81;0;-20;-25;0;;;100;100;12;0;0;0;0;2;1;;;;
88.909637;139.980597;379;379;шўы.16;406;379;379;рту.71;512;97297;28.09.2021 0:37;28.09.2021 8:37;16;0;0.00;21.667999;88.909079;139.979043;0.00;-4.47;-5.59;-8;2;-135;0;1;0;82;77;-17701;2394;21668;3005.00;93;NAVI;1;0;0;0;0;0;0;1,63279E+12;3539;3598;3562;3558;3615;3572;6;;;;;;;0;0;0;83;22;-1353;0;0;0;14;1156;32.02;1239.02;0;-20;-25;0;;;100;100;12;0;0;0;0;2;1;;;;
88.909637;139.980594;380;380;шўы.16;405;380;380;рту.71;512;97648;28.09.2021 0:37;28.09.2021 8:37;16;0;0.00;21.667999;88.909079;139.979043;0.00;-4.47;-5.59;-8;2;-135;0;1;0;82;77;-17701;2394;21668;3005.00;93;NAVI;1;0;0;0;0;0;0;1,63279E+12;3579;3638;3591;3595;3655;3600;6;;;;;;;0;0;0;81;22;-1353;0;0;0;14;1160;32.02;1237.23;0;-20;-25;0;;;100;100;12;0;0;0;0;2;1;;;;
88.909637;139.980585;382;382;шўы.16;404;382;382;рту.71;512;97687;28.09.2021 0:37;28.09.2021 8:37;16;0;0.00;21.667999;88.909079;139.979043;0.00;-4.47;-5.59;-8;2;-135;0;1;0;82;77;-17701;2394;21668;3005.00;93;NAVI;1;0;0;0;0;0;0;1,63279E+12;3579;3638;3591;3595;3655;3600;6;;;;;;;0;0;0;80;22;-1351;0;0;0;14;1166;32.02;1231.98;0;-20;-25;0;;;100;100;12;0;0;0;0;2;1;;;;
88.909637;139.980585;382;382;шўы.16;404;382;382;рту.71;512;97689;28.09.2021 0:37;28.09.2021 8:37;16;0;0.00;21.667999;88.909079;139.979043;0.00;-4.47;-5.59;-8;2;-135;0;1;0;82;77;-17701;2394;21668;3005.00;93;NAVI;1;0;0;0;0;0;0;1,63279E+12;3579;3638;3591;3595;3655;3600;6;;;;;;;0;0;0;80;22;-1351;0;0;0;14;1166;32.02;1231.98;0;-20;-25;0;;;100;100;12;0;0;0;0;2;1;;;;
88.909637;139.980585;382;382;шўы.16;404;382;382;рту.71;512;97695;28.09.2021 0:37;28.09.2021 8:37;16;0;0.00;21.667999;88.909079;139.979043;0.00;-4.47;-5.59;-8;2;-135;0;1;0;82;77;-17701;2394;21668;3005.00;93;NAVI;1;0;0;0;0;0;0;1,63279E+12;3579;3638;3591;3595;3655;3600;6;;;;;;;0;0;0;80;22;-1351;0;0;0;14;1166;32.02;1231.98;0;-20;-25;0;;;100;100;12;0;0;0;0;2;1;;;;
88.909637;139.980582;383;383;шўы.16;403;383;383;рту.71;512;97817;28.09.2021 0:37;28.09.2021 8:37;16;0;0.00;21.667999;88.909079;139.979043;0.00;-4.47;-5.59;-8;2;-135;0;1;0;82;77;-17701;2394;21668;3005.00;93;NAVI;1;0;0;0;0;0;0;1,63279E+12;3579;3638;3591;3595;3655;3600;6;;;;;;;0;0;0;85;27;-1353;0;0;0;14;1170;32.02;1230.23;0;-20;-25;0;;;100;100;12;0;0;0;0;2;1;;;;
88.909637;139.980579;384;384;шўэ.99;403;384;384;рту.71;512;97981;2021-09-28 00:37:31.079;2021-09-28 08:37:31.080;17;0;0.00;21.667999;88.909079;139.979043;0.00;-4.47;-5.37;-9;3;-135;0;1;0;82;77;-17701;2394;21668;3005.00;93;NAVI;1;0;0;0;0;0;0;1,63279E+12;3579;3638;3591;3595;3655;3600;6;;;;;;;0;0;0;93;34;-1353;0;0;0;14;1171;31.24;1228.44;0;-20;-24;0;;;100;100;12;0;0;0;0;2;1;;;;
88.909637;139.980576;385;385;шўэ.99;402;385;385;рту.71;512;98027;28.09.2021 0:37;28.09.2021 8:37;17;0;0.00;21.667999;88.909079;139.979043;0.00;-4.47;-5.37;-9;3;-135;0;1;0;82;77;-17701;2394;21668;3005.00;93;NAVI;1;0;0;0;0;0;0;1,63279E+12;3579;3638;3591;3595;3655;3600;6;;;;;;;0;0;0;95;37;-1353;0;0;0;14;1174;31.24;1226.65;0;-20;-24;0;;;100;100;12;0;0;0;0;2;1;;;;
88.909637;139.980573;386;386;шўы.13;401;386;386;рту.71;512;98122;28.09.2021 0:37;28.09.2021 8:37;17;0;0.00;21.667999;88.909079;139.979043;0.00;-4.70;-5.37;-9;3;-135;0;1;0;82;77;-17701;2394;21668;3005.00;93;NAVI;1;0;0;0;0;0;0;1,63279E+12;3579;3638;3591;3595;3655;3600;6;;;;;;;0;0;0;94;36;-1351;0;0;0;14;1176;31.89;1224.89;0;-20;-24;0;;;100;100;12;0;0;0;0;2;1;;;;
88.909637;139.980570;386;386;шўы.13;401;386;386;рту.71;512;98228;28.09.2021 0:37;28.09.2021 8:37;17;0;0.00;21.667000;88.909079;139.979043;0.00;-4.70;-5.37;-9;3;-135;0;1;0;82;77;-17490;2394;21667;3005.00;93;NAVI;1;0;0;0;0;0;0;1,63279E+12;3579;3638;3591;3595;3655;3600;6;;;;;;;0;0;0;90;32;-1351;0;0;0;14;1179;31.89;1223.11;0;-20;-24;0;;;100;100;12;0;0;0;0;2;1;;;;
88.909637;139.980567;387;387;шўы.13;400;387;387;рту.71;512;98270;28.09.2021 0:37;28.09.2021 8:37;17;0;0.00;21.667000;88.909079;139.979043;0.00;-4.70;-5.37;-8;2;-135;0;1;0;82;77;-17490;2394;21667;3005.00;93;NAVI;1;0;0;0;0;0;0;1,63279E+12;3579;3638;3591;3595;3655;3600;6;;;;;;;0;0;0;88;27;-1351;0;0;0;14;1180;31.89;1221.28;0;-20;-24;0;;;100;100;12;0;0;0;0;2;1;;;;
88.909637;139.980564;388;388;шўы.13;400;388;388;рту.71;512;98318;28.09.2021 0:37;28.09.2021 8:37;17;0;0.00;21.667000;88.909079;139.979043;0.00;-4.70;-5.37;-8;2;-135;0;1;0;82;77;-17490;2394;21667;3005.00;93;NAVI;1;0;0;0;0;0;0;1,63279E+12;3579;3638;3591;3595;3655;3600;6;;;;;;;0;0;0;85;23;-1351;0;0;0;14;1184;31.89;1219.44;0;-20;-24;0;;;100;100;12;0;0;0;0;2;1;;;;
88.909637;139.980561;389;389;шўы.13;399;389;389;рту.71;512;98747;28.09.2021 0:37;28.09.2021 8:37;17;0;0.00;21.667000;88.909079;139.979043;0.00;-4.70;-5.37;-8;2;-135;0;1;0;82;77;-17490;2394;21667;3005.00;93;NAVI;1;0;0;0;0;0;0;1,63279E+12;3579;3638;3591;3595;3655;3600;6;;;;;;;0;0;0;85;23;-1351;0;0;0;14;1185;31.89;1217.63;0;-20;-24;0;;;100;100;12;0;0;0;0;2;1;;;;
88.909637;139.980552;391;391;шўы.13;397;391;391;рту.71;512;98779;28.09.2021 0:37;28.09.2021 8:37;17;0;0.00;21.667000;88.909079;139.979043;0.00;-4.70;-5.37;-8;2;-135;0;1;0;82;77;-17490;2394;21667;3005.00;93;NAVI;1;0;0;0;0;0;0;1,63279E+12;3579;3638;3591;3595;3655;3600;6;;;;;;;0;0;0;85;27;-1353;0;0;0;14;1193;31.89;1212.12;0;-20;-24;0;;;100;100;12;0;0;0;0;2;1;;;;
88.909637;139.980552;391;391;шўы.13;397;391;391;рту.71;512;98781;28.09.2021 0:37;28.09.2021 8:37;17;0;0.00;21.667000;88.909079;139.979043;0.00;-4.70;-5.37;-8;2;-135;0;1;0;82;77;-17490;2394;21667;3005.00;93;NAVI;1;0;0;0;0;0;0;1,63279E+12;3579;3638;3591;3595;3655;3600;6;;;;;;;0;0;0;85;27;-1353;0;0;0;14;1193;31.89;1212.12;0;-20;-24;0;;;100;100;12;0;0;0;0;2;1;;;;
88.909637;139.980552;391;391;шўы.13;397;391;391;рту.71;512;98783;28.09.2021 0:37;28.09.2021 8:37;17;0;0.00;21.667000;88.909079;139.979043;0.00;-4.70;-5.37;-8;2;-135;0;1;0;82;77;-17490;2394;21667;3005.00;93;NAVI;1;0;0;0;0;0;0;1,63279E+12;3579;3638;3591;3595;3655;3600;6;;;;;;;0;0;0;85;27;-1353;0;0;0;14;1193;31.89;1212.12;0;-20;-24;0;;;100;100;12;0;0;0;0;2;1;;;;
88.909637;139.980549;392;392;шўэ.97;397;392;392;рту.71;512;98840;28.09.2021 0:37;28.09.2021 8:37;17;0;0.00;21.667000;88.909079;139.979043;0.00;-4.70;-5.14;-8;2;-135;0;1;0;82;77;-17490;2394;21667;3005.00;93;NAVI;1;0;0;0;0;0;0;1,63279E+12;3579;3638;3591;3595;3655;3600;6;;;;;;;0;0;0;85;27;-1353;0;0;0;14;1195;31.14;1210.31;0;-20;-22;0;;;100;100;12;0;0;0;0;2;1;;;;
88.909637;139.980545;393;393;шўэ.97;396;393;393;рту.71;512;99000;2021-09-28 00:37:32.098;2021-09-28 08:37:32.098;17;0;0.00;21.667000;88.909079;139.979043;0.00;-4.70;-5.14;-8;2;-135;0;1;0;82;77;-17490;2394;21667;3005.00;93;NAVI;1;0;0;0;0;0;0;1,63279E+12;3579;3638;3591;3595;3655;3600;6;;;;;;;0;0;0;85;26;-1353;0;0;0;14;1198;31.14;1208.49;0;-20;-22;0;;;100;100;12;0;0;0;0;2;1;;;;
88.909637;139.980542;393;393;шўы.13;395;393;393;рту.71;512;99048;28.09.2021 0:37;28.09.2021 8:37;17;0;0.00;21.667000;88.909079;139.979043;0.00;-4.70;-5.37;-8;2;-135;0;1;0;82;77;-17490;2394;21667;3005.00;93;NAVI;1;0;0;0;0;0;0;1,63279E+12;3579;3638;3591;3595;3655;3600;6;;;;;;;0;0;0;85;26;-1353;0;0;0;14;1200;31.89;1206.67;0;-20;-24;0;;;100;100;12;0;0;0;0;2;1;;;;
88.909637;139.980539;394;394;шўы.13;395;394;394;рту.71;512;99128;28.09.2021 0:37;28.09.2021 8:37;17;0;0.00;21.740000;88.909079;139.979043;0.00;-4.70;-5.37;-8;2;-135;0;1;0;82;77;-17121;2394;21740;3008.00;93;NAVI;1;0;0;0;0;0;0;1,63279E+12;3579;3638;3591;3595;3655;3600;6;;;;;;;0;0;0;85;25;-1353;0;0;0;14;1201;31.89;1204.84;0;-20;-24;0;;;100;100;12;0;0;0;0;2;1;;;;
88.909637;139.980536;395;395;шўэ.97;394;395;395;рту.71;512;99317;28.09.2021 0:37;28.09.2021 8:37;18;0;0.00;21.740000;88.909079;139.979043;0.00;-4.92;-5.37;-8;2;-135;0;1;0;82;77;-17121;2394;21740;3008.00;93;NAVI;1;0;0;0;0;0;0;1,63279E+12;3579;3638;3591;3595;3655;3600;6;;;;;;;0;0;0;85;26;-1353;0;0;0;14;1205;31.14;1202.99;0;-22;-24;0;;;100;100;12;0;0;0;0;2;1;;;;
88.909637;139.980533;395;395;шўы.28;394;395;395;рту.71;512;99357;28.09.2021 0:37;28.09.2021 8:37;18;0;0.00;21.740000;88.909079;139.979043;0.00;-4.92;-5.37;-8;2;-135;0;1;0;82;77;-17121;2394;21740;3008.00;93;NAVI;1;0;0;0;0;0;0;1,63279E+12;3579;3638;3591;3595;3655;3600;6;;;;;;;0;0;0;84;25;-1351;0;0;0;14;1206;32.56;1201.14;0;-22;-24;0;;;100;100;12;0;0;0;0;2;1;;;;
88.909637;139.980530;396;396;шўы.28;393;396;396;рту.71;512;99630;28.09.2021 0:37;28.09.2021 8:37;17;0;0.00;21.740000;88.909079;139.979043;0.00;-4.92;-5.37;-8;2;-135;0;1;0;82;77;-17121;2394;21740;3008.00;93;NAVI;1;0;0;0;0;0;0;1,63279E+12;3579;3638;3591;3595;3655;3600;6;;;;;;;0;0;0;83;26;-1351;0;0;0;14;1209;32.56;1199.30;0;-22;-24;0;;;100;100;12;0;0;0;0;2;1;;;;
88.909637;139.980524;398;398;шўы.28;392;398;398;рту.71;512;99670;28.09.2021 0:37;28.09.2021 8:37;17;0;0.00;21.740000;88.909079;139.979043;0.00;-4.92;-5.37;-8;2;-135;0;1;0;82;77;-17121;2394;21740;3008.00;93;NAVI;1;0;0;0;0;0;0;1,63279E+12;3579;3638;3591;3595;3655;3600;6;;;;;;;0;0;0;81;23;-1353;0;0;0;14;1214;32.56;1195.62;0;-22;-24;0;;;100;100;12;0;0;0;0;2;1;;;;
88.909637;139.980524;398;398;шўы.28;392;398;398;рту.71;512;99672;28.09.2021 0:37;28.09.2021 8:37;17;0;0.00;21.740000;88.909079;139.979043;0.00;-4.92;-5.37;-8;2;-135;0;1;0;82;77;-17121;2394;21740;3008.00;93;NAVI;1;0;0;0;0;0;0;1,63279E+12;3579;3638;3591;3595;3655;3600;6;;;;;;;0;0;0;81;23;-1353;0;0;0;14;1214;32.56;1195.62;0;-22;-24;0;;;100;100;12;0;0;0;0;2;1;;;;
88.909637;139.980521;398;398;шўы.28;391;398;398;рту.71;512;99800;28.09.2021 0:37;28.09.2021 8:37;17;0;0.00;21.740000;88.909079;139.979043;0.00;-4.92;-5.37;-8;2;-135;0;1;0;82;77;-17121;2394;21740;3008.00;93;NAVI;1;0;0;0;0;0;0;1,63279E+12;3579;3638;3591;3595;3655;3600;6;;;;;;;0;0;0;83;23;-1353;0;0;0;14;1215;32.56;1193.79;0;-22;-24;0;;;100;100;12;0;0;0;0;2;1;;;;
88.909637;139.980517;399;399;шўы.28;391;399;399;рту.71;512;99877;28.09.2021 0:37;28.09.2021 8:37;17;0;0.00;21.740000;88.909079;139.979043;0.00;-4.92;-5.37;-8;2;-135;0;1;0;82;77;-17121;2394;21740;3008.00;93;NAVI;1;0;0;0;0;0;0;1,63279E+12;3579;3638;3591;3595;3655;3600;6;;;;;;;0;0;0;84;22;-1353;0;0;0;14;1219;32.56;1191.96;0;-22;-24;0;;;100;100;12;0;0;0;0;2;1;;;;
88.909637;139.980514;400;400;шўы.28;390;400;400;рту.71;512;99958;2021-09-28 00:37:33.056;2021-09-28 08:37:33.056;18;0;0.00;21.740000;88.909079;139.979043;0.00;-4.92;-5.37;-8;2;-135;0;1;0;82;77;-17121;2394;21740;3008.00;93;NAVI;1;0;0;0;0;0;0;1,63279E+12;3579;3638;3591;3595;3655;3600;6;;;;;;;0;0;0;85;22;-1353;0;0;0;14;1220;32.56;1190.15;0;-22;-24;0;;;100;100;12;0;0;0;0;2;1;;;;
88.909637;139.980511;401;401;шўы.28;389;401;401;рту.71;512;100068;28.09.2021 0:37;28.09.2021 8:37;18;0;0.00;21.740000;88.909079;139.979043;0.00;-4.92;-5.37;-8;2;-135;0;1;0;82;77;-17121;2394;21740;3008.00;93;NAVI;1;0;0;0;0;0;0;1,63279E+12;3579;3638;3591;3595;3655;3600;6;;;;;;;0;0;0;86;22;-1354;0;0;0;14;1223;32.56;1188.33;0;-22;-24;0;;;100;100;12;0;0;0;0;2;1;;;;
88.909638;139.980508;401;401;шўы.28;389;401;401;рту.71;512;100167;28.09.2021 0:37;28.09.2021 8:37;17;0;0.00;21.756001;88.909079;139.979043;0.00;-4.92;-5.37;-8;2;-135;0;1;0;82;77;-17053;2394;21756;3009.00;93;NAVI;1;0;0;0;0;0;0;1,63279E+12;3579;3638;3591;3595;3655;3600;6;;;;;;;0;0;0;86;22;-1354;0;0;0;14;1225;32.56;1186.52;0;-22;-24;0;;;100;100;12;0;0;0;0;2;1;;;;
88.909638;139.980505;402;402;шўы.28;388;402;402;рту.71;512;100258;28.09.2021 0:37;28.09.2021 8:37;17;0;0.00;21.756001;88.909079;139.979043;0.00;-4.92;-5.37;-8;2;-135;0;1;0;82;77;-17053;2394;21756;3009.00;93;NAVI;1;0;0;0;0;0;0;1,63279E+12;3579;3638;3591;3595;3655;3600;6;;;;;;;0;0;0;86;22;-1354;0;0;0;14;1228;32.56;1184.71;0;-22;-24;0;;;100;100;12;0;0;0;0;2;1;;;;
88.909638;139.980502;403;403;шўы.28;388;403;403;рту.71;512;100358;28.09.2021 0:37;28.09.2021 8:37;18;0;0.00;21.756001;88.909079;139.979043;0.00;-4.92;-5.37;-8;2;-135;0;1;0;82;77;-17053;2394;21756;3009.00;93;NAVI;1;0;0;0;0;0;0;1,63279E+12;3579;3638;3591;3595;3655;3600;6;;;;;;;0;0;0;85;22;-1353;0;0;0;14;1230;32.56;1182.90;0;-22;-24;0;;;100;100;12;0;0;0;0;2;1;;;;
88.909638;139.980499;404;404;шўы.28;387;404;404;рту.71;512;100639;28.09.2021 0:37;28.09.2021 8:37;17;0;0.00;21.756001;88.909079;139.979043;0.00;-4.92;-5.37;-8;2;-135;0;1;0;82;77;-17053;2394;21756;3009.00;93;NAVI;1;0;0;0;0;0;0;1,63279E+12;3579;3638;3591;3595;3655;3600;6;;;;;;;0;0;0;85;22;-1353;0;0;0;14;1231;32.56;1181.10;0;-22;-24;0;;;100;100;12;0;0;0;0;2;1;;;;
88.909638;139.980493;405;405;шўы.28;386;405;405;рту.71;512;100681;28.09.2021 0:37;28.09.2021 8:37;17;0;0.00;21.756001;88.909079;139.979043;0.00;-4.92;-5.37;-8;2;-135;0;1;0;82;77;-17053;2394;21756;3009.00;93;NAVI;1;0;0;0;0;0;0;1,63279E+12;3579;3638;3591;3595;3655;3600;6;;;;;;;0;0;0;85;22;-1351;0;0;0;14;1236;32.56;1177.47;0;-22;-24;0;;;100;100;12;0;0;0;0;2;1;;;;
88.909638;139.980493;405;405;шўы.28;386;405;405;рту.71;512;100683;28.09.2021 0:37;28.09.2021 8:37;17;0;0.00;21.756001;88.909079;139.979043;0.00;-4.92;-5.37;-8;2;-135;0;1;0;82;77;-17053;2394;21756;3009.00;93;NAVI;1;0;0;0;0;0;0;1,63279E+12;3579;3638;3591;3595;3655;3600;6;;;;;;;0;0;0;85;22;-1351;0;0;0;14;1236;32.56;1177.47;0;-22;-24;0;;;100;100;12;0;0;0;0;2;1;;;;
88.909638;139.980489;406;406;шўы.28;385;406;406;рту.71;512;100788;28.09.2021 0:37;28.09.2021 8:37;17;0;0.00;21.756001;88.909079;139.979043;0.00;-4.92;-5.37;-8;2;-135;0;1;0;82;77;-17053;2394;21756;3009.00;93;NAVI;1;0;0;0;0;0;0;1,63279E+12;3579;3638;3591;3595;3655;3600;6;;;;;;;0;0;0;85;22;-1351;0;0;0;14;1239;32.56;1175.65;0;-22;-24;0;;;100;100;12;0;0;0;0;2;1;;;;
88.909638;139.980486;407;407;шўы.45;385;407;407;рту.71;512;100881;28.09.2021 0:37;28.09.2021 8:37;17;0;0.00;21.756001;88.909079;139.979043;0.00;-4.92;-5.59;-8;2;-135;0;1;0;82;77;-17053;2394;21756;3009.00;93;NAVI;1;0;0;0;0;0;0;1,63279E+12;3579;3638;3591;3595;3655;3600;6;;;;;;;0;0;0;85;22;-1351;0;0;0;14;1241;33.30;1173.84;0;-22;-25;0;;;100;100;12;0;0;0;0;2;1;;;;
88.909638;139.980483;408;408;шўы.28;384;408;408;рту.71;512;100987;2021-09-28 00:37:34.086;2021-09-28 08:37:34.086;18;0;0.00;21.756001;88.909079;139.979043;0.00;-4.92;-5.37;-8;2;-135;0;1;0;82;77;-17053;2394;21756;3009.00;93;NAVI;1;0;0;0;0;0;0;1,63279E+12;3579;3638;3591;3595;3655;3600;6;;;;;;;0;0;0;85;22;-1351;0;0;0;14;1244;32.56;1172.03;0;-22;-24;0;;;100;100;12;0;0;0;0;2;1;;;;
88.909638;139.980480;409;409;шўы.13;383;409;409;рту.71;512;101087;28.09.2021 0:37;28.09.2021 8:37;18;0;0.00;21.756001;88.909079;139.979043;0.00;-4.70;-5.37;-8;2;-135;0;1;0;82;77;-17053;2394;21756;3009.00;93;NAVI;1;0;0;0;0;0;0;1,63279E+12;3579;3638;3591;3595;3655;3600;6;;;;;;;0;0;0;85;22;-1351;0;0;0;14;1246;31.89;1170.25;0;-20;-24;0;;;100;100;12;0;0;0;0;2;1;;;;
88.909638;139.980477;409;409;шўы.13;383;409;409;рту.71;512;101187;28.09.2021 0:37;28.09.2021 8:37;17;0;0.00;21.736000;88.909079;139.979043;0.00;-4.70;-5.37;-8;2;-135;0;1;0;82;77;-17338;2394;21736;3010.00;93;NAVI;1;0;0;0;0;0;0;1,63279E+12;3579;3638;3591;3595;3655;3600;6;;;;;;;0;0;0;86;22;-1351;0;0;0;14;1249;31.89;1168.46;0;-20;-24;0;;;100;100;12;0;0;0;0;2;1;;;;
88.909638;139.980474;410;410;шўы.13;382;410;410;рту.71;512;101278;28.09.2021 0:37;28.09.2021 8:37;17;0;0.00;21.736000;88.909079;139.979043;0.00;-4.70;-5.37;-8;2;-135;0;1;0;82;77;-17338;2394;21736;3010.00;93;NAVI;1;0;0;0;0;0;0;1,63279E+12;3579;3638;3591;3595;3655;3600;6;;;;;;;0;0;0;88;22;-1353;0;0;0;14;1250;31.89;1166.67;0;-20;-24;0;;;100;100;12;0;0;0;0;2;1;;;;
88.909638;139.980471;411;411;шўы.13;382;411;411;рту.71;512;101397;28.09.2021 0:37;28.09.2021 8:37;18;0;0.00;21.736000;88.909079;139.979043;0.00;-4.70;-5.37;-9;2;-135;0;1;0;82;77;-17338;2394;21736;3010.00;93;NAVI;1;0;0;0;0;0;0;1,63279E+12;3579;3638;3591;3595;3655;3600;6;;;;;;;0;0;0;94;28;-1353;0;0;0;14;1254;31.89;1164.87;0;-20;-24;0;;;100;100;12;0;0;0;0;2;1;;;;
88.909638;139.980468;412;412;07.фхъ;381;412;412;рту.71;512;101679;28.09.2021 0:37;28.09.2021 8:37;17;0;0.00;21.736000;88.909079;139.979043;0.00;-4.92;-5.14;-10;3;-135;0;1;0;82;77;-17338;2394;21736;3010.00;93;NAVI;1;0;0;0;0;0;0;1,63279E+12;3579;3638;3591;3595;3655;3600;6;;;;;;;0;0;0;100;37;-1353;0;0;0;14;1255;31.83;1163.08;0;-22;-22;0;;;100;100;12;0;0;0;0;2;1;;;;
88.909638;139.980462;413;413;07.фхъ;380;413;413;рту.71;512;101708;28.09.2021 0:37;28.09.2021 8:37;17;0;0.00;21.736000;88.909079;139.979043;0.00;-4.92;-5.14;-10;3;-135;0;1;0;82;77;-17338;2394;21736;3010.00;93;NAVI;1;0;0;0;0;0;0;1,63279E+12;3579;3638;3591;3595;3655;3600;6;;;;;;;0;0;0;100;37;-1353;0;0;0;14;1260;31.83;1159.41;0;-22;-22;0;;;100;100;12;0;0;0;0;2;1;;;;
88.909638;139.980462;413;413;07.фхъ;380;413;413;рту.71;512;101710;28.09.2021 0:37;28.09.2021 8:37;17;0;0.00;21.736000;88.909079;139.979043;0.00;-4.92;-5.14;-10;3;-135;0;1;0;82;77;-17338;2394;21736;3010.00;93;NAVI;1;0;0;0;0;0;0;1,63279E+12;3579;3638;3591;3595;3655;3600;6;;;;;;;0;0;0;100;37;-1353;0;0;0;14;1260;31.83;1159.41;0;-22;-22;0;;;100;100;12;0;0;0;0;2;1;;;;
88.909638;139.980458;414;414;07.фхъ;379;414;414;рту.71;512;101810;28.09.2021 0:37;28.09.2021 8:37;16;0;0.00;21.736000;88.909079;139.979043;0.00;-5.14;-4.92;-9;3;-135;0;1;0;82;77;-17338;2394;21736;3010.00;93;NAVI;1;0;0;0;0;0;0;1,63279E+12;3579;3638;3591;3595;3655;3600;6;;;;;;;0;0;0;95;34;-1354;0;0;0;14;1263;31.83;1157.52;0;-22;-22;0;;;100;100;12;0;0;0;0;2;1;;;;
88.909638;139.980455;415;415;07.фхъ;379;415;415;рту.71;512;101850;28.09.2021 0:37;28.09.2021 8:37;16;0;0.00;21.736000;88.909079;139.979043;0.00;-5.14;-4.92;-9;3;-135;0;1;0;82;77;-17338;2394;21736;3010.00;93;NAVI;1;0;0;0;0;0;0;1,63279E+12;3579;3638;3591;3595;3655;3600;6;;;;;;;0;0;0;93;31;-1354;0;0;0;14;1265;31.83;1155.60;0;-22;-22;0;;;100;100;12;0;0;0;0;2;1;;;;
88.909638;139.980452;415;415;07.фхъ;378;415;415;рту.71;512;101920;2021-09-28 00:37:35.018;2021-09-28 08:37:35.018;16;0;0.00;21.736000;88.909079;139.979043;0.00;-5.14;-4.92;-9;2;-135;0;1;0;82;77;-17338;2394;21736;3010.00;93;NAVI;1;0;0;0;0;0;0;1,63279E+12;3579;3638;3591;3595;3655;3600;6;;;;;;;0;0;0;90;28;-1354;0;0;0;14;1266;31.83;1153.67;0;-22;-22;0;;;100;100;12;0;0;0;0;2;1;;;;
88.909638;139.980448;416;416;07.фхъ;377;416;416;рту.71;512;102000;2021-09-28 00:37:35.098;2021-09-28 08:37:35.098;16;0;0.00;21.736000;88.909079;139.979043;0.00;-5.14;-4.92;-8;2;-135;0;1;0;82;77;-17338;2394;21736;3010.00;93;NAVI;1;0;0;0;0;0;0;1,63279E+12;3579;3638;3591;3595;3655;3600;6;;;;;;;0;0;0;86;27;-1354;0;0;0;14;1269;31.83;1151.75;0;-22;-22;0;;;100;100;12;0;0;0;0;2;1;;;;
88.909638;139.980445;416;416;07.фхъ;377;416;416;рту.71;512;102218;28.09.2021 0:37;28.09.2021 8:37;15;0;0.00;21.750000;88.909079;139.979043;0.00;-5.14;-4.92;-8;2;-135;0;1;0;82;77;-17196;2365;21750;3011.00;93;NAVI;1;0;0;0;0;0;0;1,63279E+12;3579;3638;3591;3595;3655;3600;6;;;;;;;0;0;0;86;27;-1354;0;0;0;14;1270;31.83;1149.82;0;-22;-22;0;;;100;100;12;0;0;0;0;2;1;;;;
88.909638;139.980442;417;417;шўы.28;376;417;417;рту.71;512;102318;28.09.2021 0:37;28.09.2021 8:37;15;0;0.00;21.750000;88.909079;139.979043;0.00;-5.14;-4.92;-8;2;-135;0;1;0;82;77;-17196;2365;21750;3011.00;93;NAVI;1;0;0;0;0;0;0;1,63279E+12;3579;3638;3591;3595;3655;3600;6;;;;;;;0;0;0;86;27;-1354;0;0;0;14;1274;32.53;1147.91;0;-22;-22;0;;;100;100;12;0;0;0;0;2;1;;;;
88.909638;139.980439;418;418;07.фхъ;375;418;418;рту.71;512;102360;28.09.2021 0:37;28.09.2021 8:37;15;0;0.00;21.750000;88.909079;139.979043;0.00;-5.14;-4.92;-8;2;-135;0;1;0;82;77;-17196;2365;21750;3011.00;93;NAVI;1;0;0;0;0;0;0;1,63279E+12;3579;3638;3591;3595;3655;3600;6;;;;;;;0;0;0;88;28;-1354;0;0;0;14;1275;31.83;1145.99;0;-22;-22;0;;;100;100;12;0;0;0;0;2;1;;;;
88.909638;139.980435;419;419;07.фхъ;375;419;419;рту.71;512;102428;28.09.2021 0:37;28.09.2021 8:37;15;0;0.00;21.750000;88.909079;139.979043;0.00;-5.14;-4.92;-8;2;-135;0;1;0;82;77;-17196;2365;21750;3011.00;93;NAVI;1;0;0;0;0;0;0;1,63279E+12;3579;3638;3591;3595;3655;3600;6;;;;;;;0;0;0;88;28;-1353;0;0;0;14;1278;31.83;1144.07;0;-22;-22;0;;;100;100;12;0;0;0;0;2;1;;;;
88.909638;139.980432;419;419;07.фхъ;374;419;419;рту.71;512;102787;28.09.2021 0:37;28.09.2021 8:37;15;0;0.00;21.750000;88.909079;139.979043;0.00;-5.37;-4.92;-8;2;-135;0;1;0;82;77;-17196;2365;21750;3011.00;93;NAVI;1;0;0;0;0;0;0;1,63279E+12;3579;3638;3591;3595;3655;3600;6;;;;;;;0;0;0;89;27;-1353;0;0;0;14;1280;31.83;1142.14;0;-24;-22;0;;;100;100;12;0;0;0;0;2;1;;;;
88.909638;139.980425;421;421;шўы.28;373;421;421;рту.71;512;102837;28.09.2021 0:37;28.09.2021 8:37;15;0;0.00;21.750000;88.909079;139.979043;0.00;-5.37;-5.14;-8;2;-135;0;1;0;82;77;-17196;2365;21750;3011.00;93;NAVI;1;0;0;0;0;0;0;1,63279E+12;3579;3638;3591;3595;3655;3600;6;;;;;;;0;0;0;85;27;-1351;0;0;0;14;1283;32.56;1138.19;0;-24;-22;0;;;100;100;12;0;0;0;0;2;1;;;;
88.909638;139.980422;421;421;шўы.44;372;421;421;рту.71;512;102877;28.09.2021 0:37;28.09.2021 8:37;15;0;0.00;21.750000;88.909079;139.979043;0.00;-5.37;-5.14;-8;2;-135;0;1;0;82;77;-17196;2365;21750;3011.00;93;NAVI;1;0;0;0;0;0;0;1,63279E+12;3579;3638;3591;3595;3655;3600;6;;;;;;;0;0;0;84;26;-1351;0;0;0;14;1286;33.24;1136.23;0;-24;-22;0;;;100;100;12;0;0;0;0;2;1;;;;
88.909638;139.980422;421;421;шўы.44;372;421;421;рту.71;512;102879;28.09.2021 0:37;28.09.2021 8:37;15;0;0.00;21.750000;88.909079;139.979043;0.00;-5.37;-5.14;-8;2;-135;0;1;0;82;77;-17196;2365;21750;3011.00;93;NAVI;1;0;0;0;0;0;0;1,63279E+12;3579;3638;3591;3595;3655;3600;6;;;;;;;0;0;0;84;26;-1351;0;0;0;14;1286;33.24;1136.23;0;-24;-22;0;;;100;100;12;0;0;0;0;2;1;;;;
88.909638;139.980418;422;422;шўы.44;372;422;422;рту.71;512;102940;2021-09-28 00:37:36.038;2021-09-28 08:37:36.038;15;0;0.00;21.750000;88.909079;139.979043;0.00;-5.37;-5.14;-8;2;-135;0;1;0;82;77;-17196;2365;21750;3011.00;93;NAVI;1;0;0;0;0;0;0;1,63279E+12;3579;3638;3591;3595;3655;3600;6;;;;;;;0;0;0;83;26;-1351;0;0;0;14;1288;33.24;1134.28;0;-24;-22;0;;;100;100;12;0;0;0;0;2;1;;;;
88.909638;139.980415;423;423;шўы.44;371;423;423;рту.71;512;103038;28.09.2021 0:37;28.09.2021 8:37;15;0;0.00;21.750000;88.909079;139.979043;0.00;-5.37;-5.14;-8;2;-135;0;1;0;82;77;-17196;2365;21750;3011.00;93;NAVI;1;0;0;0;0;0;0;1,63279E+12;3579;3638;3591;3595;3655;3600;6;;;;;;;0;0;0;83;26;-1351;0;0;0;14;1290;33.24;1132.35;0;-24;-22;0;;;100;100;12;0;0;0;0;2;1;;;;
88.909638;139.980412;424;424;шўы.44;370;424;424;рту.71;512;103131;28.09.2021 0:37;28.09.2021 8:37;15;0;0.00;21.806999;88.909079;139.979043;0.00;-5.37;-5.14;-8;2;-135;0;1;0;81;77;-16583;2365;21807;3012.00;93;NAVI;1;0;0;0;0;0;0;1,63279E+12;3579;3638;3591;3595;3655;3600;6;;;;;;;0;0;0;85;23;-1351;0;0;0;14;1293;33.24;1130.42;0;-24;-22;0;;;100;100;12;0;0;0;0;2;1;;;;
88.909638;139.980408;424;424;шўы.28;370;424;424;рту.71;512;103257;28.09.2021 0:37;28.09.2021 8:37;15;0;0.00;21.806999;88.909079;139.979043;0.00;-5.14;-5.14;-8;2;-135;0;1;0;81;77;-16583;2365;21807;3012.00;93;NAVI;1;0;0;0;0;0;0;1,63279E+12;3579;3638;3591;3595;3655;3600;6;;;;;;;0;0;0;85;23;-1351;0;0;0;14;1295;32.53;1128.49;0;-22;-22;0;;;100;100;12;0;0;0;0;2;1;;;;
88.909638;139.980405;425;425;шўы.28;369;425;425;рту.71;512;103350;28.09.2021 0:37;28.09.2021 8:37;16;0;0.00;21.806999;88.909079;139.979043;0.00;-5.14;-5.14;-8;2;-135;0;1;0;81;77;-16583;2365;21807;3012.00;93;NAVI;1;0;0;0;0;0;0;1,63279E+12;3579;3638;3591;3595;3655;3600;6;;;;;;;0;0;0;86;23;-1350;0;0;0;14;1296;32.53;1126.56;0;-22;-22;0;;;100;100;12;0;0;0;0;2;1;;;;
88.909638;139.980401;426;426;шўы.44;368;426;426;рту.71;512;103437;28.09.2021 0:37;28.09.2021 8:37;16;0;0.00;21.806999;88.909079;139.979043;0.00;-5.37;-5.14;-8;2;-135;0;1;0;81;77;-16583;2365;21807;3012.00;93;NAVI;1;0;0;0;0;0;0;1,63279E+12;3579;3638;3591;3595;3655;3600;6;;;;;;;0;0;0;88;23;-1350;0;0;0;14;1298;33.24;1124.62;0;-24;-22;0;;;100;100;12;0;0;0;0;2;1;;;;
88.909638;139.980398;426;426;шўы.28;368;426;426;рту.71;512;103715;28.09.2021 0:37;28.09.2021 8:37;16;0;0.00;21.806999;88.909079;139.979043;0.00;-5.37;-4.92;-8;2;-135;0;1;0;81;77;-16583;2365;21807;3012.00;93;NAVI;1;0;0;0;0;0;0;1,63279E+12;3579;3638;3591;3595;3655;3600;6;;;;;;;0;0;0;88;23;-1350;0;0;0;14;1301;32.56;1122.68;0;-24;-22;0;;;100;100;12;0;0;0;0;2;1;;;;
88.909638;139.980395;427;427;шўы.28;367;427;427;рту.71;512;103748;28.09.2021 0:37;28.09.2021 8:37;16;0;0.00;21.806999;88.909079;139.979043;0.00;-5.37;-5.14;-8;2;-135;0;1;0;81;77;-16583;2365;21807;3012.00;93;NAVI;1;0;0;0;0;0;0;1,63279E+12;3579;3638;3591;3595;3655;3600;6;;;;;;;0;0;0;85;23;-1350;0;0;0;14;1303;32.56;1120.76;0;-24;-22;0;;;100;100;12;0;0;0;0;2;1;;;;
88.909638;139.980391;428;428;шўы.44;367;428;428;рту.71;512;103787;28.09.2021 0:37;28.09.2021 8:37;16;0;0.00;21.806999;88.909079;139.979043;0.00;-5.37;-5.14;-8;2;-135;0;1;0;81;77;-16583;2365;21807;3012.00;93;NAVI;1;0;0;0;0;0;0;1,63279E+12;3579;3638;3591;3595;3655;3600;6;;;;;;;0;0;0;84;22;-1351;0;0;0;14;1306;33.24;1118.83;0;-24;-22;0;;;100;100;12;0;0;0;0;2;1;;;;
88.909638;139.980388;429;429;шўы.44;366;429;429;рту.71;512;103867;28.09.2021 0:37;28.09.2021 8:37;16;0;0.00;21.806999;88.909079;139.979043;0.00;-5.37;-5.14;-8;2;-135;0;1;0;81;77;-16583;2365;21807;3012.00;93;NAVI;1;0;0;0;0;0;0;1,63279E+12;3579;3638;3591;3595;3655;3600;6;;;;;;;0;0;0;83;22;-1351;0;0;0;14;1308;33.24;1116.90;0;-24;-22;0;;;100;100;12;0;0;0;0;2;1;;;;
88.909638;139.980384;429;429;шўы.44;365;429;429;рту.71;512;103959;2021-09-28 00:37:37.057;2021-09-28 08:37:37.057;16;0;0.00;21.806999;88.909079;139.979043;0.00;-5.37;-5.14;-8;2;-135;0;1;0;81;77;-16583;2365;21807;3012.00;93;NAVI;1;0;0;0;0;0;0;1,63279E+12;3579;3638;3591;3595;3655;3600;6;;;;;;;0;0;0;83;22;-1353;0;0;0;14;1310;33.24;1114.95;0;-24;-22;0;;;100;100;12;0;0;0;0;2;1;;;;
88.909638;139.980381;430;430;шўы.44;365;430;430;рту.71;512;104067;28.09.2021 0:37;28.09.2021 8:37;16;0;0.00;21.806999;88.909079;139.979043;0.00;-5.37;-5.14;-8;2;-135;0;1;0;81;77;-16583;2365;21807;3012.00;93;NAVI;1;0;0;0;0;0;0;1,63279E+12;3579;3638;3591;3595;3655;3600;6;;;;;;;0;0;0;83;22;-1353;0;0;0;14;1311;33.24;1112.99;0;-24;-22;0;;;100;100;12;0;0;0;0;2;1;;;;
88.909638;139.980378;431;431;шўы.44;364;431;431;рту.71;512;104167;28.09.2021 0:37;28.09.2021 8:37;15;0;0.00;21.806999;88.909079;139.979043;0.00;-5.37;-5.14;-8;2;-135;0;1;0;81;77;-16583;2365;21807;3013.00;93;NAVI;1;0;0;0;0;0;0;1,63279E+12;3579;3638;3591;3595;3655;3600;6;;;;;;;0;0;0;83;22;-1353;0;0;0;14;1315;33.24;1111.02;0;-24;-22;0;;;100;100;12;0;0;0;0;2;1;;;;
88.909638;139.980374;432;432;шўы.44;363;432;432;рту.71;512;104260;28.09.2021 0:37;28.09.2021 8:37;15;0;0.00;21.806999;88.909079;139.979043;0.00;-5.37;-5.14;-8;2;-135;0;1;0;81;77;-16583;2365;21807;3013.00;93;NAVI;1;0;0;0;0;0;0;1,63279E+12;3579;3638;3591;3595;3655;3600;6;;;;;;;0;0;0;81;22;-1353;0;0;0;14;1316;33.24;1109.06;0;-24;-22;0;;;100;100;12;0;0;0;0;2;1;;;;
88.909638;139.980371;432;432;шўы.44;363;432;432;рту.71;512;104368;28.09.2021 0:37;28.09.2021 8:37;16;0;0.00;21.806999;88.909079;139.979043;0.00;-5.37;-5.14;-8;2;-135;0;1;0;81;77;-16583;2365;21807;3013.00;93;NAVI;1;0;0;0;0;0;0;1,63279E+12;3579;3638;3591;3595;3655;3600;6;;;;;;;0;0;0;80;22;-1354;0;0;0;14;1318;33.24;1107.12;0;-24;-22;0;;;100;100;12;0;0;0;0;2;1;;;;
88.909638;139.980367;433;433;шўы.44;362;433;433;рту.71;512;104471;28.09.2021 0:37;28.09.2021 8:37;16;0;0.00;21.806999;88.909079;139.979043;0.00;-5.37;-5.14;-8;2;-135;0;1;0;81;77;-16583;2365;21807;3013.00;93;NAVI;1;0;0;0;0;0;0;1,63279E+12;3579;3638;3591;3595;3655;3600;6;;;;;;;0;0;0;80;22;-1353;0;0;0;14;1321;33.24;1105.23;0;-24;-22;0;;;100;100;12;0;0;0;0;2;1;;;;
88.909638;139.980364;434;434;шўы.28;361;434;434;рту.71;512;104743;28.09.2021 0:37;28.09.2021 8:37;17;0;0.00;21.806999;88.909079;139.979043;0.00;-5.14;-5.14;-8;2;-135;0;1;0;81;77;-16583;2365;21807;3013.00;93;NAVI;1;0;0;0;0;0;0;1,63279E+12;3579;3638;3591;3595;3655;3600;6;;;;;;;0;0;0;80;22;-1353;0;0;0;14;1323;32.53;1103.33;0;-22;-22;0;;;100;100;12;0;0;0;0;2;1;;;;
88.909638;139.980357;435;435;шўы.28;360;435;435;рту.71;512;104779;28.09.2021 0:37;28.09.2021 8:37;16;0;0.00;21.806999;88.909079;139.979043;0.00;-5.14;-5.14;-8;2;-135;0;1;0;81;77;-16583;2365;21807;3013.00;93;NAVI;1;0;0;0;0;0;0;1,63279E+12;3579;3638;3591;3595;3655;3600;6;;;;;;;0;0;0;81;22;-1353;0;0;0;14;1328;32.53;1099.48;0;-22;-22;0;;;100;100;12;0;0;0;0;2;1;;;;
88.909638;139.980357;435;435;шўы.28;360;435;435;рту.71;512;104781;28.09.2021 0:37;28.09.2021 8:37;16;0;0.00;21.806999;88.909079;139.979043;0.00;-5.14;-5.14;-8;2;-135;0;1;0;81;77;-16583;2365;21807;3013.00;93;NAVI;1;0;0;0;0;0;0;1,63279E+12;3579;3638;3591;3595;3655;3600;6;;;;;;;0;0;0;81;22;-1353;0;0;0;14;1328;32.53;1099.48;0;-22;-22;0;;;100;100;12;0;0;0;0;2;1;;;;
88.909638;139.980354;436;436;шўы.28;360;436;436;рту.71;512;104889;28.09.2021 0:37;28.09.2021 8:37;16;0;0.00;21.806999;88.909079;139.979043;0.00;-5.14;-5.14;-8;2;-135;0;1;0;81;77;-16583;2365;21807;3013.00;93;NAVI;1;0;0;0;0;0;0;1,63279E+12;3579;3638;3591;3595;3655;3600;6;;;;;;;0;0;0;81;22;-1351;0;0;0;14;1330;32.53;1097.57;0;-22;-22;0;;;100;100;12;0;0;0;0;2;1;;;;
88.909638;139.980351;437;437;шўы.28;359;437;437;рту.71;512;104987;2021-09-28 00:37:38.085;2021-09-28 08:37:38.086;17;0;0.00;21.806999;88.909079;139.979043;0.00;-5.14;-5.14;-8;2;-135;0;1;0;81;77;-16583;2365;21807;3013.00;93;NAVI;1;0;0;0;0;0;0;1,63279E+12;3579;3638;3591;3595;3655;3600;6;;;;;;;0;0;0;85;23;-1351;0;0;0;14;1331;32.53;1095.67;0;-22;-22;0;;;100;100;12;0;0;0;0;2;1;;;;
88.909638;139.980347;437;437;шўы.44;358;437;437;рту.71;512;105108;28.09.2021 0:37;28.09.2021 8:37;17;0;0.00;21.806999;88.909079;139.979043;0.00;-5.37;-5.14;-9;2;-135;0;1;0;81;77;-16583;2365;21807;3013.00;93;NAVI;1;0;0;0;0;0;0;1,63279E+12;3579;3638;3591;3595;3655;3600;6;;;;;;;0;0;0;90;28;-1351;0;0;0;14;1335;33.24;1093.76;0;-24;-22;0;;;100;100;12;0;0;0;0;2;1;;;;
88.909638;139.980344;438;438;шўы.28;358;438;438;рту.71;512;105188;28.09.2021 0:37;28.09.2021 8:37;15;0;0.00;21.768000;88.909079;139.979043;0.00;-5.37;-4.92;-9;3;-135;0;1;0;81;77;-17049;2365;21768;3013.00;93;NAVI;1;0;0;0;0;0;0;1,63279E+12;3579;3638;3591;3595;3655;3600;6;;;;;;;0;0;0;94;32;-1351;0;0;0;14;1336;32.56;1091.85;0;-24;-22;0;;;100;100;12;0;0;0;0;2;1;;;;
88.909638;139.980340;439;439;шўы.28;357;439;439;рту.71;512;105277;28.09.2021 0:37;28.09.2021 8:37;15;0;0.00;21.768000;88.909079;139.979043;0.00;-5.37;-4.92;-9;3;-135;0;1;0;81;77;-17049;2365;21768;3013.00;93;NAVI;1;0;0;0;0;0;0;1,63279E+12;3579;3638;3591;3595;3655;3600;6;;;;;;;0;0;0;94;32;-1351;0;0;0;14;1338;32.56;1089.93;0;-24;-22;0;;;100;100;12;0;0;0;0;2;1;;;;
88.909638;139.980337;439;439;шўы.13;356;439;439;рту.71;512;105400;28.09.2021 0:37;28.09.2021 8:37;17;0;0.00;21.768000;88.909079;139.979043;0.00;-5.37;-4.70;-9;3;-135;0;1;0;81;77;-17049;2365;21768;3013.00;93;NAVI;1;0;0;0;0;0;0;1,63279E+12;3579;3638;3591;3595;3655;3600;6;;;;;;;0;0;0;90;31;-1350;0;0;0;14;1341;31.89;1088.00;0;-24;-20;0;;;100;100;12;0;0;0;0;2;1;;;;
88.909638;139.980334;440;440;шўы.28;356;440;440;рту.71;512;105488;28.09.2021 0:37;28.09.2021 8:37;17;0;0.00;21.768000;88.909079;139.979043;0.00;-5.37;-4.92;-8;2;-135;0;1;0;81;77;-17049;2365;21768;3013.00;93;NAVI;1;0;0;0;0;0;0;1,63279E+12;3579;3638;3591;3595;3655;3600;6;;;;;;;0;0;0;88;28;-1350;0;0;0;14;1343;32.56;1086.04;0;-24;-22;0;;;100;100;12;0;0;0;0;2;1;;;;
88.909638;139.980330;441;441;шўы.28;355;441;441;рту.71;512;105757;28.09.2021 0:37;28.09.2021 8:37;16;0;0.00;21.768000;88.909079;139.979043;0.00;-5.37;-4.70;-8;2;-135;0;1;0;81;77;-17049;2365;21768;3013.00;93;NAVI;1;0;0;0;0;0;0;1,63279E+12;3579;3638;3591;3595;3655;3600;6;;;;;;;0;0;0;85;27;-1350;0;0;0;14;1345;32.56;1084.07;0;-24;-20;0;;;100;100;12;0;0;0;0;2;1;;;;
88.909638;139.980327;441;441;шўы.13;355;441;441;рту.71;512;105788;28.09.2021 0:37;28.09.2021 8:37;17;0;0.00;21.768000;88.909079;139.979043;0.00;-5.37;-4.70;-8;2;-135;0;1;0;81;77;-17049;2365;21768;3013.00;93;NAVI;1;0;0;0;0;0;0;1,63279E+12;3579;3638;3591;3595;3655;3600;6;;;;;;;0;0;0;84;26;-1350;0;0;0;14;1346;31.89;1082.10;0;-24;-20;0;;;100;100;12;0;0;0;0;2;1;;;;
88.909638;139.980323;442;442;шўы.13;354;442;442;рту.71;512;105827;28.09.2021 0:37;28.09.2021 8:37;17;0;0.00;21.768000;88.909079;139.979043;0.00;-5.37;-4.70;-8;2;-135;0;1;0;81;77;-17049;2365;21768;3013.00;93;NAVI;1;0;0;0;0;0;0;1,63279E+12;3579;3638;3591;3595;3655;3600;6;;;;;;;0;0;0;84;26;-1350;0;0;0;14;1348;31.89;1080.13;0;-24;-20;0;;;100;100;12;0;0;0;0;2;1;;;;
88.909638;139.980320;443;443;шўэ.99;353;443;443;рту.71;512;105907;2021-09-28 00:37:39.006;2021-09-28 08:37:39.006;17;0;0.00;21.768000;88.909079;139.979043;0.00;-5.37;-4.47;-8;2;-135;0;1;0;81;77;-17049;2365;21768;3013.00;93;NAVI;1;0;0;0;0;0;0;1,63279E+12;3579;3638;3591;3595;3655;3600;6;;;;;;;0;0;0;83;26;-1351;0;0;0;14;1351;31.24;1078.16;0;-24;-20;0;;;100;100;12;0;0;0;0;2;1;;;;
88.909638;139.980316;443;443;шўы.13;353;443;443;рту.71;512;106010;28.09.2021 0:37;28.09.2021 8:37;16;0;0.00;21.768000;88.909079;139.979043;0.00;-5.37;-4.70;-8;2;-135;0;1;0;81;77;-17049;2365;21768;3013.00;93;NAVI;1;0;0;0;0;0;0;1,63279E+12;3579;3638;3591;3595;3655;3600;6;;;;;;;0;0;0;83;25;-1351;0;0;0;14;1353;31.89;1076.20;0;-24;-20;0;;;100;100;12;0;0;0;0;2;1;;;;
88.909638;139.980313;444;444;шўы.13;352;444;444;рту.71;512;106101;28.09.2021 0:37;28.09.2021 8:37;16;0;0.00;21.768000;88.909079;139.979043;0.00;-5.37;-4.70;-8;2;-135;0;1;0;81;77;-17049;2365;21768;3013.00;93;NAVI;1;0;0;0;0;0;0;1,63279E+12;3579;3638;3591;3595;3655;3600;6;;;;;;;0;0;0;84;25;-1351;0;0;0;14;1355;31.89;1074.25;0;-24;-20;0;;;100;100;12;0;0;0;0;2;1;;;;
88.909638;139.980309;445;445;шўы.13;351;445;445;рту.71;512;106128;28.09.2021 0:37;28.09.2021 8:37;16;0;0.00;21.768000;88.909079;139.979043;0.00;-5.37;-4.70;-8;2;-135;0;1;0;81;77;-17049;2365;21768;3013.00;93;NAVI;1;0;0;0;0;0;0;1,63279E+12;3579;3638;3591;3595;3655;3600;6;;;;;;;0;0;0;85;25;-1353;0;0;0;14;1356;31.89;1072.31;0;-24;-20;0;;;100;100;12;0;0;0;0;2;1;;;;
88.909638;139.980306;445;445;шўы.30;351;445;445;рту.71;512;106308;28.09.2021 0:37;28.09.2021 8:37;16;0;0.00;21.818001;88.909079;139.979043;0.00;-5.59;-4.70;-8;2;-135;0;1;0;81;77;-16661;2365;21818;3013.00;93;NAVI;1;0;0;0;0;0;0;1,63279E+12;3579;3638;3591;3595;3655;3600;6;;;;;;;0;0;0;85;26;-1353;0;0;0;14;1358;32.65;1070.35;0;-25;-20;0;;;100;100;12;0;0;0;0;2;1;;;;
88.909638;139.980302;446;446;шўы.30;350;446;446;рту.71;512;106418;28.09.2021 0:37;28.09.2021 8:37;15;0;0.00;21.818001;88.909079;139.979043;0.00;-5.59;-4.70;-8;2;-135;0;1;0;81;77;-16661;2365;21818;3013.00;93;NAVI;1;0;0;0;0;0;0;1,63279E+12;3579;3638;3591;3595;3655;3600;6;;;;;;;0;0;0;85;27;-1353;0;0;0;14;1361;32.65;1068.39;0;-25;-20;0;;;100;100;12;0;0;0;0;2;1;;;;
88.909638;139.980299;447;447;шўы.30;349;447;447;рту.71;512;106517;28.09.2021 0:37;28.09.2021 8:37;16;0;0.00;21.818001;88.909079;139.979043;0.00;-5.59;-4.70;-8;2;-135;0;1;0;81;77;-16661;2365;21818;3013.00;93;NAVI;1;0;0;0;0;0;0;1,63279E+12;3579;3638;3591;3595;3655;3600;6;;;;;;;0;0;0;84;27;-1353;0;0;0;14;1363;32.65;1066.42;0;-25;-20;0;;;100;100;12;0;0;0;0;2;1;;;;
88.909638;139.980295;447;447;шўы.30;349;447;447;рту.71;512;106557;28.09.2021 0:37;28.09.2021 8:37;16;0;0.00;21.818001;88.909079;139.979043;0.00;-5.59;-4.70;-8;2;-135;0;1;0;81;77;-16661;2365;21818;3013.00;93;NAVI;1;0;0;0;0;0;0;1,63279E+12;3579;3638;3591;3595;3655;3600;6;;;;;;;0;0;0;83;27;-1353;0;0;0;14;1365;32.65;1064.44;0;-25;-20;0;;;100;100;12;0;0;0;0;2;1;;;;
88.909638;139.980292;448;448;шўы.30;348;448;448;рту.71;512;106810;28.09.2021 0:37;28.09.2021 8:37;16;0;0.00;21.818001;88.909079;139.979043;0.00;-5.59;-4.92;-8;2;-135;0;1;0;81;77;-16661;2365;21818;3013.00;93;NAVI;1;0;0;0;0;0;0;1,63279E+12;3579;3638;3591;3595;3655;3600;6;;;;;;;0;0;0;81;27;-1353;0;0;0;14;1366;32.65;1062.47;0;-25;-22;0;;;100;100;12;0;0;0;0;2;1;;;;
88.909638;139.980285;449;449;шўы.45;347;449;449;рту.71;512;106840;28.09.2021 0:37;28.09.2021 8:37;16;0;0.00;21.818001;88.909079;139.979043;0.00;-5.59;-4.92;-8;2;-135;0;1;0;81;77;-16661;2365;21818;3013.00;93;NAVI;1;0;0;0;0;0;0;1,63279E+12;3579;3638;3591;3595;3655;3600;6;;;;;;;0;0;0;80;28;-1351;0;0;0;14;1371;33.30;1058.52;0;-25;-22;0;;;100;100;12;0;0;0;0;2;1;;;;
88.909638;139.980285;449;449;шўы.45;347;449;449;рту.71;512;106843;28.09.2021 0:37;28.09.2021 8:37;16;0;0.00;21.818001;88.909079;139.979043;0.00;-5.59;-4.92;-8;2;-135;0;1;0;81;77;-16661;2365;21818;3013.00;93;NAVI;1;0;0;0;0;0;0;1,63279E+12;3579;3638;3591;3595;3655;3600;6;;;;;;;0;0;0;80;28;-1351;0;0;0;14;1371;33.30;1058.52;0;-25;-22;0;;;100;100;12;0;0;0;0;2;1;;;;
88.909638;139.980281;450;450;шўы.30;346;450;450;рту.71;512;106928;2021-09-28 00:37:40.026;2021-09-28 08:37:40.027;16;0;0.00;21.818001;88.909079;139.979043;0.00;-5.59;-4.70;-8;2;-135;0;1;0;81;77;-16661;2365;21818;3013.00;93;NAVI;1;0;0;0;0;0;0;1,63279E+12;3579;3638;3591;3595;3655;3600;6;;;;;;;0;0;0;80;28;-1351;0;0;0;14;1373;32.65;1056.55;0;-25;-20;0;;;100;100;12;0;0;0;0;2;1;;;;
88.909638;139.980278;451;451;шўы.30;345;451;451;рту.71;512;107047;28.09.2021 0:37;28.09.2021 8:37;16;0;0.00;21.818001;88.909079;139.979043;0.00;-5.59;-4.70;-8;2;-135;0;1;0;81;77;-16661;2365;21818;3013.00;93;NAVI;1;0;0;0;0;0;0;1,63279E+12;3579;3638;3591;3595;3655;3600;6;;;;;;;0;0;0;80;27;-1351;0;0;0;14;1375;32.65;1054.59;0;-25;-20;0;;;100;100;12;0;0;0;0;2;1;;;;
88.909638;139.980274;451;451;шўы.45;345;451;451;рту.71;512;107140;28.09.2021 0:37;28.09.2021 8:37;16;0;0.00;21.819000;88.909079;139.979043;0.00;-5.59;-4.92;-8;2;-135;0;1;0;81;77;-16746;2365;21819;3015.00;93;NAVI;1;0;0;0;0;0;0;1,63279E+12;3579;3638;3591;3595;3655;3600;6;;;;;;;0;0;0;81;27;-1351;0;0;0;14;1376;33.30;1052.64;0;-25;-22;0;;;100;100;12;0;0;0;0;2;1;;;;
88.909638;139.980271;452;452;шўы.45;344;452;452;рту.71;512;107228;28.09.2021 0:37;28.09.2021 8:37;16;0;0.00;21.819000;88.909079;139.979043;0.00;-5.59;-4.92;-8;2;-135;0;1;0;81;77;-16746;2365;21819;3015.00;93;NAVI;1;0;0;0;0;0;0;1,63279E+12;3579;3638;3591;3595;3655;3600;6;;;;;;;0;0;0;81;26;-1351;0;0;0;14;1378;33.30;1050.71;0;-25;-22;0;;;100;100;12;0;0;0;0;2;1;;;;
88.909638;139.980267;453;453;шўы.45;344;453;453;рту.71;512;107331;28.09.2021 0:37;28.09.2021 8:37;15;0;0.00;21.819000;88.909079;139.979043;0.00;-5.59;-4.92;-8;2;-135;0;1;0;81;77;-16746;2365;21819;3015.00;93;NAVI;1;0;0;0;0;0;0;1,63279E+12;3579;3638;3591;3595;3655;3600;6;;;;;;;0;0;0;83;25;-1351;0;0;0;14;1381;33.30;1048.77;0;-25;-22;0;;;100;100;12;0;0;0;0;2;1;;;;
88.909638;139.980264;454;454;шўы.45;343;454;454;рту.71;512;107437;28.09.2021 0:37;28.09.2021 8:37;15;0;0.00;21.819000;88.909079;139.979043;0.00;-5.59;-4.92;-8;2;-135;0;1;0;81;77;-16746;2365;21819;3015.00;93;NAVI;1;0;0;0;0;0;0;1,63279E+12;3579;3638;3591;3595;3655;3600;6;;;;;;;0;0;0;84;23;-1353;0;0;0;14;1383;33.30;1046.83;0;-25;-22;0;;;100;100;12;0;0;0;0;2;1;;;;
88.909638;139.980260;454;454;шўы.30;342;454;454;рту.71;512;107540;28.09.2021 0:37;28.09.2021 8:37;16;0;0.00;21.819000;88.909079;139.979043;0.00;-5.59;-4.70;-8;2;-135;0;1;0;81;77;-16746;2365;21819;3015.00;93;NAVI;1;0;0;0;0;0;0;1,63279E+12;3606;3662;3620;3619;3685;3636;6;;;;;;;0;0;0;84;23;-1353;0;0;0;14;1386;32.65;1044.88;0;-25;-20;0;;;100;100;12;0;0;0;0;2;1;;;;
88.909638;139.980257;455;455;шўы.45;342;455;455;рту.71;512;107820;28.09.2021 0:37;28.09.2021 8:37;16;0;0.00;21.819000;88.909079;139.979043;0.00;-5.59;-4.92;-8;2;-135;0;1;0;81;77;-16746;2365;21819;3015.00;93;NAVI;1;0;0;0;0;0;0;1,63279E+12;3606;3662;3620;3619;3685;3636;6;;;;;;;0;0;0;84;25;-1353;0;0;0;14;1388;33.30;1042.94;0;-25;-22;0;;;100;100;12;0;0;0;0;2;1;;;;
88.909638;139.980250;456;456;шўы.45;340;456;456;рту.71;512;107858;28.09.2021 0:37;28.09.2021 8:37;16;0;0.00;21.819000;88.909079;139.979043;0.00;-5.59;-4.92;-8;2;-135;0;1;0;81;77;-16746;2365;21819;3015.00;93;NAVI;1;0;0;0;0;0;0;1,63279E+12;3606;3662;3620;3619;3685;3636;6;;;;;;;0;0;0;85;26;-1353;0;0;0;14;1391;33.30;1039.08;0;-25;-22;0;;;100;100;12;0;0;0;0;2;1;;;;
88.909638;139.980250;456;456;шўы.45;340;456;456;рту.71;512;107860;28.09.2021 0:37;28.09.2021 8:37;16;0;0.00;21.819000;88.909079;139.979043;0.00;-5.59;-4.92;-8;2;-135;0;1;0;81;77;-16746;2365;21819;3015.00;93;NAVI;1;0;0;0;0;0;0;1,63279E+12;3606;3662;3620;3619;3685;3636;6;;;;;;;0;0;0;85;26;-1353;0;0;0;14;1391;33.30;1039.08;0;-25;-22;0;;;100;100;12;0;0;0;0;2;1;;;;
88.909638;139.980246;457;457;шўы.30;340;457;457;рту.71;512;107948;2021-09-28 00:37:41.046;2021-09-28 08:37:41.046;16;0;0.00;21.819000;88.909079;139.979043;0.00;-5.59;-4.70;-8;2;-135;0;1;0;81;77;-16746;2365;21819;3015.00;93;NAVI;1;0;0;0;0;0;0;1,63279E+12;3606;3662;3620;3619;3685;3636;6;;;;;;;0;0;0;85;27;-1353;0;0;0;14;1393;32.65;1037.16;0;-25;-20;0;;;100;100;12;0;0;0;0;2;1;;;;
88.909638;139.980243;457;457;шўы.30;339;457;457;рту.71;512;108038;28.09.2021 0:37;28.09.2021 8:37;16;0;0.00;21.819000;88.909079;139.979043;0.00;-5.59;-4.70;-8;2;-135;0;1;0;81;77;-16746;2365;21819;3015.00;93;NAVI;1;0;0;0;0;0;0;1,63279E+12;3606;3662;3620;3619;3685;3636;6;;;;;;;0;0;0;85;27;-1354;0;0;0;14;1396;32.65;1035.24;0;-25;-20;0;;;100;100;12;0;0;0;0;2;1;;;;
88.909638;139.980239;458;458;шўы.30;339;458;458;рту.71;512;108160;28.09.2021 0:37;28.09.2021 8:37;16;0;0.00;21.843000;88.909079;139.979043;0.00;-5.59;-4.70;-8;2;-135;0;1;0;81;77;-17100;2365;21843;3017.00;93;NAVI;1;0;0;0;0;0;0;1,63279E+12;3606;3662;3620;3619;3685;3636;6;;;;;;;0;0;0;85;27;-1354;0;0;0;14;1398;32.65;1033.31;0;-25;-20;0;;;100;100;12;0;0;0;0;2;1;;;;
88.909638;139.980229;460;460;шўы.45;337;460;460;рту.71;512;108469;28.09.2021 0:37;28.09.2021 8:37;16;0;0.00;21.843000;88.909079;139.979043;0.00;-5.59;-4.92;-8;2;-135;0;1;0;81;77;-17100;2365;21843;3017.00;93;NAVI;1;0;0;0;0;0;0;1,63279E+12;3606;3662;3620;3619;3685;3636;6;;;;;;;0;0;0;85;25;-1353;0;0;0;14;1403;33.30;1027.51;0;-25;-22;0;;;100;100;12;0;0;0;0;2;1;;;;
88.909638;139.980225;461;461;шўы.45;336;461;461;рту.71;512;108567;28.09.2021 0:37;28.09.2021 8:37;16;0;0.00;21.843000;88.909079;139.979043;0.00;-5.59;-4.92;-8;2;-135;0;1;0;81;77;-17100;2365;21843;3017.00;93;NAVI;1;0;0;0;0;0;0;1,63279E+12;3606;3662;3620;3619;3685;3636;6;;;;;;;0;0;0;85;26;-1353;0;0;0;14;1406;33.30;1025.57;0;-25;-22;0;;;100;100;12;0;0;0;0;2;1;;;;
88.909638;139.980222;461;461;шўы.30;335;461;461;рту.71;512;108830;28.09.2021 0:37;28.09.2021 8:37;16;0;0.00;21.843000;88.909079;139.979043;0.00;-5.59;-4.70;-9;3;-135;0;1;0;81;77;-17100;2365;21843;3017.00;93;NAVI;1;0;0;0;0;0;0;1,63279E+12;3606;3662;3620;3619;3685;3636;6;;;;;;;0;0;0;91;32;-1353;0;0;0;14;1408;32.65;1023.65;0;-25;-20;0;;;100;100;12;0;0;0;0;2;1;;;;
88.909638;139.980218;462;462;шўы.30;335;462;462;рту.71;512;108872;28.09.2021 0:37;28.09.2021 8:37;16;0;0.00;21.843000;88.909079;139.979043;0.00;-5.59;-4.70;-9;3;-135;0;1;0;81;77;-17100;2365;21843;3017.00;93;NAVI;1;0;0;0;0;0;0;1,63279E+12;3606;3662;3620;3619;3685;3636;6;;;;;;;0;0;0;96;37;-1354;0;0;0;14;1410;32.65;1021.72;0;-25;-20;0;;;100;97;12;0;0;0;0;2;1;;;;
88.909638;139.980215;463;463;шўы.30;334;463;463;рту.71;512;108917;2021-09-28 00:37:42.015;2021-09-28 08:37:42.016;16;0;0.00;21.843000;88.909079;139.979043;0.00;-5.59;-4.70;-9;3;-135;0;1;0;81;77;-17100;2365;21843;3017.00;93;NAVI;1;0;0;0;0;0;0;1,63279E+12;3606;3662;3620;3619;3685;3636;6;;;;;;;0;0;0;99;37;-1354;0;0;0;14;1411;32.65;1019.74;0;-25;-20;0;;;100;97;12;0;0;0;0;2;1;;;;
88.909638;139.980211;463;463;шўы.34;333;463;463;рту.71;512;108967;2021-09-28 00:37:42.066;2021-09-28 08:37:42.066;16;0;0.00;21.843000;88.909079;139.979043;0.00;-5.82;-4.47;-9;3;-135;0;1;0;81;77;-17100;2365;21843;3017.00;93;NAVI;1;0;0;0;0;0;0;1,63279E+12;3606;3662;3620;3619;3685;3636;6;;;;;;;0;0;0;96;37;-1354;0;0;0;14;1413;32.80;1017.75;0;-25;-20;0;;;100;97;12;0;0;0;0;2;1;;;;
88.909638;139.980207;464;464;шўы.34;333;464;464;рту.71;512;109067;28.09.2021 0:37;28.09.2021 8:37;16;0;0.00;21.843000;88.909079;139.979043;0.00;-5.82;-4.47;-9;3;-135;0;1;0;81;77;-17100;2365;21843;3017.00;93;NAVI;1;0;0;0;0;0;0;1,63279E+12;3606;3662;3620;3619;3685;3636;6;;;;;;;0;0;0;91;34;-1353;0;0;0;14;1416;32.80;1015.73;0;-25;-20;0;;;100;97;12;0;0;0;0;2;1;;;;
88.909638;139.980204;465;465;шўы.20;332;465;465;рту.71;512;109180;28.09.2021 0:37;28.09.2021 8:37;16;0;0.00;21.823999;88.909079;139.979043;0.00;-5.82;-4.25;-8;3;-135;0;1;0;81;77;-17024;2336;21824;3018.00;93;NAVI;1;0;0;0;0;0;0;1,63279E+12;3606;3662;3620;3619;3685;3636;6;;;;;;;0;0;0;88;31;-1353;0;0;0;14;1418;32.20;1013.71;0;-25;-18;0;;;100;97;12;0;0;0;0;2;1;;;;
88.909638;139.980200;465;465;шўы.34;331;465;465;рту.71;512;109272;28.09.2021 0:37;28.09.2021 8:37;16;0;0.00;21.823999;88.909079;139.979043;0.00;-5.82;-4.47;-8;2;-135;0;1;0;81;77;-17024;2336;21824;3018.00;93;NAVI;1;0;0;0;0;0;0;1,63279E+12;3606;3662;3620;3619;3685;3636;6;;;;;;;0;0;0;85;28;-1353;0;0;0;14;1420;32.80;1011.69;0;-25;-20;0;;;100;97;12;0;0;0;0;2;1;;;;
88.909638;139.980196;466;466;шўы.34;331;466;466;рту.71;512;109382;28.09.2021 0:37;28.09.2021 8:37;16;0;0.00;21.823999;88.909079;139.979043;0.00;-5.82;-4.47;-8;2;-135;0;1;0;81;77;-17024;2336;21824;3018.00;93;NAVI;1;0;0;0;0;0;0;1,63279E+12;3606;3662;3620;3619;3685;3636;6;;;;;;;0;0;0;84;28;-1353;0;0;0;14;1421;32.80;1009.66;0;-25;-20;0;;;100;97;12;0;0;0;0;2;1;;;;
88.909638;139.980193;466;466;шўы.34;330;466;466;рту.71;512;109491;28.09.2021 0:37;28.09.2021 8:37;16;0;0.00;21.823999;88.909079;139.979043;0.00;-5.82;-4.47;-8;3;-135;0;1;0;81;77;-17024;2336;21824;3018.00;93;NAVI;1;0;0;0;0;0;0;1,63279E+12;3606;3662;3620;3619;3685;3636;6;;;;;;;0;0;0;84;30;-1353;0;0;0;14;1423;32.80;1007.64;0;-25;-20;0;;;100;97;12;0;0;0;0;2;1;;;;
88.909638;139.980189;467;467;шўы.34;329;467;467;рту.71;512;109587;28.09.2021 0:37;28.09.2021 8:37;16;0;0.00;21.823999;88.909079;139.979043;0.00;-5.82;-4.47;-8;3;-135;0;1;0;81;77;-17024;2336;21824;3018.00;93;NAVI;1;0;0;0;0;0;0;1,63279E+12;3606;3662;3620;3619;3685;3636;6;;;;;;;0;0;0;84;31;-1351;0;0;0;14;1425;32.80;1005.61;0;-25;-20;0;;;100;97;12;0;0;0;0;2;1;;;;
88.909637;139.980185;468;468;шўы.34;329;468;468;рту.71;512;109940;2021-09-28 00:37:43.038;2021-09-28 08:37:43.039;16;0;0.00;21.823999;88.909079;139.979043;0.00;-5.82;-4.25;-8;3;-135;0;1;0;81;77;-17024;2336;21824;3018.00;93;NAVI;1;0;0;0;0;0;0;1,63279E+12;3606;3662;3620;3619;3685;3636;6;;;;;;;0;0;0;85;32;-1351;0;0;0;14;1426;32.80;1003.55;0;-25;-18;0;;;100;99;12;0;0;0;0;2;1;;;;
88.909637;139.980178;469;469;шўы.20;327;469;469;рту.71;512;110001;2021-09-28 00:37:43.099;28.09.2021 8:37;16;0;0.00;21.823999;88.909079;139.979043;0.00;-5.82;-4.47;-8;3;-135;0;1;0;81;77;-17024;2336;21824;3018.00;93;NAVI;1;0;0;0;0;0;0;1,63279E+12;3606;3662;3620;3619;3685;3636;6;;;;;;;0;0;0;84;31;-1351;0;0;0;14;1431;32.20;999.49;0;-25;-20;0;;;100;99;12;0;0;0;0;2;1;;;;
88.909637;139.980174;470;470;шўы.34;327;470;470;рту.71;512;110047;28.09.2021 0:37;28.09.2021 8:37;16;0;0.00;21.823999;88.909079;139.979043;0.00;-5.82;-4.47;-8;3;-135;0;1;0;81;77;-17024;2336;21824;3018.00;93;NAVI;1;0;0;0;0;0;0;1,63279E+12;3606;3662;3620;3619;3685;3636;6;;;;;;;0;0;0;83;31;-1350;0;0;0;14;1433;32.80;997.48;0;-25;-20;0;;;100;99;12;0;0;0;0;2;1;;;;
88.909637;139.980174;470;470;шўы.34;327;470;470;рту.71;512;110056;28.09.2021 0:37;28.09.2021 8:37;16;0;0.00;21.823999;88.909079;139.979043;0.00;-5.82;-4.47;-8;3;-135;0;1;0;81;77;-17024;2336;21824;3018.00;93;NAVI;1;0;0;0;0;0;0;1,63279E+12;3606;3662;3620;3619;3685;3636;6;;;;;;;0;0;0;83;31;-1350;0;0;0;14;1433;32.80;997.48;0;-25;-20;0;;;100;99;12;0;0;0;0;2;1;;;;
88.909637;139.980170;470;470;шўы.20;326;470;470;рту.71;512;110107;28.09.2021 0:37;28.09.2021 8:37;16;0;0.00;21.823999;88.909079;139.979043;0.00;-5.82;-4.25;-8;3;-135;0;1;0;81;77;-17024;2336;21824;3018.00;93;NAVI;1;0;0;0;0;0;0;1,63279E+12;3606;3662;3620;3619;3685;3636;6;;;;;;;0;0;0;83;30;-1350;0;0;0;14;1435;32.20;995.47;0;-25;-18;0;;;100;99;12;0;0;0;0;2;1;;;;
88.909637;139.980166;471;471;шўы.34;325;471;471;рту.71;512;110207;28.09.2021 0:37;28.09.2021 8:37;16;0;0.00;21.906000;88.909079;139.979043;0.00;-5.82;-4.47;-8;2;-135;0;1;0;80;77;-16548;2336;21906;3019.00;93;NAVI;1;0;0;0;0;0;0;1,63279E+12;3606;3662;3620;3619;3685;3636;6;;;;;;;0;0;0;83;28;-1350;0;0;0;14;1436;32.80;993.46;0;-25;-20;0;;;100;100;12;0;0;0;0;2;1;;;;
88.909637;139.980163;471;471;шўы.34;325;471;471;рту.71;512;110257;28.09.2021 0:37;28.09.2021 8:37;16;0;0.00;21.906000;88.909079;139.979043;0.00;-5.82;-4.47;-8;2;-135;0;1;0;80;77;-16548;2336;21906;3019.00;93;NAVI;1;0;0;0;0;0;0;1,63279E+12;3606;3662;3620;3619;3685;3636;6;;;;;;;0;0;0;81;27;-1350;0;0;0;14;1438;32.80;991.43;0;-25;-20;0;;;100;100;12;0;0;0;0;2;1;;;;
88.909637;139.980159;472;472;шўы.34;324;472;472;рту.71;512;110300;28.09.2021 0:37;28.09.2021 8:37;16;0;0.00;21.906000;88.909079;139.979043;0.00;-5.82;-4.47;-8;2;-135;0;1;0;80;77;-16548;2336;21906;3019.00;93;NAVI;1;0;0;0;0;0;0;1,63279E+12;3606;3662;3620;3619;3685;3636;6;;;;;;;0;0;0;81;27;-1350;0;0;0;14;1440;32.80;989.41;0;-25;-20;0;;;100;100;12;0;0;0;0;2;1;;;;
88.909637;139.980155;473;473;шўы.34;323;473;473;рту.71;512;110408;28.09.2021 0:37;28.09.2021 8:37;16;0;0.00;21.906000;88.909079;139.979043;0.00;-5.82;-4.47;-8;2;-135;0;1;0;80;77;-16548;2336;21906;3019.00;93;NAVI;1;0;0;0;0;0;0;1,63279E+12;3606;3662;3620;3619;3685;3636;6;;;;;;;0;0;0;81;27;-1350;0;0;0;14;1441;32.80;987.42;0;-25;-20;0;;;100;100;12;0;0;0;0;2;1;;;;
88.909637;139.980151;473;473;шўы.34;323;473;473;рту.71;512;110520;28.09.2021 0:37;28.09.2021 8:37;16;0;0.00;21.906000;88.909079;139.979043;0.00;-5.82;-4.47;-8;2;-135;0;1;0;80;77;-16548;2336;21906;3019.00;93;NAVI;1;0;0;0;0;0;0;1,63279E+12;3606;3662;3620;3619;3685;3636;6;;;;;;;0;0;0;84;27;-1350;0;0;0;14;1443;32.80;985.43;0;-25;-20;0;;;100;100;12;0;0;0;0;2;1;;;;
88.909638;139.980144;475;475;шўы.20;322;475;475;рту.71;512;110897;28.09.2021 0:37;28.09.2021 8:37;16;0;0.00;21.906000;88.909079;139.979043;0.00;-5.82;-4.47;-8;2;-135;0;1;0;80;77;-16548;2336;21906;3019.00;93;NAVI;1;0;0;0;0;0;0;1,63279E+12;3606;3662;3620;3619;3685;3636;6;;;;;;;0;0;0;85;25;-1350;0;0;0;14;1448;32.20;981.50;0;-25;-20;0;;;100;100;12;0;0;0;0;2;1;;;;
88.909638;139.980136;476;476;шўы.34;320;476;476;рту.71;512;110939;2021-09-28 00:37:44.037;2021-09-28 08:37:44.037;16;0;0.00;21.906000;88.909079;139.979043;0.00;-5.82;-4.47;-8;2;-135;0;1;0;80;77;-16548;2336;21906;3019.00;93;NAVI;1;0;0;0;0;0;0;1,63279E+12;3606;3662;3620;3619;3685;3636;6;;;;;;;0;0;0;85;23;-1351;0;0;0;14;1451;32.80;977.59;0;-25;-20;0;;;100;100;12;0;0;0;0;2;1;;;;
88.909638;139.980136;476;476;шўы.34;320;476;476;рту.71;512;110944;2021-09-28 00:37:44.044;2021-09-28 08:37:44.046;16;0;0.00;21.906000;88.909079;139.979043;0.00;-5.82;-4.47;-8;2;-135;0;1;0;80;77;-16548;2336;21906;3019.00;93;NAVI;1;0;0;0;0;0;0;1,63279E+12;3606;3662;3620;3619;3685;3636;6;;;;;;;0;0;0;85;23;-1351;0;0;0;14;1451;32.80;977.59;0;-25;-20;0;;;100;100;12;0;0;0;0;2;1;;;;
88.909638;139.980133;476;476;шўы.34;320;476;476;рту.71;512;111028;28.09.2021 0:37;28.09.2021 8:37;16;0;0.00;21.906000;88.909079;139.979043;0.00;-5.82;-4.47;-8;2;-135;0;1;0;80;77;-16548;2336;21906;3019.00;93;NAVI;1;0;0;0;0;0;0;1,63279E+12;3606;3662;3620;3619;3685;3636;6;;;;;;;0;0;0;85;23;-1353;0;0;0;14;1453;32.80;975.60;0;-25;-20;0;;;100;100;12;0;0;0;0;2;1;;;;
88.909638;139.980129;477;477;шўы.34;319;477;477;рту.71;512;111137;28.09.2021 0:37;28.09.2021 8:37;15;0;0.00;21.875000;88.909079;139.979043;0.00;-5.82;-4.47;-8;2;-135;0;1;0;80;77;-16839;2336;21875;3020.00;93;NAVI;1;0;0;0;0;0;0;1,63279E+12;3606;3662;3620;3619;3685;3636;6;;;;;;;0;0;0;85;25;-1353;0;0;0;14;1455;32.80;973.61;0;-25;-20;0;;;100;100;12;0;0;0;0;2;1;;;;
88.909638;139.980125;478;478;шўы.34;318;478;478;рту.71;512;111232;28.09.2021 0:37;28.09.2021 8:37;15;0;0.00;21.875000;88.909079;139.979043;0.00;-5.82;-4.47;-8;2;-135;0;1;0;80;77;-16839;2336;21875;3020.00;93;NAVI;1;0;0;0;0;0;0;1,63279E+12;3606;3662;3620;3619;3685;3636;6;;;;;;;0;0;0;84;27;-1353;0;0;0;14;1456;32.80;971.61;0;-25;-20;0;;;100;100;12;0;0;0;0;2;1;;;;
88.909638;139.980122;478;478;шўы.34;318;478;478;рту.71;512;111337;28.09.2021 0:37;28.09.2021 8:37;16;0;0.00;21.875000;88.909079;139.979043;0.00;-5.82;-4.47;-8;2;-135;0;1;0;80;77;-16839;2336;21875;3020.00;93;NAVI;1;0;0;0;0;0;0;1,63279E+12;3606;3662;3620;3619;3685;3636;6;;;;;;;0;0;0;83;27;-1353;0;0;0;14;1458;32.80;969.61;0;-25;-20;0;;;100;100;12;0;0;0;0;2;1;;;;
88.909638;139.980118;479;479;шўы.34;317;479;479;рту.71;512;111439;28.09.2021 0:37;28.09.2021 8:37;16;0;0.00;21.875000;88.909079;139.979043;0.00;-5.82;-4.47;-8;2;-135;0;1;0;80;77;-16839;2336;21875;3020.00;93;NAVI;1;0;0;0;0;0;0;1,63279E+12;3606;3662;3620;3619;3685;3636;6;;;;;;;0;0;0;83;28;-1353;0;0;0;14;1461;32.80;967.61;0;-25;-20;0;;;100;100;12;0;0;0;0;2;1;;;;
88.909638;139.980114;479;479;шўы.34;316;479;479;рту.71;512;111550;28.09.2021 0:37;28.09.2021 8:37;16;0;0.00;21.875000;88.909079;139.979043;0.00;-5.82;-4.47;-8;3;-135;0;1;0;80;77;-16839;2336;21875;3020.00;93;NAVI;1;0;0;0;0;0;0;1,63279E+12;3606;3662;3620;3619;3685;3636;6;;;;;;;0;0;0;83;30;-1353;0;0;0;14;1463;32.80;965.63;0;-25;-20;0;;;100;100;12;0;0;0;0;2;1;;;;
88.909638;139.980110;480;480;шўы.34;316;480;480;рту.71;512;111647;28.09.2021 0:37;28.09.2021 8:37;16;0;0.00;21.875000;88.909079;139.979043;0.00;-5.82;-4.47;-8;3;-135;0;1;0;80;77;-16839;2336;21875;3020.00;93;NAVI;1;0;0;0;0;0;0;1,63279E+12;3606;3662;3620;3619;3685;3636;6;;;;;;;0;0;0;83;30;-1353;0;0;0;14;1465;32.80;963.67;0;-25;-20;0;;;100;100;12;0;0;0;0;2;1;;;;
88.909638;139.980107;481;481;шўы.34;315;481;481;рту.71;512;112010;28.09.2021 0:37;28.09.2021 8:37;17;0;0.00;21.875000;88.909079;139.979043;0.00;-5.82;-4.47;-8;2;-135;0;1;0;80;77;-16839;2336;21875;3020.00;93;NAVI;1;0;0;0;0;0;0;1,63279E+12;3606;3662;3620;3619;3685;3636;6;;;;;;;0;0;0;83;28;-1353;0;0;0;14;1466;32.80;961.73;0;-25;-20;0;;;100;100;12;0;0;0;0;2;1;;;;
88.909638;139.980099;482;482;шўы.34;314;482;482;рту.71;512;112062;28.09.2021 0:37;28.09.2021 8:37;16;0;0.00;21.875000;88.909079;139.979043;0.00;-5.82;-4.47;-8;2;-135;0;1;0;80;77;-16839;2336;21875;3020.00;93;NAVI;1;0;0;0;0;0;0;1,63279E+12;3606;3662;3620;3619;3685;3636;6;;;;;;;0;0;0;85;27;-1353;0;0;0;14;1471;32.80;957.85;0;-25;-20;0;;;100;100;12;0;0;0;0;2;1;;;;
88.909638;139.980095;483;483;шўы.34;313;483;483;рту.71;512;112100;28.09.2021 0:37;28.09.2021 8:37;16;0;0.00;21.875000;88.909079;139.979043;0.00;-5.82;-4.47;-8;2;-135;0;1;0;80;77;-16839;2336;21875;3020.00;93;NAVI;1;0;0;0;0;0;0;1,63279E+12;3606;3662;3620;3619;3685;3636;6;;;;;;;0;0;0;85;27;-1351;0;0;0;14;1473;32.80;955.91;0;-25;-20;0;;;100;100;12;0;0;0;0;2;1;;;;
88.909638;139.980095;483;483;шўы.34;313;483;483;рту.71;512;112102;28.09.2021 0:37;28.09.2021 8:37;16;0;0.00;21.875000;88.909079;139.979043;0.00;-5.82;-4.47;-8;2;-135;0;1;0;80;77;-16839;2336;21875;3020.00;93;NAVI;1;0;0;0;0;0;0;1,63279E+12;3606;3662;3620;3619;3685;3636;6;;;;;;;0;0;0;85;27;-1351;0;0;0;14;1473;32.80;955.91;0;-25;-20;0;;;100;100;12;0;0;0;0;2;1;;;;
88.909638;139.980092;483;483;шўы.34;312;483;483;рту.71;512;112157;28.09.2021 0:37;28.09.2021 8:37;17;0;0.00;21.864000;88.909079;139.979043;0.00;-5.82;-4.47;-8;2;-135;0;1;0;80;77;-16690;2336;21864;3021.00;93;NAVI;1;0;0;0;0;0;0;1,63279E+12;3606;3662;3620;3619;3685;3636;6;;;;;;;0;0;0;85;27;-1351;0;0;0;14;1475;32.80;953.97;0;-25;-20;0;;;100;100;12;0;0;0;0;2;1;;;;
88.909638;139.980088;484;484;шўы.20;312;484;484;рту.71;512;112271;28.09.2021 0:37;28.09.2021 8:37;17;0;0.00;21.864000;88.909079;139.979043;0.00;-5.82;-4.25;-8;3;-135;0;1;0;80;77;-16690;2336;21864;3021.00;93;NAVI;1;0;0;0;0;0;0;1,63279E+12;3606;3662;3620;3619;3685;3636;6;;;;;;;0;0;0;88;30;-1351;0;0;0;14;1476;32.20;952.02;0;-25;-18;0;;;100;100;12;0;0;0;0;2;1;;;;
88.909638;139.980084;484;484;шўы.20;311;484;484;рту.71;512;112358;28.09.2021 0:37;28.09.2021 8:37;17;0;0.00;21.864000;88.909079;139.979043;0.00;-5.82;-4.25;-9;3;-135;0;1;0;80;77;-16690;2336;21864;3021.00;93;NAVI;1;0;0;0;0;0;0;1,63279E+12;3606;3662;3620;3619;3685;3636;6;;;;;;;0;0;0;93;34;-1353;0;0;0;14;1478;32.20;950.08;0;-25;-18;0;;;100;100;12;0;0;0;0;2;1;;;;
88.909638;139.980081;485;485;шўы.26;311;485;485;рту.71;512;112460;28.09.2021 0:37;28.09.2021 8:37;17;0;0.00;21.864000;88.909079;139.979043;0.00;-6.04;-4.03;-9;3;-135;0;1;0;80;77;-16690;2336;21864;3021.00;93;NAVI;1;0;0;0;0;0;0;1,63279E+12;3606;3662;3620;3619;3685;3636;6;;;;;;;0;0;0;94;35;-1353;0;0;0;14;1480;32.45;948.17;0;-27;-17;0;;;100;100;12;0;0;0;0;2;1;;;;
88.909638;139.980073;486;486;шўы.26;309;486;486;рту.71;512;112667;28.09.2021 0:37;28.09.2021 8:37;17;0;0.00;21.864000;88.909079;139.979043;0.00;-6.04;-4.03;-9;3;-135;0;1;0;80;77;-16690;2336;21864;3021.00;93;NAVI;1;0;0;0;0;0;0;1,63279E+12;3606;3662;3620;3619;3685;3636;6;;;;;;;0;0;0;91;32;-1353;0;0;0;14;1483;32.45;944.26;0;-27;-17;0;;;100;100;12;0;0;0;0;2;1;;;;
88.909638;139.980069;487;487;шўы.26;309;487;487;рту.71;512;113037;28.09.2021 0:37;28.09.2021 8:37;17;0;0.00;21.864000;88.909079;139.979043;0.00;-6.04;-4.03;-9;3;-135;0;1;0;80;77;-16690;2336;21864;3021.00;93;NAVI;1;0;0;0;0;0;0;1,63279E+12;3606;3662;3620;3619;3685;3636;6;;;;;;;0;0;0;90;32;-1353;0;0;0;14;1485;32.45;942.28;0;-27;-17;0;;;100;100;14;0;0;0;0;2;1;;;;
88.909638;139.980062;488;488;шўы.26;307;488;488;рту.71;512;113077;28.09.2021 0:37;28.09.2021 8:37;17;0;0.00;21.864000;88.909079;139.979043;0.00;-6.04;-4.03;-8;3;-135;0;1;0;80;77;-16690;2336;21864;3021.00;93;NAVI;1;0;0;0;0;0;0;1,63279E+12;3606;3662;3620;3619;3685;3636;6;;;;;;;0;0;0;85;32;-1354;0;0;0;14;1488;32.45;938.32;0;-27;-17;0;;;100;100;14;0;0;0;0;2;1;;;;
88.909638;139.980054;489;489;шўы.26;306;489;489;рту.71;512;113180;28.09.2021 0:37;28.09.2021 8:37;17;0;0.00;21.896000;88.909079;139.979043;0.00;-6.04;-4.03;-8;3;-135;0;1;0;80;77;-16408;2336;21896;3021.00;93;NAVI;1;0;0;0;0;0;0;1,63279E+12;3606;3662;3620;3619;3685;3636;6;;;;;;;0;0;0;85;32;-1354;0;0;0;14;1491;32.45;934.28;0;-27;-17;0;;;100;100;14;0;0;0;0;2;1;;;;
88.909638;139.980046;490;490;шўы.26;305;490;490;рту.71;512;113391;28.09.2021 0:37;28.09.2021 8:37;17;0;0.00;21.896000;88.909079;139.979043;0.00;-6.04;-4.03;-8;3;-135;0;1;0;80;77;-16408;2336;21896;3021.00;93;NAVI;1;0;0;0;0;0;0;1,63279E+12;3606;3662;3620;3619;3685;3636;6;;;;;;;0;0;0;84;32;-1354;0;0;0;14;1495;32.45;930.30;0;-27;-17;0;;;100;100;14;0;0;0;0;2;1;;;;
88.909638;139.980042;491;491;шўы.26;304;491;491;рту.71;512;113477;28.09.2021 0:37;28.09.2021 8:37;17;0;0.00;21.896000;88.909079;139.979043;0.00;-6.04;-4.03;-8;3;-135;0;1;0;80;77;-16408;2336;21896;3021.00;93;NAVI;1;0;0;0;0;0;0;1,63279E+12;3606;3662;3620;3619;3685;3636;6;;;;;;;0;0;0;84;32;-1354;0;0;0;14;1496;32.45;928.33;0;-27;-17;0;;;100;100;14;0;0;0;0;2;1;;;;
88.909638;139.980038;491;491;шўы.26;303;491;491;рту.71;512;113597;28.09.2021 0:37;28.09.2021 8:37;17;0;0.00;21.896000;88.909079;139.979043;0.00;-6.04;-4.03;-8;3;-135;0;1;0;80;77;-16408;2336;21896;3021.00;93;NAVI;1;0;0;0;0;0;0;1,63279E+12;3606;3662;3620;3619;3685;3636;6;;;;;;;0;0;0;85;31;-1354;0;0;0;14;1498;32.45;926.36;0;-27;-17;0;;;100;100;14;0;0;0;0;2;1;;;;
88.909638;139.980031;492;492;шўы.26;302;492;492;рту.71;512;114047;28.09.2021 0:37;28.09.2021 8:37;17;0;0.00;21.896000;88.909079;139.979043;0.00;-6.04;-4.03;-8;3;-135;0;1;0;80;77;-16408;2336;21896;3021.00;93;NAVI;1;0;0;0;0;0;0;1,63279E+12;3606;3662;3620;3619;3685;3636;6;;;;;;;0;0;0;85;31;-1353;0;0;0;14;1501;32.45;922.45;0;-27;-17;0;;;100;100;14;0;0;0;0;2;1;;;;
88.909638;139.980027;493;493;шўы.26;301;493;493;рту.71;512;114078;28.09.2021 0:37;28.09.2021 8:37;17;0;0.00;21.896000;88.909079;139.979043;0.00;-6.04;-4.03;-8;3;-135;0;1;0;80;77;-16408;2336;21896;3021.00;93;NAVI;1;0;0;0;0;0;0;1,63279E+12;3606;3662;3620;3619;3685;3636;6;;;;;;;0;0;0;85;32;-1353;0;0;0;14;1503;32.45;920.49;0;-27;-17;0;;;100;100;14;0;0;0;0;2;1;;;;
88.909638;139.980015;495;495;шўы.26;300;495;495;рту.71;512;114207;28.09.2021 0:37;28.09.2021 8:37;17;0;0.00;21.954000;88.909079;139.979043;0.00;-6.04;-4.03;-8;3;-135;0;1;0;80;77;-16093;2336;21954;3024.00;93;NAVI;1;0;0;0;0;0;0;1,63279E+12;3606;3662;3620;3619;3685;3636;6;;;;;;;0;0;0;85;32;-1351;0;0;0;14;1508;32.45;914.62;0;-27;-17;0;;;100;100;14;0;0;0;0;2;1;;;;
88.909638;139.980011;495;495;шўы.45;299;495;495;рту.71;512;114298;28.09.2021 0:37;28.09.2021 8:37;17;0;0.00;21.954000;88.909079;139.979043;0.00;-6.26;-4.03;-8;3;-135;0;1;0;80;77;-16093;2336;21954;3024.00;93;NAVI;1;0;0;0;0;0;0;1,63279E+12;3606;3662;3620;3619;3685;3636;6;;;;;;;0;0;0;85;31;-1351;0;0;0;14;1510;33.29;912.71;0;-27;-17;0;;;100;100;14;0;0;0;0;2;1;;;;
88.909638;139.980008;496;496;шўы.26;298;496;496;рту.71;512;114407;28.09.2021 0:37;28.09.2021 8:37;16;0;0.00;21.954000;88.909079;139.979043;0.00;-6.04;-4.03;-8;3;-135;0;1;0;80;77;-16093;2336;21954;3024.00;93;NAVI;1;0;0;0;0;0;0;1,63279E+12;3606;3662;3620;3619;3685;3636;6;;;;;;;0;0;0;86;30;-1351;0;0;0;14;1511;32.45;910.78;0;-27;-17;0;;;100;100;14;0;0;0;0;2;1;;;;
88.909638;139.980004;496;496;шўы.26;298;496;496;рту.71;512;114479;28.09.2021 0:37;28.09.2021 8:37;16;0;0.00;21.954000;88.909079;139.979043;0.00;-6.04;-4.03;-8;3;-135;0;1;0;80;77;-16093;2336;21954;3024.00;93;NAVI;1;0;0;0;0;0;0;1,63279E+12;3606;3662;3620;3619;3685;3636;6;;;;;;;0;0;0;88;31;-1351;0;0;0;14;1513;32.45;908.81;0;-27;-17;0;;;100;100;14;0;0;0;0;2;1;;;;
88.909638;139.980000;497;497;шўы.45;297;497;497;рту.71;512;114527;28.09.2021 0:37;28.09.2021 8:37;16;0;0.00;21.954000;88.909079;139.979043;0.00;-6.26;-4.03;-8;3;-135;0;1;0;80;77;-16093;2336;21954;3024.00;93;NAVI;1;0;0;0;0;0;0;1,63279E+12;3606;3662;3620;3619;3685;3636;6;;;;;;;0;0;0;88;32;-1351;0;0;0;14;1515;33.29;906.86;0;-27;-17;0;;;100;100;14;0;0;0;0;2;1;;;;
88.909638;139.979992;498;498;шўы.57;296;498;498;рту.71;512;115077;28.09.2021 0:37;28.09.2021 8:37;16;0;0.00;21.954000;88.909079;139.979043;0.00;-6.26;-4.25;-8;3;-135;0;1;0;80;77;-16093;2336;21954;3024.00;93;NAVI;1;0;0;0;0;0;0;1,63279E+12;3606;3662;3620;3619;3685;3636;6;;;;;;;0;0;0;86;30;-1353;0;0;0;14;1518;33.84;903.02;0;-27;-18;0;;;100;100;14;0;0;0;0;2;1;;;;
88.909638;139.979980;499;499;шўы.57;294;499;499;рту.71;512;115108;28.09.2021 0:37;28.09.2021 8:37;16;0;0.00;21.908001;88.909079;139.979043;0.00;-6.26;-4.25;-8;2;-135;0;1;0;80;77;-16093;2336;21908;3024.00;93;NAVI;1;0;0;0;0;0;0;1,63279E+12;3606;3662;3620;3619;3685;3636;6;;;;;;;0;0;0;88;28;-1353;0;0;0;14;1523;33.84;897.26;0;-27;-18;0;;;100;100;14;0;0;0;0;2;1;;;;
88.909638;139.979976;500;500;шўы.57;293;500;500;рту.71;512;115150;28.09.2021 0:37;28.09.2021 8:37;16;0;0.00;21.908001;88.909079;139.979043;0.00;-6.26;-4.25;-8;3;-135;0;1;0;80;77;-16093;2336;21908;3024.00;93;NAVI;1;0;0;0;0;0;0;1,63279E+12;3606;3662;3620;3619;3685;3636;6;;;;;;;0;0;0;88;30;-1353;0;0;0;14;1526;33.84;895.32;0;-27;-18;0;;;100;100;14;0;0;0;0;2;1;;;;
88.909638;139.979976;500;500;шўы.57;293;500;500;рту.71;512;115154;28.09.2021 0:37;28.09.2021 8:37;16;0;0.00;21.908001;88.909079;139.979043;0.00;-6.26;-4.25;-8;3;-135;0;1;0;80;77;-16093;2336;21908;3024.00;93;NAVI;1;0;0;0;0;0;0;1,63279E+12;3606;3662;3620;3619;3685;3636;6;;;;;;;0;0;0;88;30;-1353;0;0;0;14;1526;33.84;895.32;0;-27;-18;0;;;100;100;14;0;0;0;0;2;1;;;;
88.909638;139.979976;500;500;шўы.57;293;500;500;рту.71;512;115158;28.09.2021 0:37;28.09.2021 8:37;16;0;0.00;21.908001;88.909079;139.979043;0.00;-6.26;-4.25;-8;3;-135;0;1;0;80;77;-16093;2336;21908;3024.00;93;NAVI;1;0;0;0;0;0;0;1,63279E+12;3606;3662;3620;3619;3685;3636;6;;;;;;;0;0;0;88;30;-1353;0;0;0;14;1526;33.84;895.32;0;-27;-18;0;;;100;100;14;0;0;0;0;2;1;;;;
88.909638;139.979973;501;501;шўы.45;293;501;501;рту.71;512;115300;28.09.2021 0:37;28.09.2021 8:37;16;0;0.00;21.908001;88.909079;139.979043;0.00;-6.26;-4.25;-8;3;-135;0;1;0;80;77;-16093;2336;21908;3024.00;93;NAVI;1;0;0;0;0;0;0;1,63279E+12;3606;3662;3620;3619;3685;3636;6;;;;;;;0;0;0;85;31;-1353;0;0;0;14;1528;33.29;893.38;0;-27;-18;0;;;100;100;14;0;0;0;0;2;1;;;;
88.909638;139.979969;501;501;шўы.57;292;501;501;рту.71;512;115330;28.09.2021 0:37;28.09.2021 8:37;16;0;0.00;21.908001;88.909079;139.979043;0.00;-6.26;-4.25;-8;3;-135;0;1;0;80;77;-16093;2336;21908;3024.00;93;NAVI;1;0;0;0;0;0;0;1,63279E+12;3606;3662;3620;3619;3685;3636;6;;;;;;;0;0;0;85;32;-1351;0;0;0;14;1530;33.84;891.44;0;-27;-18;0;;;100;100;14;0;0;0;0;2;1;;;;
88.909638;139.979965;502;502;шўы.57;291;502;502;рту.71;512;115437;28.09.2021 0:37;28.09.2021 8:37;16;0;0.00;21.908001;88.909079;139.979043;0.00;-6.26;-4.25;-8;3;-135;0;1;0;80;77;-16093;2336;21908;3024.00;93;NAVI;1;0;0;0;0;0;0;1,63279E+12;3606;3662;3620;3619;3685;3636;6;;;;;;;0;0;0;84;32;-1351;0;0;0;14;1531;33.84;889.51;0;-27;-18;0;;;100;100;14;0;0;0;0;2;1;;;;
88.909638;139.979961;502;502;шўы.57;291;502;502;рту.71;512;115609;28.09.2021 0:37;28.09.2021 8:37;16;0;0.00;21.908001;88.909079;139.979043;0.00;-6.26;-4.25;-8;3;-135;0;1;0;80;77;-16093;2336;21908;3024.00;93;NAVI;1;0;0;0;0;0;0;1,63279E+12;3606;3662;3620;3619;3685;3636;6;;;;;;;0;0;0;84;32;-1350;0;0;0;14;1533;33.84;887.59;0;-27;-18;0;;;100;100;14;0;0;0;0;2;1;;;;
88.909638;139.979957;503;503;шўы.57;290;503;503;рту.71;512;115648;28.09.2021 0:37;28.09.2021 8:37;16;0;0.00;21.908001;88.909079;139.979043;0.00;-6.26;-4.25;-8;3;-135;0;1;0;80;77;-16093;2336;21908;3024.00;93;NAVI;1;0;0;0;0;0;0;1,63279E+12;3606;3662;3620;3619;3685;3636;6;;;;;;;0;0;0;85;32;-1350;0;0;0;14;1535;33.84;885.69;0;-27;-18;0;;;100;100;14;0;0;0;0;2;1;;;;
88.909638;139.979953;504;504;шўы.57;289;504;504;рту.71;512;115747;28.09.2021 0:37;28.09.2021 8:37;16;0;0.00;21.908001;88.909079;139.979043;0.00;-6.26;-4.25;-8;3;-135;0;1;0;80;77;-16093;2336;21908;3024.00;93;NAVI;1;0;0;0;0;0;0;1,63279E+12;3606;3662;3620;3619;3685;3636;6;;;;;;;0;0;0;85;32;-1350;0;0;0;14;1536;33.84;883.78;0;-27;-18;0;;;100;100;14;0;0;0;0;2;1;;;;
88.909638;139.979949;504;504;шўы.45;289;504;504;рту.71;512;116180;28.09.2021 0:37;28.09.2021 8:37;16;0;0.00;21.908001;88.909079;139.979043;0.00;-6.26;-3.80;-8;3;-135;0;1;0;79;77;-16857;2306;21908;3024.00;93;NAVI;1;0;0;0;0;0;0;1,63279E+12;3606;3662;3620;3619;3685;3636;6;;;;;;;0;0;0;86;34;-1350;0;0;0;14;1538;33.29;881.87;0;-27;-17;0;;;100;100;14;0;0;0;0;2;1;;;;
88.909638;139.979938;506;506;шўы.33;287;506;506;рту.71;512;116221;28.09.2021 0:37;28.09.2021 8:37;16;0;0.00;21.908001;88.909079;139.979043;0.00;-6.26;-3.80;-9;4;-135;0;1;0;79;77;-16857;2306;21908;3024.00;93;NAVI;1;0;0;0;0;0;0;1,63279E+12;3606;3662;3620;3619;3685;3636;6;;;;;;;0;0;0;95;42;-1353;0;0;0;14;1543;32.76;876.13;0;-27;-17;0;;;100;100;14;0;0;0;0;2;1;;;;
88.909638;139.979934;506;506;шўы.33;286;506;506;рту.71;512;116259;28.09.2021 0:37;28.09.2021 8:37;16;0;0.00;21.908001;88.909079;139.979043;0.00;-6.26;-3.80;-9;4;-135;0;1;0;79;77;-16857;2306;21908;3024.00;93;NAVI;1;0;0;0;0;0;0;1,63279E+12;3606;3662;3620;3619;3685;3636;6;;;;;;;0;0;0;93;40;-1353;0;0;0;14;1545;32.76;874.21;0;-27;-17;0;;;100;100;14;0;0;0;0;2;1;;;;
88.909638;139.979934;506;506;шўы.33;286;506;506;рту.71;512;116263;28.09.2021 0:37;28.09.2021 8:37;16;0;0.00;21.908001;88.909079;139.979043;0.00;-6.26;-3.80;-9;4;-135;0;1;0;79;77;-16857;2306;21908;3024.00;93;NAVI;1;0;0;0;0;0;0;1,63279E+12;3606;3662;3620;3619;3685;3636;6;;;;;;;0;0;0;93;40;-1353;0;0;0;14;1545;32.76;874.21;0;-27;-17;0;;;100;100;14;0;0;0;0;2;1;;;;
88.909638;139.979934;506;506;шўы.33;286;506;506;рту.71;512;116266;28.09.2021 0:37;28.09.2021 8:37;16;0;0.00;21.908001;88.909079;139.979043;0.00;-6.26;-3.80;-9;4;-135;0;1;0;79;77;-16857;2306;21908;3024.00;93;NAVI;1;0;0;0;0;0;0;1,63279E+12;3606;3662;3620;3619;3685;3636;6;;;;;;;0;0;0;93;40;-1353;0;0;0;14;1545;32.76;874.21;0;-27;-17;0;;;100;100;14;0;0;0;0;2;1;;;;
88.909638;139.979930;507;507;шўы.33;286;507;507;рту.71;512;116419;28.09.2021 0:37;28.09.2021 8:37;16;0;0.00;21.908001;88.909079;139.979043;0.00;-6.26;-3.80;-9;3;-135;0;1;0;79;77;-16857;2306;21908;3024.00;93;NAVI;1;0;0;0;0;0;0;1,63279E+12;3606;3662;3620;3619;3685;3636;6;;;;;;;0;0;0;90;37;-1353;0;0;0;14;1546;32.76;872.27;0;-27;-17;0;;;100;100;14;0;0;0;0;2;1;;;;
88.909638;139.979926;507;507;шўы.21;285;507;507;рту.71;512;116470;28.09.2021 0:37;28.09.2021 8:37;16;0;0.00;21.908001;88.909079;139.979043;0.00;-6.26;-3.58;-8;3;-135;0;1;0;79;77;-16857;2306;21908;3024.00;93;NAVI;1;0;0;0;0;0;0;1,63279E+12;3606;3662;3620;3619;3685;3636;6;;;;;;;0;0;0;89;36;-1353;0;0;0;14;1548;32.25;870.33;0;-27;-16;0;;;100;100;14;0;0;0;0;2;1;;;;
88.909638;139.979922;508;508;шўы.33;284;508;508;рту.71;512;116558;28.09.2021 0:37;28.09.2021 8:37;16;0;0.00;21.908001;88.909079;139.979043;0.00;-6.26;-3.80;-8;3;-135;0;1;0;79;77;-16857;2306;21908;3024.00;93;NAVI;1;0;0;0;0;0;0;1,63279E+12;3606;3662;3620;3619;3685;3636;6;;;;;;;0;0;0;88;36;-1353;0;0;0;14;1548;32.76;868.38;0;-27;-17;0;;;100;100;14;0;0;0;0;2;1;;;;
88.909638;139.979918;508;508;шўы.33;284;508;508;рту.71;512;116737;28.09.2021 0:37;28.09.2021 8:37;16;0;0.00;21.908001;88.909079;139.979043;0.00;-6.26;-3.80;-8;3;-135;0;1;0;79;77;-16857;2306;21908;3024.00;93;NAVI;1;0;0;0;0;0;0;1,63279E+12;3606;3662;3620;3619;3685;3636;6;;;;;;;0;0;0;86;36;-1353;0;0;0;14;1551;32.76;866.43;0;-27;-17;0;;;100;100;14;0;0;0;0;2;1;;;;
88.909638;139.979910;509;509;шўы.33;282;509;509;рту.71;512;117120;28.09.2021 0:37;28.09.2021 8:37;16;0;0.00;21.908001;88.909079;139.979043;0.00;-6.49;-3.80;-8;3;-135;0;1;0;79;77;-16857;2306;21908;3024.00;93;NAVI;1;0;0;0;0;0;0;1,63279E+12;3606;3662;3620;3619;3685;3636;6;;;;;;;0;0;0;85;37;-1353;0;0;0;14;1553;32.76;862.53;0;-29;-17;0;;;100;100;14;0;0;0;0;2;1;;;;
88.909638;139.979902;510;510;шўы.52;281;510;510;рту.71;512;117159;28.09.2021 0:37;28.09.2021 8:37;16;0;0.00;21.914000;88.909079;139.979043;0.00;-6.49;-3.80;-8;3;-135;0;1;0;79;77;-16559;2306;21914;3025.00;93;NAVI;1;0;0;0;0;0;0;1,63279E+12;3606;3662;3620;3619;3685;3636;6;;;;;;;0;0;0;86;39;-1351;0;0;0;14;1556;33.62;858.68;0;-29;-17;0;;;100;100;14;0;0;0;0;2;1;;;;
88.909638;139.979898;511;511;шўы.52;281;511;511;рту.71;512;117270;28.09.2021 0:37;28.09.2021 8:37;16;0;0.00;21.914000;88.909079;139.979043;0.00;-6.49;-3.80;-8;3;-135;0;1;0;79;77;-16559;2306;21914;3025.00;93;NAVI;1;0;0;0;0;0;0;1,63279E+12;3606;3662;3620;3619;3685;3636;6;;;;;;;0;0;0;86;37;-1351;0;0;0;14;1558;33.62;856.77;0;-29;-17;0;;;100;100;14;0;0;0;0;2;1;;;;
88.909638;139.979898;511;511;шўы.52;281;511;511;рту.71;512;117272;28.09.2021 0:37;28.09.2021 8:37;16;0;0.00;21.914000;88.909079;139.979043;0.00;-6.49;-3.80;-8;3;-135;0;1;0;79;77;-16559;2306;21914;3025.00;93;NAVI;1;0;0;0;0;0;0;1,63279E+12;3606;3662;3620;3619;3685;3636;6;;;;;;;0;0;0;86;37;-1351;0;0;0;14;1558;33.62;856.77;0;-29;-17;0;;;100;100;14;0;0;0;0;2;1;;;;
88.909637;139.979885;512;512;шўы.41;279;512;512;рту.71;512;117519;28.09.2021 0:37;28.09.2021 8:37;16;0;0.00;21.914000;88.909079;139.979043;0.00;-6.49;-3.58;-8;3;-135;0;1;0;79;77;-16559;2306;21914;3025.00;93;NAVI;1;0;0;0;0;0;0;1,63279E+12;3628;3686;3642;3637;3705;3647;6;;;;;;;0;0;0;86;32;-1351;0;0;0;14;1563;33.12;851.03;0;-29;-16;0;;;100;100;14;0;0;0;0;2;1;;;;
88.909637;139.979881;513;513;шўы.41;278;513;513;рту.71;512;117577;28.09.2021 0:37;28.09.2021 8:37;16;0;0.00;21.914000;88.909079;139.979043;0.00;-6.49;-3.58;-8;3;-135;0;1;0;79;77;-16559;2306;21914;3025.00;93;NAVI;1;0;0;0;0;0;0;1,63279E+12;3628;3686;3642;3637;3705;3647;6;;;;;;;0;0;0;86;34;-1351;0;0;0;14;1565;33.12;849.12;0;-29;-16;0;;;100;100;14;0;0;0;0;2;1;;;;
88.909638;139.979877;513;513;шўы.41;277;513;513;рту.71;512;117688;28.09.2021 0:37;28.09.2021 8:37;16;0;0.00;21.914000;88.909079;139.979043;0.00;-6.49;-3.58;-8;3;-135;0;1;0;79;77;-16559;2306;21914;3025.00;93;NAVI;1;0;0;0;0;0;0;1,63279E+12;3628;3686;3642;3637;3705;3647;6;;;;;;;0;0;0;86;35;-1351;0;0;0;14;1566;33.12;847.26;0;-29;-16;0;;;100;100;14;0;0;0;0;2;1;;;;
88.909638;139.979873;514;514;шўы.41;277;514;514;рту.71;512;117808;28.09.2021 0:37;28.09.2021 8:37;16;0;0.00;21.914000;88.909079;139.979043;0.00;-6.49;-3.58;-8;3;-135;0;1;0;79;77;-16559;2306;21914;3025.00;93;NAVI;1;0;0;0;0;0;0;1,63279E+12;3628;3686;3642;3637;3705;3647;6;;;;;;;0;0;0;86;35;-1351;0;0;0;14;1568;33.12;845.39;0;-29;-16;0;;;100;100;14;0;0;0;0;2;1;;;;
88.909638;139.979869;514;514;шўы.52;276;514;514;рту.71;512;118152;28.09.2021 0:37;28.09.2021 8:37;16;0;0.00;21.914000;88.909079;139.979043;0.00;-6.49;-3.80;-8;3;-135;0;1;0;79;77;-16559;2306;21914;3025.00;93;NAVI;1;0;0;0;0;0;0;1,63279E+12;3628;3686;3642;3637;3705;3647;6;;;;;;;0;0;0;86;36;-1351;0;0;0;14;1568;33.62;843.49;0;-29;-17;0;;;100;100;14;0;0;0;0;2;1;;;;
88.909637;139.979861;515;515;шўы.52;275;515;515;рту.71;512;118188;28.09.2021 0:37;28.09.2021 8:37;16;0;0.00;22.010000;88.909079;139.979043;0.00;-6.49;-3.80;-8;3;-135;0;1;0;79;77;-16024;2306;22010;3025.00;93;NAVI;1;0;0;0;0;0;0;1,63279E+12;3628;3686;3642;3637;3705;3647;6;;;;;;;0;0;0;85;37;-1353;0;0;0;14;1571;33.62;839.65;0;-29;-17;0;;;100;100;14;0;0;0;0;2;1;;;;
88.909637;139.979857;516;516;шўы.52;274;516;516;рту.71;512;118238;28.09.2021 0:37;28.09.2021 8:37;16;0;0.00;22.010000;88.909079;139.979043;0.00;-6.49;-3.80;-8;3;-135;0;1;0;79;77;-16024;2306;22010;3025.00;93;NAVI;1;0;0;0;0;0;0;1,63279E+12;3628;3686;3642;3637;3705;3647;6;;;;;;;0;0;0;83;37;-1353;0;0;0;14;1573;33.62;837.72;0;-29;-17;0;;;100;100;14;0;0;0;0;2;1;;;;
88.909637;139.979857;516;516;шўы.52;274;516;516;рту.71;512;118241;28.09.2021 0:37;28.09.2021 8:37;16;0;0.00;22.010000;88.909079;139.979043;0.00;-6.49;-3.80;-8;3;-135;0;1;0;79;77;-16024;2306;22010;3025.00;93;NAVI;1;0;0;0;0;0;0;1,63279E+12;3628;3686;3642;3637;3705;3647;6;;;;;;;0;0;0;83;37;-1353;0;0;0;14;1573;33.62;837.72;0;-29;-17;0;;;100;100;14;0;0;0;0;2;1;;;;
88.909637;139.979853;516;516;шўы.52;274;516;516;рту.71;512;118317;28.09.2021 0:37;28.09.2021 8:37;16;0;0.00;22.010000;88.909079;139.979043;0.00;-6.49;-3.80;-8;3;-135;0;1;0;79;77;-16024;2306;22010;3025.00;93;NAVI;1;0;0;0;0;0;0;1,63279E+12;3628;3686;3642;3637;3705;3647;6;;;;;;;0;0;0;83;37;-1353;0;0;0;14;1575;33.62;835.82;0;-29;-17;0;;;100;100;14;0;0;0;0;2;1;;;;
88.909637;139.979849;517;517;шўы.52;273;517;517;рту.71;512;118408;28.09.2021 0:37;28.09.2021 8:37;16;0;0.00;22.010000;88.909079;139.979043;0.00;-6.49;-3.80;-8;3;-135;0;1;0;79;77;-16024;2306;22010;3025.00;93;NAVI;1;0;0;0;0;0;0;1,63279E+12;3628;3686;3642;3637;3705;3647;6;;;;;;;0;0;0;84;37;-1353;0;0;0;14;1576;33.62;833.95;0;-29;-17;0;;;100;100;14;0;0;0;0;2;1;;;;
88.909637;139.979845;518;518;шўы.52;272;518;518;рту.71;512;118579;28.09.2021 0:37;28.09.2021 8:37;16;0;0.00;22.010000;88.909079;139.979043;0.00;-6.49;-3.80;-8;3;-135;0;1;0;79;77;-16024;2306;22010;3025.00;93;NAVI;1;0;0;0;0;0;0;1,63279E+12;3628;3686;3642;3637;3705;3647;6;;;;;;;0;0;0;84;36;-1353;0;0;0;14;1578;33.62;832.10;0;-29;-17;0;;;100;100;14;0;0;0;0;2;1;;;;
88.909637;139.979841;518;518;шўы.52;272;518;518;рту.71;512;118612;28.09.2021 0:37;28.09.2021 8:37;16;0;0.00;22.010000;88.909079;139.979043;0.00;-6.49;-3.58;-8;3;-135;0;1;0;79;77;-16024;2306;22010;3025.00;93;NAVI;1;0;0;0;0;0;0;1,63279E+12;3628;3686;3642;3637;3705;3647;6;;;;;;;0;0;0;84;35;-1353;0;0;0;14;1580;33.62;830.25;0;-29;-16;0;;;100;100;14;0;0;0;0;2;1;;;;
88.909637;139.979837;519;519;шўы.41;271;519;519;рту.71;512;118672;28.09.2021 0:37;28.09.2021 8:37;16;0;0.00;22.010000;88.909079;139.979043;0.00;-6.49;-3.58;-8;3;-135;0;1;0;79;77;-16024;2306;22010;3025.00;93;NAVI;1;0;0;0;0;0;0;1,63279E+12;3628;3686;3642;3637;3705;3647;6;;;;;;;0;0;0;85;34;-1353;0;0;0;14;1581;33.12;828.38;0;-29;-16;0;;;100;100;14;0;0;0;0;2;1;;;;
88.909637;139.979833;519;519;шўы.41;271;519;519;рту.71;512;118820;28.09.2021 0:37;28.09.2021 8:37;16;0;0.00;22.010000;88.909079;139.979043;0.00;-6.49;-3.58;-8;3;-135;0;1;0;79;77;-16024;2306;22010;3025.00;93;NAVI;1;0;0;0;0;0;0;1,63279E+12;3628;3686;3642;3637;3705;3647;6;;;;;;;0;0;0;85;34;-1353;0;0;0;14;1583;33.12;826.53;0;-29;-16;0;;;100;100;14;0;0;0;0;2;1;;;;
88.909637;139.979829;520;520;шўы.41;270;520;520;рту.71;512;119243;28.09.2021 0:37;28.09.2021 8:37;16;0;0.00;21.969000;88.909079;139.979043;0.00;-6.49;-3.80;-8;3;-135;0;1;0;79;77;-16150;2306;21969;3027.00;93;NAVI;1;0;0;0;0;0;0;1,63279E+12;3628;3686;3642;3637;3705;3647;6;;;;;;;0;0;0;85;34;-1351;0;0;0;14;1585;33.12;824.69;0;-29;-17;0;;;100;100;14;0;0;0;0;2;1;;;;
88.909637;139.979813;521;521;шўы.52;268;521;521;рту.71;512;119277;28.09.2021 0:37;28.09.2021 8:37;16;0;0.00;21.969000;88.909079;139.979043;0.00;-6.49;-3.80;-8;3;-135;0;1;0;79;77;-16150;2306;21969;3027.00;93;NAVI;1;0;0;0;0;0;0;1,63279E+12;3628;3686;3642;3637;3705;3647;6;;;;;;;0;0;0;85;37;-1353;0;0;0;14;1591;33.62;817.33;0;-29;-17;0;;;100;100;14;0;0;0;0;2;1;;;;
88.909637;139.979813;521;521;шўы.52;268;521;521;рту.71;512;119280;28.09.2021 0:37;28.09.2021 8:37;16;0;0.00;21.969000;88.909079;139.979043;0.00;-6.49;-3.80;-8;3;-135;0;1;0;79;77;-16150;2306;21969;3027.00;93;NAVI;1;0;0;0;0;0;0;1,63279E+12;3628;3686;3642;3637;3705;3647;6;;;;;;;0;0;0;85;37;-1353;0;0;0;14;1591;33.62;817.33;0;-29;-17;0;;;100;100;14;0;0;0;0;2;1;;;;
88.909637;139.979813;521;521;шўы.52;268;521;521;рту.71;512;119286;28.09.2021 0:37;28.09.2021 8:37;16;0;0.00;21.969000;88.909079;139.979043;0.00;-6.49;-3.80;-8;3;-135;0;1;0;79;77;-16150;2306;21969;3027.00;93;NAVI;1;0;0;0;0;0;0;1,63279E+12;3628;3686;3642;3637;3705;3647;6;;;;;;;0;0;0;85;37;-1353;0;0;0;14;1591;33.62;817.33;0;-29;-17;0;;;100;100;14;0;0;0;0;2;1;;;;
88.909637;139.979808;522;522;шўы.52;267;522;522;рту.71;512;119342;28.09.2021 0:37;28.09.2021 8:37;16;0;0.00;21.969000;88.909079;139.979043;0.00;-6.49;-3.80;-8;3;-135;0;1;0;79;77;-16150;2306;21969;3027.00;93;NAVI;1;0;0;0;0;0;0;1,63279E+12;3628;3686;3642;3637;3705;3647;6;;;;;;;0;0;0;84;37;-1353;0;0;0;14;1593;33.62;815.52;0;-29;-17;0;;;100;100;14;0;0;0;0;2;1;;;;
88.909637;139.979808;522;522;шўы.52;267;522;522;рту.71;512;119345;28.09.2021 0:37;28.09.2021 8:37;16;0;0.00;21.969000;88.909079;139.979043;0.00;-6.49;-3.80;-8;3;-135;0;1;0;79;77;-16150;2306;21969;3027.00;93;NAVI;1;0;0;0;0;0;0;1,63279E+12;3628;3686;3642;3637;3705;3647;6;;;;;;;0;0;0;84;37;-1353;0;0;0;14;1593;33.62;815.52;0;-29;-17;0;;;100;100;14;0;0;0;0;2;1;;;;
88.909637;139.979804;522;522;шўы.52;266;522;522;рту.71;512;119499;28.09.2021 0:37;28.09.2021 8:37;16;0;0.00;21.969000;88.909079;139.979043;0.00;-6.49;-3.58;-8;3;-135;0;1;0;79;77;-16150;2306;21969;3027.00;93;NAVI;1;0;0;0;0;0;0;1,63279E+12;3628;3686;3642;3637;3705;3647;6;;;;;;;0;0;0;85;39;-1354;0;0;0;14;1593;33.62;813.73;0;-29;-16;0;;;100;100;14;0;0;0;0;2;1;;;;
88.909637;139.979800;523;523;шўы.41;266;523;523;рту.71;512;119537;28.09.2021 0:37;28.09.2021 8:37;16;0;0.00;21.969000;88.909079;139.979043;0.00;-6.49;-3.58;-9;4;-135;0;1;0;79;77;-16150;2306;21969;3027.00;93;NAVI;1;0;0;0;0;0;0;1,63279E+12;3628;3686;3642;3637;3705;3647;6;;;;;;;0;0;0;93;40;-1354;0;0;0;14;1596;33.12;811.95;0;-29;-16;0;;;100;100;14;0;0;0;0;2;1;;;;
88.909637;139.979796;523;523;шўы.41;265;523;523;рту.71;512;119650;28.09.2021 0:37;28.09.2021 8:37;16;0;0.00;21.969000;88.909079;139.979043;0.00;-6.49;-3.58;-9;4;-135;0;1;0;79;77;-16150;2306;21969;3027.00;93;NAVI;1;0;0;0;0;0;0;1,63279E+12;3628;3686;3642;3637;3705;3647;6;;;;;;;0;0;0;95;42;-1355;0;0;0;14;1596;33.12;810.14;0;-29;-16;0;;;100;100;14;0;0;0;0;2;1;;;;
88.909637;139.979792;524;524;шўы.30;265;524;524;рту.71;512;119808;28.09.2021 0:37;28.09.2021 8:37;16;0;0.00;21.969000;88.909079;139.979043;0.00;-6.49;-3.36;-9;4;-135;0;1;0;79;77;-16150;2306;21969;3027.00;93;NAVI;1;0;0;0;0;0;0;1,63279E+12;3628;3686;3642;3637;3705;3647;6;;;;;;;0;0;0;95;42;-1355;0;0;0;14;1598;32.65;808.34;0;-29;-15;0;;;100;100;14;0;0;0;0;2;1;;;;
88.909637;139.979788;524;524;шўы.30;264;524;524;рту.71;512;119850;28.09.2021 0:37;28.09.2021 8:37;16;0;0.00;21.969000;88.909079;139.979043;0.00;-6.49;-3.36;-9;4;-135;0;1;0;79;77;-16150;2306;21969;3027.00;93;NAVI;1;0;0;0;0;0;0;1,63279E+12;3628;3686;3642;3637;3705;3647;6;;;;;;;0;0;0;93;40;-1354;0;0;0;14;1600;32.65;806.55;0;-29;-15;0;;;100;100;14;0;0;0;0;2;1;;;;
88.909637;139.979784;525;525;шўы.30;264;525;525;рту.71;512;120118;28.09.2021 0:37;28.09.2021 8:37;16;0;0.00;21.988001;88.909079;139.979043;0.00;-6.49;-3.36;-9;4;-135;0;1;0;79;77;-16136;2306;21988;3029.00;93;NAVI;1;0;0;0;0;0;0;1,63279E+12;3628;3686;3642;3637;3705;3647;6;;;;;;;0;0;0;90;40;-1354;0;0;0;14;1601;32.65;804.77;0;-29;-15;0;;;100;100;14;0;0;0;0;2;1;;;;
88.909637;139.979776;526;526;шўы.30;262;526;526;рту.71;512;120227;28.09.2021 0:37;28.09.2021 8:37;16;0;0.00;21.988001;88.909079;139.979043;0.00;-6.49;-3.36;-9;3;-135;0;1;0;79;77;-16136;2306;21988;3029.00;93;NAVI;1;0;0;0;0;0;0;1,63279E+12;3628;3686;3642;3637;3705;3647;6;;;;;;;0;0;0;90;37;-1353;0;0;0;14;1603;32.65;801.22;0;-29;-15;0;;;100;100;14;0;0;0;0;2;1;;;;
88.909637;139.979771;526;526;шўы.30;262;526;526;рту.71;512;120260;28.09.2021 0:37;28.09.2021 8:37;16;0;0.00;21.988001;88.909079;139.979043;0.00;-6.49;-3.36;-9;3;-135;0;1;0;79;77;-16136;2306;21988;3029.00;93;NAVI;1;0;0;0;0;0;0;1,63279E+12;3628;3686;3642;3637;3705;3647;6;;;;;;;0;0;0;90;36;-1353;0;0;0;14;1606;32.65;799.39;0;-29;-15;0;;;100;100;14;0;0;0;0;2;1;;;;
88.909637;139.979771;526;526;шўы.30;262;526;526;рту.71;512;120262;28.09.2021 0:37;28.09.2021 8:37;16;0;0.00;21.988001;88.909079;139.979043;0.00;-6.49;-3.36;-9;3;-135;0;1;0;79;77;-16136;2306;21988;3029.00;93;NAVI;1;0;0;0;0;0;0;1,63279E+12;3628;3686;3642;3637;3705;3647;6;;;;;;;0;0;0;90;36;-1353;0;0;0;14;1606;32.65;799.39;0;-29;-15;0;;;100;100;14;0;0;0;0;2;1;;;;
88.909637;139.979767;527;527;шўы.50;261;527;527;рту.71;512;120357;28.09.2021 0:37;28.09.2021 8:37;17;0;0.00;21.988001;88.909079;139.979043;0.00;-6.71;-3.36;-9;3;-135;0;1;0;79;77;-16136;2306;21988;3029.00;93;NAVI;1;0;0;0;0;0;0;1,63279E+12;3628;3686;3642;3637;3705;3647;6;;;;;;;0;0;0;90;36;-1353;0;0;0;14;1606;33.54;797.58;0;-30;-15;0;;;100;100;14;0;0;0;0;2;1;;;;
88.909637;139.979763;527;527;шўы.50;261;527;527;рту.71;512;120550;28.09.2021 0:37;28.09.2021 8:37;16;0;0.00;21.988001;88.909079;139.979043;0.00;-6.71;-3.13;-9;3;-135;0;1;0;79;77;-16136;2306;21988;3029.00;93;NAVI;1;0;0;0;0;0;0;1,63279E+12;3628;3686;3642;3637;3705;3647;6;;;;;;;0;0;0;90;35;-1353;0;0;0;14;1608;33.54;795.80;0;-30;-13;0;;;100;100;14;0;0;0;0;2;1;;;;
88.909638;139.979759;528;528;шўы.41;260;528;528;рту.71;512;120578;28.09.2021 0:37;28.09.2021 8:37;16;0;0.00;21.988001;88.909079;139.979043;0.00;-6.71;-3.13;-9;3;-135;0;1;0;79;77;-16136;2306;21988;3029.00;93;NAVI;1;0;0;0;0;0;0;1,63279E+12;3628;3686;3642;3637;3705;3647;6;;;;;;;0;0;0;90;34;-1351;0;0;0;14;1610;33.11;794.02;0;-30;-13;0;;;100;100;14;0;0;0;0;2;1;;;;
88.909638;139.979755;528;528;шўы.41;259;528;528;рту.71;512;120690;28.09.2021 0:37;28.09.2021 8:37;16;0;0.00;21.988001;88.909079;139.979043;0.00;-6.71;-3.13;-9;3;-135;0;1;0;79;77;-16136;2306;21988;3029.00;93;NAVI;1;0;0;0;0;0;0;1,63279E+12;3628;3686;3642;3637;3705;3647;6;;;;;;;0;0;0;90;34;-1351;0;0;0;14;1611;33.11;792.26;0;-30;-13;0;;;100;100;14;0;0;0;0;2;1;;;;
88.909638;139.979751;529;529;шўы.41;259;529;529;рту.71;512;120748;28.09.2021 0:37;28.09.2021 8:37;16;0;0.00;21.988001;88.909079;139.979043;0.00;-6.71;-3.13;-9;3;-135;0;1;0;79;77;-16136;2306;21988;3029.00;93;NAVI;1;0;0;0;0;0;0;1,63279E+12;3628;3686;3642;3637;3705;3647;6;;;;;;;0;0;0;90;32;-1350;0;0;0;14;1613;33.11;790.50;0;-30;-13;0;;;100;100;14;0;0;0;0;2;1;;;;
88.909638;139.979746;529;529;шўы.50;258;529;529;рту.71;512;120867;28.09.2021 0:37;28.09.2021 8:37;16;0;0.00;21.988001;88.909079;139.979043;0.00;-6.71;-3.36;-9;3;-135;0;1;0;79;77;-16136;2306;21988;3029.00;93;NAVI;1;0;0;0;0;0;0;1,63279E+12;3628;3686;3642;3637;3705;3647;6;;;;;;;0;0;0;90;32;-1350;0;0;0;14;1613;33.54;788.76;0;-30;-15;0;;;100;100;14;0;0;0;0;2;1;;;;
88.909638;139.979742;530;530;шўы.41;258;530;530;рту.71;512;121150;28.09.2021 0:37;28.09.2021 8:37;16;0;0.00;22.073999;88.909079;139.979043;0.00;-6.71;-3.36;-9;3;-135;0;1;0;79;77;-15322;2248;22074;3030.00;93;NAVI;1;0;0;0;0;0;0;1,63279E+12;3628;3686;3642;3637;3705;3647;6;;;;;;;0;0;0;90;32;-1350;0;0;0;14;1616;33.11;786.99;0;-30;-15;0;;;100;100;14;0;0;0;0;2;1;;;;
88.909638;139.979734;530;530;шўы.50;257;530;530;рту.71;512;121188;28.09.2021 0:37;28.09.2021 8:37;16;0;0.00;22.073999;88.909079;139.979043;0.00;-6.71;-3.36;-8;3;-135;0;1;0;79;77;-15322;2248;22074;3030.00;93;NAVI;1;0;0;0;0;0;0;1,63279E+12;3628;3686;3642;3637;3705;3647;6;;;;;;;0;0;0;88;32;-1350;0;0;0;14;1618;33.54;783.36;0;-30;-15;0;;;100;100;14;0;0;0;0;2;1;;;;
88.909638;139.979734;530;530;шўы.50;257;530;530;рту.71;512;121190;28.09.2021 0:37;28.09.2021 8:37;16;0;0.00;22.073999;88.909079;139.979043;0.00;-6.71;-3.36;-8;3;-135;0;1;0;79;77;-15322;2248;22074;3030.00;93;NAVI;1;0;0;0;0;0;0;1,63279E+12;3628;3686;3642;3637;3705;3647;6;;;;;;;0;0;0;88;32;-1350;0;0;0;14;1618;33.54;783.36;0;-30;-15;0;;;100;100;14;0;0;0;0;2;1;;;;
88.909638;139.979729;531;531;шўы.50;256;531;531;рту.71;512;121258;28.09.2021 0:37;28.09.2021 8:37;16;0;0.00;22.073999;88.909079;139.979043;0.00;-6.71;-3.36;-8;3;-135;0;1;0;79;77;-15322;2248;22074;3030.00;93;NAVI;1;0;0;0;0;0;0;1,63279E+12;3628;3686;3642;3637;3705;3647;6;;;;;;;0;0;0;86;34;-1350;0;0;0;14;1620;33.54;781.58;0;-30;-15;0;;;100;100;14;0;0;0;0;2;1;;;;
88.909638;139.979725;531;531;шўы.50;255;531;531;рту.71;512;121374;28.09.2021 0:37;28.09.2021 8:37;16;0;0.00;22.073999;88.909079;139.979043;0.00;-6.71;-3.36;-8;3;-135;0;1;0;79;77;-15322;2248;22074;3030.00;93;NAVI;1;0;0;0;0;0;0;1,63279E+12;3628;3686;3642;3637;3705;3647;6;;;;;;;0;0;0;85;34;-1350;0;0;0;14;1621;33.54;779.81;0;-30;-15;0;;;100;100;14;0;0;0;0;2;1;;;;
88.909638;139.979721;532;532;шўы.50;255;532;532;рту.71;512;121468;28.09.2021 0:37;28.09.2021 8:37;16;0;0.00;22.073999;88.909079;139.979043;0.00;-6.71;-3.36;-8;3;-135;0;1;0;79;77;-15322;2248;22074;3030.00;93;NAVI;1;0;0;0;0;0;0;1,63279E+12;3628;3686;3642;3637;3705;3647;6;;;;;;;0;0;0;85;35;-1351;0;0;0;14;1623;33.54;778.07;0;-30;-15;0;;;100;100;14;0;0;0;0;2;1;;;;
88.909638;139.979717;532;532;шўы.50;254;532;532;рту.71;512;121580;28.09.2021 0:37;28.09.2021 8:37;16;0;0.00;22.073999;88.909079;139.979043;0.00;-6.71;-3.36;-8;3;-135;0;1;0;79;77;-15322;2248;22074;3030.00;93;NAVI;1;0;0;0;0;0;0;1,63279E+12;3628;3686;3642;3637;3705;3647;6;;;;;;;0;0;0;86;35;-1353;0;0;0;14;1623;33.54;776.34;0;-30;-15;0;;;100;100;14;0;0;0;0;2;1;;;;
88.909638;139.979713;533;533;шўы.41;254;533;533;рту.71;512;121739;28.09.2021 0:37;28.09.2021 8:37;16;0;0.00;22.073999;88.909079;139.979043;0.00;-6.71;-3.13;-8;3;-135;0;1;0;79;77;-15322;2248;22074;3030.00;93;NAVI;1;0;0;0;0;0;0;1,63279E+12;3628;3686;3642;3637;3705;3647;6;;;;;;;0;0;0;86;36;-1353;0;0;0;14;1625;33.11;774.62;0;-30;-13;0;;;100;100;14;0;0;0;0;2;1;;;;
88.909638;139.979709;533;533;шўы.41;253;533;533;рту.71;512;121788;28.09.2021 0:37;28.09.2021 8:37;16;0;0.00;22.073999;88.909079;139.979043;0.00;-6.71;-3.13;-8;3;-135;0;1;0;79;77;-15322;2248;22074;3030.00;93;NAVI;1;0;0;0;0;0;0;1,63279E+12;3628;3686;3642;3637;3705;3647;6;;;;;;;0;0;0;86;37;-1354;0;0;0;14;1626;33.11;772.90;0;-30;-13;0;;;100;100;14;0;0;0;0;2;1;;;;
88.909638;139.979704;534;534;шўы.41;253;534;534;рту.71;512;121886;28.09.2021 0:37;28.09.2021 8:37;16;0;0.00;22.073999;88.909079;139.979043;0.00;-6.71;-3.13;-8;3;-135;0;1;0;79;77;-15322;2248;22074;3030.00;93;NAVI;1;0;0;0;0;0;0;1,63279E+12;3628;3686;3642;3637;3705;3647;6;;;;;;;0;0;0;85;37;-1354;0;0;0;14;1628;33.11;771.16;0;-30;-13;0;;;100;100;14;0;0;0;0;2;1;;;;
88.909637;139.979700;534;534;шўы.41;252;534;534;рту.71;512;122217;28.09.2021 0:37;28.09.2021 8:37;16;0;0.00;22.066000;88.909079;139.979043;0.00;-6.71;-3.36;-8;3;-135;0;1;0;77;77;-15635;2248;22066;3031.00;93;NAVI;1;0;0;0;0;0;0;1,63279E+12;3628;3686;3642;3637;3705;3647;6;;;;;;;0;0;0;84;37;-1353;0;0;0;14;1628;33.11;769.43;0;-30;-15;0;;;100;100;14;0;0;0;0;2;1;;;;
88.909637;139.979692;535;535;шўы.50;251;535;535;рту.71;512;122253;28.09.2021 0:37;28.09.2021 8:37;16;0;0.00;22.066000;88.909079;139.979043;0.00;-6.71;-3.36;-8;3;-135;0;1;0;77;77;-15635;2248;22066;3031.00;93;NAVI;1;0;0;0;0;0;0;1,63279E+12;3628;3686;3642;3637;3705;3647;6;;;;;;;0;0;0;81;34;-1353;0;0;0;14;1631;33.54;765.98;0;-30;-15;0;;;100;100;14;0;0;0;0;2;1;;;;
88.909637;139.979692;535;535;шўы.50;251;535;535;рту.71;512;122256;28.09.2021 0:37;28.09.2021 8:37;16;0;0.00;22.066000;88.909079;139.979043;0.00;-6.71;-3.36;-8;3;-135;0;1;0;77;77;-15635;2248;22066;3031.00;93;NAVI;1;0;0;0;0;0;0;1,63279E+12;3628;3686;3642;3637;3705;3647;6;;;;;;;0;0;0;81;34;-1353;0;0;0;14;1631;33.54;765.98;0;-30;-15;0;;;100;100;14;0;0;0;0;2;1;;;;
88.909637;139.979687;535;535;шўы.50;250;535;535;рту.71;512;122289;28.09.2021 0:37;28.09.2021 8:37;16;0;0.00;22.066000;88.909079;139.979043;0.00;-6.71;-3.36;-8;3;-135;0;1;0;77;77;-15635;2248;22066;3031.00;93;NAVI;1;0;0;0;0;0;0;1,63279E+12;3628;3686;3642;3637;3705;3647;6;;;;;;;0;0;0;83;34;-1353;0;0;0;14;1633;33.54;764.30;0;-30;-15;0;;;100;100;14;0;0;0;0;2;1;;;;
88.909637;139.979683;536;536;шўы.41;250;536;536;рту.71;512;122469;28.09.2021 0:37;28.09.2021 8:37;16;0;0.00;22.066000;88.909079;139.979043;0.00;-6.71;-3.13;-8;3;-135;0;1;0;77;77;-15635;2248;22066;3031.00;93;NAVI;1;0;0;0;0;0;0;1,63279E+12;3628;3686;3642;3637;3705;3647;6;;;;;;;0;0;0;84;35;-1353;0;0;0;14;1635;33.11;762.64;0;-30;-13;0;;;100;100;14;0;0;0;0;2;1;;;;
88.909638;139.979679;536;536;шўы.41;249;536;536;рту.71;512;122517;28.09.2021 0:37;28.09.2021 8:37;16;0;0.00;22.066000;88.909079;139.979043;0.00;-6.71;-3.13;-8;3;-135;0;1;0;77;77;-15635;2248;22066;3031.00;93;NAVI;1;0;0;0;0;0;0;1,63279E+12;3628;3686;3642;3637;3705;3647;6;;;;;;;0;0;0;85;35;-1353;0;0;0;14;1636;33.11;761.01;0;-30;-13;0;;;100;100;14;0;0;0;0;2;1;;;;
88.909638;139.979675;537;537;шўы.41;249;537;537;рту.71;512;122600;28.09.2021 0:37;28.09.2021 8:37;16;0;0.00;22.066000;88.909079;139.979043;0.00;-6.71;-3.13;-8;3;-135;0;1;0;77;77;-15635;2248;22066;3031.00;93;NAVI;1;0;0;0;0;0;0;1,63279E+12;3628;3686;3642;3637;3705;3647;6;;;;;;;0;0;0;86;37;-1353;0;0;0;14;1636;33.11;759.39;0;-30;-13;0;;;100;100;14;0;0;0;0;2;1;;;;
88.909638;139.979671;537;537;шўы.50;248;537;537;рту.71;512;122757;28.09.2021 0:37;28.09.2021 8:37;16;0;0.00;22.066000;88.909079;139.979043;0.00;-6.71;-3.36;-8;3;-135;0;1;0;77;77;-15635;2248;22066;3031.00;93;NAVI;1;0;0;0;0;0;0;1,63279E+12;3628;3686;3642;3637;3705;3647;6;;;;;;;0;0;0;88;37;-1353;0;0;0;14;1638;33.54;757.77;0;-30;-15;0;;;100;100;14;0;0;0;0;2;1;;;;
88.909638;139.979667;538;538;шўы.50;248;538;538;рту.71;512;122807;28.09.2021 0:37;28.09.2021 8:37;16;0;0.00;22.066000;88.909079;139.979043;0.00;-6.71;-3.36;-8;3;-135;0;1;0;77;77;-15635;2248;22066;3031.00;93;NAVI;1;0;0;0;0;0;0;1,63279E+12;3628;3686;3642;3637;3705;3647;6;;;;;;;0;0;0;88;37;-1354;0;0;0;14;1640;33.54;756.16;0;-30;-15;0;;;100;99;14;0;0;0;0;2;1;;;;
88.909638;139.979663;538;538;шўы.50;247;538;538;рту.71;512;122837;28.09.2021 0:37;28.09.2021 8:37;16;0;0.00;22.066000;88.909079;139.979043;0.00;-6.71;-3.36;-8;3;-135;0;1;0;77;77;-15635;2248;22066;3031.00;93;NAVI;1;0;0;0;0;0;0;1,63279E+12;3628;3686;3642;3637;3705;3647;6;;;;;;;0;0;0;86;37;-1354;0;0;0;14;1641;33.54;754.56;0;-30;-15;0;;;100;99;14;0;0;0;0;2;1;;;;
88.909638;139.979658;539;539;шўы.50;247;539;539;рту.71;512;123325;28.09.2021 0:37;28.09.2021 8:37;16;0;0.00;22.047001;88.909079;139.979043;0.00;-6.71;-2.91;-8;3;-135;0;1;0;77;77;-15796;2248;22047;3031.00;93;NAVI;1;0;0;0;0;0;0;1,63279E+12;3628;3686;3642;3637;3705;3647;6;;;;;;;0;0;0;85;37;-1355;0;0;0;14;1643;33.54;752.96;0;-30;-12;0;;;100;98;14;0;0;0;0;2;1;;;;
88.909638;139.979642;540;540;шўы.31;244;540;540;рту.71;512;123365;28.09.2021 0:37;28.09.2021 8:37;16;0;0.00;22.047001;88.909079;139.979043;0.00;-6.71;-2.91;-9;4;-135;0;1;0;77;77;-15796;2248;22047;3031.00;93;NAVI;1;0;0;0;0;0;0;1,63279E+12;3628;3686;3642;3637;3705;3647;6;;;;;;;0;0;0;91;44;-1355;0;0;0;14;1648;32.70;746.45;0;-30;-12;0;;;100;98;14;0;0;0;0;2;1;;;;
88.909638;139.979642;540;540;шўы.31;244;540;540;рту.71;512;123367;28.09.2021 0:37;28.09.2021 8:37;16;0;0.00;22.047001;88.909079;139.979043;0.00;-6.71;-2.91;-9;4;-135;0;1;0;77;77;-15796;2248;22047;3031.00;93;NAVI;1;0;0;0;0;0;0;1,63279E+12;3628;3686;3642;3637;3705;3647;6;;;;;;;0;0;0;91;44;-1355;0;0;0;14;1648;32.70;746.45;0;-30;-12;0;;;100;98;14;0;0;0;0;2;1;;;;
88.909638;139.979642;540;540;шўы.31;244;540;540;рту.71;512;123373;28.09.2021 0:37;28.09.2021 8:37;16;0;0.00;22.047001;88.909079;139.979043;0.00;-6.71;-2.91;-9;4;-135;0;1;0;77;77;-15796;2248;22047;3031.00;93;NAVI;1;0;0;0;0;0;0;1,63279E+12;3628;3686;3642;3637;3705;3647;6;;;;;;;0;0;0;91;44;-1355;0;0;0;14;1648;32.70;746.45;0;-30;-12;0;;;100;98;14;0;0;0;0;2;1;;;;
88.909638;139.979642;540;540;шўы.31;244;540;540;рту.71;512;123382;28.09.2021 0:37;28.09.2021 8:37;16;0;0.00;22.047001;88.909079;139.979043;0.00;-6.71;-2.91;-9;4;-135;0;1;0;77;77;-15796;2248;22047;3031.00;93;NAVI;1;0;0;0;0;0;0;1,63279E+12;3628;3686;3642;3637;3705;3647;6;;;;;;;0;0;0;91;44;-1355;0;0;0;14;1648;32.70;746.45;0;-30;-12;0;;;100;98;14;0;0;0;0;2;1;;;;
88.909638;139.979637;541;541;шўы.31;244;541;541;рту.71;512;123418;28.09.2021 0:37;28.09.2021 8:37;16;0;0.00;22.047001;88.909079;139.979043;0.00;-6.71;-2.91;-9;4;-135;0;1;0;77;77;-15796;2248;22047;3031.00;93;NAVI;1;0;0;0;0;0;0;1,63279E+12;3628;3686;3642;3637;3705;3647;6;;;;;;;0;0;0;90;42;-1355;0;0;0;14;1648;32.70;744.87;0;-30;-12;0;;;100;98;14;0;0;0;0;2;1;;;;
88.909638;139.979633;541;541;шўы.31;243;541;541;рту.71;512;123527;28.09.2021 0:37;28.09.2021 8:37;16;0;0.00;22.047001;88.909079;139.979043;0.00;-6.71;-2.91;-9;4;-135;0;1;0;77;77;-15796;2248;22047;3031.00;93;NAVI;1;0;0;0;0;0;0;1,63279E+12;3628;3686;3642;3637;3705;3647;6;;;;;;;0;0;0;90;40;-1354;0;0;0;14;1651;32.70;743.31;0;-30;-12;0;;;100;98;14;0;0;0;0;2;1;;;;
88.909638;139.979629;541;541;шўы.31;243;541;541;рту.71;512;123638;28.09.2021 0:37;28.09.2021 8:37;16;0;0.00;22.047001;88.909079;139.979043;0.00;-6.71;-2.91;-9;3;-135;0;1;0;77;77;-15796;2248;22047;3031.00;93;NAVI;1;0;0;0;0;0;0;1,63279E+12;3628;3686;3642;3637;3705;3647;6;;;;;;;0;0;0;90;39;-1354;0;0;0;14;1651;32.70;741.77;0;-30;-12;0;;;100;98;14;0;0;0;0;2;1;;;;
88.909638;139.979625;542;542;шўы.31;242;542;542;рту.71;512;123767;28.09.2021 0:37;28.09.2021 8:37;16;0;0.00;22.047001;88.909079;139.979043;0.00;-6.71;-2.91;-9;3;-135;0;1;0;77;77;-15796;2248;22047;3031.00;93;NAVI;1;0;0;0;0;0;0;1,63279E+12;3628;3686;3642;3637;3705;3647;6;;;;;;;0;0;0;91;39;-1353;0;0;0;14;1653;32.70;740.25;0;-30;-12;0;;;100;98;14;0;0;0;0;2;1;;;;
88.909638;139.979621;542;542;шўы.23;242;542;542;рту.71;512;123839;28.09.2021 0:37;28.09.2021 8:37;16;0;0.00;22.047001;88.909079;139.979043;0.00;-6.71;-2.68;-9;4;-135;0;1;0;77;77;-15796;2248;22047;3031.00;93;NAVI;1;0;0;0;0;0;0;1,63279E+12;3628;3686;3642;3637;3705;3647;6;;;;;;;0;0;0;91;40;-1353;0;0;0;14;1653;32.31;738.72;0;-30;-12;0;;;100;98;14;0;0;0;0;2;1;;;;
88.909638;139.979617;543;543;шўы.31;241;543;543;рту.71;512;123937;2021-09-28 00:37:57.035;2021-09-28 08:37:57.036;16;0;0.00;22.047001;88.909079;139.979043;0.00;-6.71;-2.91;-9;4;-135;0;1;0;77;77;-15796;2248;22047;3031.00;93;NAVI;1;0;0;0;0;0;0;1,63279E+12;3628;3686;3642;3637;3705;3647;6;;;;;;;0;0;0;91;40;-1351;0;0;0;14;1656;32.70;737.18;0;-30;-12;0;;;100;98;14;0;0;0;0;2;1;;;;
88.909638;139.979612;543;543;шўы.31;241;543;543;рту.71;512;124311;28.09.2021 0:37;28.09.2021 8:37;16;0;0.00;22.103001;88.909079;139.979043;0.00;-6.71;-2.91;-9;4;-135;0;1;0;77;77;-15472;2248;22103;3032.00;93;NAVI;1;0;0;0;0;0;0;1,63279E+12;3628;3686;3642;3637;3705;3647;6;;;;;;;0;0;0;91;42;-1351;0;0;0;14;1656;32.70;735.58;0;-30;-12;0;;;100;99;14;0;0;0;0;2;1;;;;
88.909638;139.979604;544;544;шўы.31;240;544;544;рту.71;512;124347;28.09.2021 0:37;28.09.2021 8:37;16;0;0.00;22.103001;88.909079;139.979043;0.00;-6.71;-2.68;-9;4;-135;0;1;0;77;77;-15472;2248;22103;3032.00;93;NAVI;1;0;0;0;0;0;0;1,63279E+12;3628;3686;3642;3637;3705;3647;6;;;;;;;0;0;0;93;44;-1350;0;0;0;14;1658;32.70;732.44;0;-30;-12;0;;;100;99;14;0;0;0;0;2;1;;;;
88.909638;139.979600;544;544;шўы.23;239;544;544;рту.71;512;124387;28.09.2021 0:37;28.09.2021 8:37;16;0;0.00;22.103001;88.909079;139.979043;0.00;-6.71;-2.68;-9;4;-135;0;1;0;77;77;-15472;2248;22103;3032.00;93;NAVI;1;0;0;0;0;0;0;1,63279E+12;3628;3686;3642;3637;3705;3647;6;;;;;;;0;0;0;93;45;-1350;0;0;0;14;1661;32.31;730.90;0;-30;-12;0;;;100;99;14;0;0;0;0;2;1;;;;
88.909638;139.979600;544;544;шўы.23;239;544;544;рту.71;512;124389;28.09.2021 0:37;28.09.2021 8:37;16;0;0.00;22.103001;88.909079;139.979043;0.00;-6.71;-2.68;-9;4;-135;0;1;0;77;77;-15472;2248;22103;3032.00;93;NAVI;1;0;0;0;0;0;0;1,63279E+12;3628;3686;3642;3637;3705;3647;6;;;;;;;0;0;0;93;45;-1350;0;0;0;14;1661;32.31;730.90;0;-30;-12;0;;;100;99;14;0;0;0;0;2;1;;;;
88.909638;139.979595;545;545;шўы.23;239;545;545;рту.71;512;124450;28.09.2021 0:37;28.09.2021 8:37;16;0;0.00;22.103001;88.909079;139.979043;0.00;-6.71;-2.68;-9;4;-135;0;1;0;77;77;-15472;2248;22103;3032.00;93;NAVI;1;0;0;0;0;0;0;1,63279E+12;3628;3686;3642;3637;3705;3647;6;;;;;;;0;0;0;93;44;-1350;0;0;0;14;1661;32.31;729.41;0;-30;-12;0;;;100;99;14;0;0;0;0;2;1;;;;
88.909638;139.979591;545;545;шўы.44;238;545;545;рту.71;512;124557;28.09.2021 0:37;28.09.2021 8:37;16;0;0.00;22.103001;88.909079;139.979043;0.00;-6.93;-2.68;-9;4;-135;0;1;0;77;77;-15472;2248;22103;3032.00;93;NAVI;1;0;0;0;0;0;0;1,63279E+12;3628;3686;3642;3637;3705;3647;6;;;;;;;0;0;0;93;42;-1351;0;0;0;14;1663;33.24;727.92;0;-30;-12;0;;;100;99;14;0;0;0;0;2;1;;;;
88.909638;139.979587;545;545;шўы.44;238;545;545;рту.71;512;124650;28.09.2021 0:37;28.09.2021 8:37;16;0;0.00;22.103001;88.909079;139.979043;0.00;-6.93;-2.68;-9;4;-135;0;1;0;77;77;-15472;2248;22103;3032.00;93;NAVI;1;0;0;0;0;0;0;1,63279E+12;3628;3686;3642;3637;3705;3647;6;;;;;;;0;0;0;93;40;-1351;0;0;0;14;1663;33.24;726.42;0;-30;-12;0;;;100;99;14;0;0;0;0;2;1;;;;
88.909638;139.979583;546;546;шўы.44;237;546;546;рту.71;512;124757;28.09.2021 0:37;28.09.2021 8:37;16;0;0.00;22.103001;88.909079;139.979043;0.00;-6.93;-2.68;-9;3;-135;0;1;0;77;77;-15472;2248;22103;3032.00;93;NAVI;1;0;0;0;0;0;0;1,63279E+12;3628;3686;3642;3637;3705;3647;6;;;;;;;0;0;0;93;39;-1351;0;0;0;14;1665;33.24;724.91;0;-30;-12;0;;;100;100;14;0;0;0;0;2;1;;;;
88.909638;139.979578;546;546;шўы.44;237;546;546;рту.71;512;124928;2021-09-28 00:37:58.026;2021-09-28 08:37:58.027;16;0;0.00;22.103001;88.909079;139.979043;0.00;-6.93;-2.68;-9;3;-135;0;1;0;77;77;-15472;2248;22103;3032.00;93;NAVI;1;0;0;0;0;0;0;1,63279E+12;3628;3686;3642;3637;3705;3647;6;;;;;;;0;0;0;93;39;-1351;0;0;0;14;1666;33.24;723.36;0;-30;-12;0;;;100;100;14;0;0;0;0;2;1;;;;
88.909638;139.979574;547;547;шўы.44;236;547;547;рту.71;512;124960;2021-09-28 00:37:58.059;2021-09-28 08:37:58.059;16;0;0.00;22.103001;88.909079;139.979043;0.00;-6.93;-2.68;-9;4;-135;0;1;0;77;77;-15472;2248;22103;3032.00;93;NAVI;1;0;0;0;0;0;0;1,63279E+12;3628;3686;3642;3637;3705;3647;6;;;;;;;0;0;0;91;40;-1351;0;0;0;14;1668;33.24;721.83;0;-30;-12;0;;;100;100;14;0;0;0;0;2;1;;;;
88.909638;139.979570;547;547;шўы.44;236;547;547;рту.71;512;125243;28.09.2021 0:37;28.09.2021 8:37;16;0;0.00;22.110001;88.909079;139.979043;0.00;-6.93;-2.68;-9;3;-135;0;1;0;77;77;-15344;2248;22110;3033.00;93;NAVI;1;0;0;0;0;0;0;1,63279E+12;3628;3686;3642;3637;3705;3647;6;;;;;;;0;0;0;90;39;-1350;0;0;0;14;1668;33.24;720.35;0;-30;-12;0;;;100;100;14;0;0;0;0;2;1;;;;
88.909638;139.979561;548;548;шўы.44;235;548;548;рту.71;512;125341;28.09.2021 0:37;28.09.2021 8:37;16;0;0.00;22.110001;88.909079;139.979043;0.00;-6.93;-2.68;-9;3;-135;0;1;0;77;77;-15344;2248;22110;3033.00;93;NAVI;1;0;0;0;0;0;0;1,63279E+12;3628;3686;3642;3637;3705;3647;6;;;;;;;0;0;0;90;39;-1350;0;0;0;14;1671;33.24;717.35;0;-30;-12;0;;;100;100;14;0;0;0;0;2;1;;;;
88.909638;139.979556;548;548;шўы.44;234;548;548;рту.71;512;125369;28.09.2021 0:37;28.09.2021 8:37;16;0;0.00;22.110001;88.909079;139.979043;0.00;-6.93;-2.68;-8;3;-134;0;1;0;77;77;-15344;2248;22110;3033.00;93;NAVI;1;0;0;0;0;0;0;1,63279E+12;3628;3686;3642;3637;3705;3647;6;;;;;;;0;0;0;89;39;-1349;0;0;0;14;1671;33.24;715.83;0;-30;-12;0;;;100;100;14;0;0;0;0;2;1;;;;
88.909638;139.979556;548;548;шўы.44;234;548;548;рту.71;512;125372;28.09.2021 0:37;28.09.2021 8:37;16;0;0.00;22.110001;88.909079;139.979043;0.00;-6.93;-2.68;-8;3;-134;0;1;0;77;77;-15344;2248;22110;3033.00;93;NAVI;1;0;0;0;0;0;0;1,63279E+12;3628;3686;3642;3637;3705;3647;6;;;;;;;0;0;0;89;39;-1349;0;0;0;14;1671;33.24;715.83;0;-30;-12;0;;;100;100;14;0;0;0;0;2;1;;;;
88.909638;139.979552;548;548;шўы.44;234;548;548;рту.71;512;125459;28.09.2021 0:37;28.09.2021 8:37;16;0;0.00;22.110001;88.909079;139.979043;0.00;-6.93;-2.68;-8;3;-134;0;1;0;77;77;-15344;2248;22110;3033.00;93;NAVI;1;0;0;0;0;0;0;1,63279E+12;3628;3686;3642;3637;3705;3647;6;;;;;;;0;0;0;88;37;-1349;0;0;0;14;1673;33.24;714.32;0;-30;-12;0;;;100;100;14;0;0;0;0;2;1;;;;
88.909638;139.979548;549;549;шўы.44;233;549;549;рту.71;512;125660;28.09.2021 0:37;28.09.2021 8:37;15;0;0.00;22.110001;88.909079;139.979043;0.00;-6.93;-2.68;-8;3;-134;0;1;0;77;77;-15344;2248;22110;3033.00;93;NAVI;1;0;0;0;0;0;0;1,63279E+12;3628;3686;3642;3637;3705;3647;6;;;;;;;0;0;0;86;37;-1348;0;0;0;14;1675;33.24;712.83;0;-30;-12;0;;;100;100;14;0;0;0;0;2;1;;;;
88.909638;139.979543;549;549;шўы.44;233;549;549;рту.71;512;125688;28.09.2021 0:37;28.09.2021 8:37;15;0;0.00;22.110001;88.909079;139.979043;0.00;-6.93;-2.68;-8;3;-134;0;1;0;77;77;-15344;2248;22110;3033.00;93;NAVI;1;0;0;0;0;0;0;1,63279E+12;3628;3686;3642;3637;3705;3647;6;;;;;;;0;0;0;86;37;-1348;0;0;0;14;1676;33.24;711.40;0;-30;-12;0;;;100;100;14;0;0;0;0;2;1;;;;
88.909638;139.979539;550;550;шўы.52;232;550;550;рту.71;512;125777;28.09.2021 0:37;28.09.2021 8:37;16;0;0.00;22.110001;88.909079;139.979043;0.00;-6.93;-2.91;-8;3;-134;0;1;0;77;77;-15344;2248;22110;3033.00;93;NAVI;1;0;0;0;0;0;0;1,63279E+12;3628;3686;3642;3637;3705;3647;6;;;;;;;0;0;0;88;37;-1348;0;0;0;14;1676;33.62;709.98;0;-30;-12;0;;;100;100;14;0;0;0;0;2;1;;;;
88.909638;139.979535;550;550;шўы.52;232;550;550;рту.71;512;125952;2021-09-28 00:37:59.050;2021-09-28 08:37:59.050;16;0;0.00;22.110001;88.909079;139.979043;0.00;-6.93;-2.68;-8;3;-134;0;1;0;77;77;-15344;2248;22110;3033.00;93;NAVI;1;0;0;0;0;0;0;1,63279E+12;3628;3686;3642;3637;3705;3647;6;;;;;;;0;0;0;89;39;-1348;0;0;0;14;1678;33.62;708.56;0;-30;-12;0;;;100;100;14;0;0;0;0;2;1;;;;
88.909638;139.979531;550;550;шўы.44;231;550;550;рту.71;512;125997;2021-09-28 00:37:59.096;2021-09-28 08:37:59.096;16;0;0.00;22.110001;88.909079;139.979043;0.00;-6.93;-2.68;-9;3;-134;0;1;0;77;77;-15344;2248;22110;3033.00;93;NAVI;1;0;0;0;0;0;0;1,63279E+12;3628;3686;3642;3637;3705;3647;6;;;;;;;0;0;0;90;37;-1349;0;0;0;14;1678;33.24;707.12;0;-30;-12;0;;;100;100;14;0;0;0;0;2;1;;;;
88.909638;139.979526;551;551;шўы.44;231;551;551;рту.71;512;126270;28.09.2021 0:37;28.09.2021 8:37;16;0;0.00;22.106001;88.909079;139.979043;0.00;-6.93;-2.68;-9;3;-134;0;1;0;77;77;-15344;2248;22106;3034.00;93;NAVI;1;0;0;0;0;0;0;1,63279E+12;3628;3686;3642;3637;3705;3647;6;;;;;;;0;0;0;90;39;-1349;0;0;0;14;1680;33.24;705.63;0;-30;-12;0;;;100;100;14;0;0;0;0;2;1;;;;
88.909638;139.979517;552;552;шўы.44;230;552;552;рту.71;512;126307;28.09.2021 0:37;28.09.2021 8:37;16;0;0.00;22.106001;88.909079;139.979043;0.00;-6.93;-2.68;-8;3;-135;0;1;0;77;77;-15344;2248;22106;3034.00;93;NAVI;1;0;0;0;0;0;0;1,63279E+12;3628;3686;3642;3637;3705;3647;6;;;;;;;0;0;0;88;37;-1350;0;0;0;14;1683;33.24;702.78;0;-30;-12;0;;;100;100;14;0;0;0;0;2;1;;;;
88.909638;139.979517;552;552;шўы.44;230;552;552;рту.71;512;126310;28.09.2021 0:37;28.09.2021 8:37;16;0;0.00;22.106001;88.909079;139.979043;0.00;-6.93;-2.68;-8;3;-135;0;1;0;77;77;-15344;2248;22106;3034.00;93;NAVI;1;0;0;0;0;0;0;1,63279E+12;3628;3686;3642;3637;3705;3647;6;;;;;;;0;0;0;88;37;-1350;0;0;0;14;1683;33.24;702.78;0;-30;-12;0;;;100;100;14;0;0;0;0;2;1;;;;
88.909638;139.979513;552;552;шўы.52;230;552;552;рту.71;512;126399;28.09.2021 0:37;28.09.2021 8:37;16;0;0.00;22.106001;88.909079;139.979043;0.00;-6.93;-2.91;-8;3;-135;0;1;0;77;77;-15344;2248;22106;3034.00;93;NAVI;1;0;0;0;0;0;0;1,63279E+12;3628;3686;3642;3637;3705;3647;6;;;;;;;0;0;0;86;37;-1350;0;0;0;14;1683;33.62;701.40;0;-30;-12;0;;;100;100;14;0;0;0;0;2;1;;;;
88.909638;139.979509;552;552;шўы.52;229;552;552;рту.71;512;126562;28.09.2021 0:37;28.09.2021 8:37;16;0;0.00;22.106001;88.909079;139.979043;0.00;-6.93;-2.68;-8;3;-135;0;1;0;77;77;-15344;2248;22106;3034.00;93;NAVI;1;0;0;0;0;0;0;1,63279E+12;3628;3686;3642;3637;3705;3647;6;;;;;;;0;0;0;86;37;-1351;0;0;0;14;1685;33.62;700.04;0;-30;-12;0;;;100;100;14;0;0;0;0;2;1;;;;
88.909638;139.979504;553;553;шўы.44;229;553;553;рту.71;512;126666;28.09.2021 0:37;28.09.2021 8:37;16;0;0.00;22.106001;88.909079;139.979043;0.00;-6.93;-2.68;-8;3;-135;0;1;0;77;77;-15344;2248;22106;3034.00;93;NAVI;1;0;0;0;0;0;0;1,63279E+12;3628;3686;3642;3637;3705;3647;6;;;;;;;0;0;0;88;37;-1351;0;0;0;14;1686;33.24;698.67;0;-30;-12;0;;;100;100;14;0;0;0;0;2;1;;;;
88.909638;139.979500;553;553;шўы.44;228;553;553;рту.71;512;126718;28.09.2021 0:37;28.09.2021 8:37;16;0;0.00;22.106001;88.909079;139.979043;0.00;-6.93;-2.68;-8;3;-135;0;1;0;77;77;-15344;2248;22106;3034.00;93;NAVI;1;0;0;0;0;0;0;1,63279E+12;3628;3686;3642;3637;3705;3647;6;;;;;;;0;0;0;86;37;-1353;0;0;0;14;1688;33.24;697.22;0;-30;-12;0;;;100;100;14;0;0;0;0;2;1;;;;
88.909638;139.979496;554;554;шўы.44;228;554;554;рту.71;512;126801;28.09.2021 0:37;28.09.2021 8:37;16;0;0.00;22.106001;88.909079;139.979043;0.00;-6.93;-2.68;-8;4;-135;0;1;0;77;77;-15344;2248;22106;3034.00;93;NAVI;1;0;0;0;0;0;0;1,63279E+12;3628;3686;3642;3637;3705;3647;6;;;;;;;0;0;0;88;40;-1353;0;0;0;14;1688;33.24;695.79;0;-30;-12;0;;;100;100;14;0;0;0;0;2;1;;;;
88.909638;139.979491;554;554;шўы.36;227;554;554;рту.71;512;126956;2021-09-28 00:38:00.054;2021-09-28 08:38:00.055;16;0;0.00;22.106001;88.909079;139.979043;0.00;-6.93;-2.46;-9;4;-135;0;1;0;77;77;-15344;2248;22106;3034.00;93;NAVI;1;0;0;0;0;0;0;1,63279E+12;3628;3686;3642;3637;3705;3647;6;;;;;;;0;0;0;90;45;-1354;0;0;0;14;1690;32.89;694.42;0;-30;-11;0;;;100;100;14;0;0;0;0;2;1;;;;
88.909637;139.979487;554;554;шўы.29;227;554;554;рту.71;512;127002;28.09.2021 0:38;28.09.2021 8:38;16;0;0.00;22.106001;88.909079;139.979043;0.00;-6.93;-2.24;-9;4;-135;0;1;0;77;77;-15344;2248;22106;3034.00;93;NAVI;1;0;0;0;0;0;0;1,63279E+12;3628;3686;3642;3637;3705;3647;6;;;;;;;0;0;0;90;47;-1354;0;0;0;14;1691;32.57;693.06;0;-30;-10;0;;;100;100;14;0;0;0;0;2;1;;;;
88.909637;139.979483;555;555;шўы.29;226;555;555;рту.71;512;127282;28.09.2021 0:38;28.09.2021 8:38;16;0;0.00;22.106001;88.909079;139.979043;0.00;-6.93;-2.46;-8;4;-135;0;1;0;77;77;-15616;2248;22106;3034.00;93;NAVI;1;0;0;0;0;0;0;1,63279E+12;3628;3686;3642;3637;3705;3647;6;;;;;;;0;0;0;89;45;-1354;0;0;0;14;1691;32.57;691.73;0;-30;-11;0;;;100;100;14;0;0;0;0;2;1;;;;
88.909637;139.979474;555;555;шўы.36;226;555;555;рту.71;512;127357;28.09.2021 0:38;28.09.2021 8:38;16;0;0.00;22.106001;88.909079;139.979043;0.00;-6.93;-2.46;-8;4;-135;0;1;0;77;77;-15616;2248;22106;3034.00;93;NAVI;1;0;0;0;0;0;0;1,63279E+12;3628;3686;3642;3637;3705;3647;6;;;;;;;0;0;0;88;42;-1354;0;0;0;14;1693;32.89;689.10;0;-30;-11;0;;;100;100;14;0;0;0;0;2;1;;;;
88.909637;139.979474;555;555;шўы.36;226;555;555;рту.71;512;127361;28.09.2021 0:38;28.09.2021 8:38;16;0;0.00;22.106001;88.909079;139.979043;0.00;-6.93;-2.46;-8;4;-135;0;1;0;77;77;-15616;2248;22106;3034.00;93;NAVI;1;0;0;0;0;0;0;1,63279E+12;3628;3686;3642;3637;3705;3647;6;;;;;;;0;0;0;88;42;-1354;0;0;0;14;1693;32.89;689.10;0;-30;-11;0;;;100;100;14;0;0;0;0;2;1;;;;
88.909637;139.979470;556;556;шўы.29;225;556;556;рту.71;512;127417;28.09.2021 0:38;28.09.2021 8:38;16;0;0.00;22.106001;88.909079;139.979043;0.00;-6.93;-2.24;-8;4;-135;0;1;0;77;77;-15616;2248;22106;3034.00;93;NAVI;1;0;0;0;0;0;0;1,63279E+12;3628;3686;3642;3637;3705;3647;6;;;;;;;0;0;0;88;42;-1354;0;0;0;14;1695;32.57;687.79;0;-30;-10;0;;;100;100;14;0;0;0;0;2;1;;;;
88.909637;139.979465;556;556;шўы.29;225;556;556;рту.71;512;127517;28.09.2021 0:38;28.09.2021 8:38;16;0;0.00;22.106001;88.909079;139.979043;0.00;-6.93;-2.24;-8;4;-135;0;1;0;77;77;-15616;2248;22106;3034.00;93;NAVI;1;0;0;0;0;0;0;1,63279E+12;3649;3703;3664;3662;3728;3674;6;;;;;;;0;0;0;89;42;-1354;0;0;0;14;1696;32.57;686.47;0;-30;-10;0;;;100;100;14;0;0;0;0;2;1;;;;
88.909637;139.979461;556;556;шўы.29;224;556;556;рту.71;512;127617;28.09.2021 0:38;28.09.2021 8:38;16;0;0.00;22.106001;88.909079;139.979043;0.00;-6.93;-2.24;-8;4;-135;0;1;0;77;77;-15616;2248;22106;3034.00;93;NAVI;1;0;0;0;0;0;0;1,63279E+12;3649;3703;3664;3662;3728;3674;6;;;;;;;0;0;0;88;42;-1354;0;0;0;14;1696;32.57;685.16;0;-30;-10;0;;;100;100;14;0;0;0;0;2;1;;;;
88.909637;139.979457;557;557;шўы.29;224;557;557;рту.71;512;127657;28.09.2021 0:38;28.09.2021 8:38;16;0;0.00;22.106001;88.909079;139.979043;0.00;-6.93;-2.24;-8;4;-135;0;1;0;77;77;-15616;2248;22106;3034.00;93;NAVI;1;0;0;0;0;0;0;1,63279E+12;3649;3703;3664;3662;3728;3674;6;;;;;;;0;0;0;88;42;-1354;0;0;0;14;1698;32.57;683.89;0;-30;-10;0;;;100;100;14;0;0;0;0;2;1;;;;
88.909637;139.979452;557;557;шўы.29;223;557;557;рту.71;512;127728;28.09.2021 0:38;28.09.2021 8:38;16;0;0.00;22.106001;88.909079;139.979043;0.00;-6.93;-2.24;-8;4;-135;0;1;0;77;77;-15616;2248;22106;3034.00;93;NAVI;1;0;0;0;0;0;0;1,63279E+12;3649;3703;3664;3662;3728;3674;6;;;;;;;0;0;0;88;42;-1353;0;0;0;14;1698;32.57;682.62;0;-30;-10;0;;;100;100;14;0;0;0;0;2;1;;;;
88.909637;139.979443;558;558;шўы.29;223;558;558;рту.71;512;127928;2021-09-28 00:38:01.026;2021-09-28 08:38:01.027;16;0;0.00;22.106001;88.909079;139.979043;0.00;-6.93;-2.24;-8;4;-135;0;1;0;77;77;-15616;2248;22106;3034.00;93;NAVI;1;0;0;0;0;0;0;1,63279E+12;3649;3703;3664;3662;3728;3674;6;;;;;;;0;0;0;86;42;-1353;0;0;0;14;1701;32.57;680.08;0;-30;-10;0;;;100;100;14;0;0;0;0;2;1;;;;
88.909637;139.979439;558;558;шўы.29;222;558;558;рту.71;512;128115;28.09.2021 0:38;28.09.2021 8:38;16;0;0.00;22.106001;88.909079;139.979043;0.00;-6.93;-2.24;-8;4;-135;0;1;0;77;77;-15616;2248;22106;3034.00;93;NAVI;1;0;0;0;0;0;0;1,63279E+12;3649;3703;3664;3662;3728;3674;6;;;;;;;0;0;0;85;44;-1353;0;0;0;14;1701;32.57;678.84;0;-30;-10;0;;;100;100;14;0;0;0;0;2;1;;;;
88.909637;139.979435;558;558;шўы.29;222;558;558;рту.71;512;128380;28.09.2021 0:38;28.09.2021 8:38;16;0;0.00;22.115999;88.909079;139.979043;0.00;-7.16;-2.46;-8;4;-135;0;1;0;77;77;-15482;2248;22116;3035.00;93;NAVI;1;0;0;0;0;0;0;1,63279E+12;3649;3703;3664;3662;3728;3674;6;;;;;;;0;0;0;85;42;-1353;0;0;0;14;1703;32.57;677.61;0;-32;-11;0;;;100;100;14;0;0;0;0;2;1;;;;
88.909637;139.979430;559;559;шўы.57;221;559;559;рту.71;512;128417;28.09.2021 0:38;28.09.2021 8:38;16;0;0.00;22.115999;88.909079;139.979043;0.00;-7.16;-2.46;-8;4;-135;0;1;0;77;77;-15482;2248;22116;3035.00;93;NAVI;1;0;0;0;0;0;0;1,63279E+12;3649;3703;3664;3662;3728;3674;6;;;;;;;0;0;0;85;42;-1353;0;0;0;14;1703;33.84;676.37;0;-32;-11;0;;;100;100;14;0;0;0;0;2;1;;;;
88.909637;139.979421;559;559;шўы.57;221;559;559;рту.71;512;128528;28.09.2021 0:38;28.09.2021 8:38;16;0;0.00;22.115999;88.909079;139.979043;0.00;-7.16;-2.46;-8;4;-135;0;1;0;77;77;-15482;2248;22116;3035.00;93;NAVI;1;0;0;0;0;0;0;1,63279E+12;3649;3703;3664;3662;3728;3674;6;;;;;;;0;0;0;84;40;-1354;0;0;0;14;1706;33.84;673.99;0;-32;-11;0;;;100;100;14;0;0;0;0;2;1;;;;
88.909637;139.979417;560;560;шўы.57;220;560;560;рту.71;512;128557;28.09.2021 0:38;28.09.2021 8:38;16;0;0.00;22.115999;88.909079;139.979043;0.00;-7.16;-2.46;-8;4;-135;0;1;0;77;77;-15482;2248;22116;3035.00;93;NAVI;1;0;0;0;0;0;0;1,63279E+12;3649;3703;3664;3662;3728;3674;6;;;;;;;0;0;0;85;40;-1354;0;0;0;14;1706;33.84;672.83;0;-32;-11;0;;;100;100;14;0;0;0;0;2;1;;;;
88.909637;139.979412;560;560;шўы.36;220;560;560;рту.71;512;128647;28.09.2021 0:38;28.09.2021 8:38;16;0;0.00;22.115999;88.909079;139.979043;0.00;-6.93;-2.46;-8;4;-135;0;1;0;77;77;-15482;2248;22116;3035.00;93;NAVI;1;0;0;0;0;0;0;1,63279E+12;3649;3703;3664;3662;3728;3674;6;;;;;;;0;0;0;85;40;-1354;0;0;0;14;1708;32.89;671.69;0;-30;-11;0;;;100;100;14;0;0;0;0;2;1;;;;
88.909637;139.979408;560;560;шўы.36;219;560;560;рту.71;512;128818;28.09.2021 0:38;28.09.2021 8:38;16;0;0.00;22.115999;88.909079;139.979043;0.00;-6.93;-2.24;-8;4;-135;0;1;0;77;77;-15482;2248;22116;3035.00;93;NAVI;1;0;0;0;0;0;0;1,63279E+12;3649;3703;3664;3662;3728;3674;6;;;;;;;0;0;0;85;40;-1354;0;0;0;14;1708;32.89;670.56;0;-30;-10;0;;;100;100;14;0;0;0;0;2;1;;;;
88.909637;139.979404;561;561;шўы.29;219;561;561;рту.71;512;128857;28.09.2021 0:38;28.09.2021 8:38;16;0;0.00;22.115999;88.909079;139.979043;0.00;-6.93;-2.24;-8;4;-135;0;1;0;77;77;-15482;2248;22116;3035.00;93;NAVI;1;0;0;0;0;0;0;1,63279E+12;3649;3703;3664;3662;3728;3674;6;;;;;;;0;0;0;85;40;-1354;0;0;0;14;1710;32.57;669.45;0;-30;-10;0;;;100;100;14;0;0;0;0;2;1;;;;
88.909637;139.979399;561;561;шўы.29;219;561;561;рту.71;512;128937;2021-09-28 00:38:02.035;2021-09-28 08:38:02.036;16;0;0.00;22.115999;88.909079;139.979043;0.00;-6.93;-2.24;-8;4;-135;0;1;0;77;77;-15482;2248;22116;3035.00;93;NAVI;1;0;0;0;0;0;0;1,63279E+12;3649;3703;3664;3662;3728;3674;6;;;;;;;0;0;0;86;42;-1354;0;0;0;14;1711;32.57;668.35;0;-30;-10;0;;;100;100;14;0;0;0;0;2;1;;;;
88.909637;139.979395;561;561;шўы.29;218;561;561;рту.71;512;129145;28.09.2021 0:38;28.09.2021 8:38;16;0;0.00;22.115999;88.909079;139.979043;0.00;-6.93;-2.24;-8;4;-135;0;1;0;77;77;-15482;2248;22116;3035.00;93;NAVI;1;0;0;0;0;0;0;1,63279E+12;3649;3703;3664;3662;3728;3674;6;;;;;;;0;0;0;88;40;-1354;0;0;0;14;1711;32.57;667.28;0;-30;-10;0;;;100;100;14;0;0;0;0;2;1;;;;
88.909637;139.979391;562;562;шўы.36;218;562;562;рту.71;512;129337;28.09.2021 0:38;28.09.2021 8:38;16;0;0.00;22.166000;88.909079;139.979043;0.00;-6.93;-2.24;-8;3;-135;0;1;0;77;77;-14882;2219;22166;3036.00;93;NAVI;1;0;0;0;0;0;0;1,63279E+12;3649;3703;3664;3662;3728;3674;6;;;;;;;0;0;0;89;39;-1353;0;0;0;14;1713;32.89;666.21;0;-30;-10;0;;;100;100;14;0;0;0;0;2;1;;;;
88.909637;139.979382;562;562;шўы.29;217;562;562;рту.71;512;129368;28.09.2021 0:38;28.09.2021 8:38;16;0;0.00;22.166000;88.909079;139.979043;0.00;-6.93;-2.24;-8;3;-135;0;1;0;77;77;-14882;2219;22166;3036.00;93;NAVI;1;0;0;0;0;0;0;1,63279E+12;3649;3703;3664;3662;3728;3674;6;;;;;;;0;0;0;89;37;-1353;0;0;0;14;1715;32.57;664.11;0;-30;-10;0;;;100;100;14;0;0;0;0;2;1;;;;
88.909637;139.979382;562;562;шўы.29;217;562;562;рту.71;512;129371;28.09.2021 0:38;28.09.2021 8:38;16;0;0.00;22.166000;88.909079;139.979043;0.00;-6.93;-2.24;-8;3;-135;0;1;0;77;77;-14882;2219;22166;3036.00;93;NAVI;1;0;0;0;0;0;0;1,63279E+12;3649;3703;3664;3662;3728;3674;6;;;;;;;0;0;0;89;37;-1353;0;0;0;14;1715;32.57;664.11;0;-30;-10;0;;;100;100;14;0;0;0;0;2;1;;;;
88.909637;139.979377;562;562;шўы.29;217;562;562;рту.71;512;129538;28.09.2021 0:38;28.09.2021 8:38;16;0;0.00;22.166000;88.909079;139.979043;0.00;-6.93;-2.24;-8;3;-135;0;1;0;77;77;-14882;2219;22166;3036.00;93;NAVI;1;0;0;0;0;0;0;1,63279E+12;3649;3703;3664;3662;3728;3674;6;;;;;;;0;0;0;89;39;-1353;0;0;0;14;1716;32.57;663.07;0;-30;-10;0;;;100;100;14;0;0;0;0;2;1;;;;
88.909637;139.979373;563;563;шўы.29;217;563;563;рту.71;512;129717;28.09.2021 0:38;28.09.2021 8:38;16;0;0.00;22.166000;88.909079;139.979043;0.00;-6.93;-2.24;-8;4;-135;0;1;0;77;77;-14882;2219;22166;3036.00;93;NAVI;1;0;0;0;0;0;0;1,63279E+12;3649;3703;3664;3662;3728;3674;6;;;;;;;0;0;0;89;40;-1353;0;0;0;14;1716;32.57;662.02;0;-30;-10;0;;;100;100;14;0;0;0;0;2;1;;;;
88.909637;139.979369;563;563;шўы.29;216;563;563;рту.71;512;129757;28.09.2021 0:38;28.09.2021 8:38;16;0;0.00;22.166000;88.909079;139.979043;0.00;-6.93;-2.24;-9;4;-135;0;1;0;77;77;-14882;2219;22166;3036.00;93;NAVI;1;0;0;0;0;0;0;1,63279E+12;3649;3703;3664;3662;3728;3674;6;;;;;;;0;0;0;90;42;-1353;0;0;0;14;1718;32.57;660.97;0;-30;-10;0;;;100;100;14;0;0;0;0;2;1;;;;
88.909637;139.979364;563;563;шўы.29;216;563;563;рту.71;512;129807;28.09.2021 0:38;28.09.2021 8:38;16;0;0.00;22.166000;88.909079;139.979043;0.00;-6.93;-2.24;-8;4;-135;0;1;0;77;77;-14882;2219;22166;3036.00;93;NAVI;1;0;0;0;0;0;0;1,63279E+12;3649;3703;3664;3662;3728;3674;6;;;;;;;0;0;0;89;42;-1353;0;0;0;14;1718;32.57;659.93;0;-30;-10;0;;;100;100;14;0;0;0;0;2;1;;;;
88.909637;139.979360;564;564;шўы.29;216;564;564;рту.71;512;129870;28.09.2021 0:38;28.09.2021 8:38;16;0;0.00;22.166000;88.909079;139.979043;0.00;-6.93;-2.24;-8;4;-135;0;1;0;77;77;-14882;2219;22166;3036.00;93;NAVI;1;0;0;0;0;0;0;1,63279E+12;3649;3703;3664;3662;3728;3674;6;;;;;;;0;0;0;89;42;-1353;0;0;0;14;1720;32.57;658.92;0;-30;-10;0;;;100;100;14;0;0;0;0;2;1;;;;
88.909637;139.979356;564;564;шўы.36;215;564;564;рту.71;512;129961;2021-09-28 00:38:03.060;2021-09-28 08:38:03.060;16;0;0.00;22.166000;88.909079;139.979043;0.00;-6.93;-2.46;-8;4;-135;0;1;0;77;77;-14882;2219;22166;3036.00;93;NAVI;1;0;0;0;0;0;0;1,63279E+12;3649;3703;3664;3662;3728;3674;6;;;;;;;0;0;0;89;42;-1353;0;0;0;14;1721;32.89;657.93;0;-30;-11;0;;;100;100;14;0;0;0;0;2;1;;;;
88.909637;139.979351;565;565;шўы.36;215;565;565;рту.71;512;130117;28.09.2021 0:38;28.09.2021 8:38;16;0;0.00;22.166000;88.909079;139.979043;0.00;-6.93;-2.46;-9;4;-135;0;1;0;77;77;-14882;2219;22166;3036.00;93;NAVI;1;0;0;0;0;0;0;1,63279E+12;3649;3703;3664;3662;3728;3674;6;;;;;;;0;0;0;90;42;-1353;0;0;0;14;1723;32.89;656.97;0;-30;-11;0;;;100;100;14;0;0;0;0;2;1;;;;
88.909637;139.979347;565;565;шўы.57;215;565;565;рту.71;512;130368;28.09.2021 0:38;28.09.2021 8:38;16;0;0.00;22.139999;88.909079;139.979043;0.00;-7.16;-2.24;-9;4;-135;0;1;0;76;77;-15381;2219;22140;3037.00;93;NAVI;1;0;0;0;0;0;0;1,63279E+12;3649;3703;3664;3662;3728;3674;6;;;;;;;0;0;0;90;40;-1353;0;0;0;14;1723;33.84;656.01;0;-32;-10;0;;;100;100;14;0;0;0;0;2;1;;;;
88.909637;139.979338;566;566;шўы.50;214;566;566;рту.71;512;130400;28.09.2021 0:38;28.09.2021 8:38;16;0;0.00;22.139999;88.909079;139.979043;0.00;-7.16;-2.24;-9;4;-135;0;1;0;76;77;-15381;2219;22140;3037.00;93;NAVI;1;0;0;0;0;0;0;1,63279E+12;3649;3703;3664;3662;3728;3674;6;;;;;;;0;0;0;90;42;-1354;0;0;0;14;1726;33.53;654.10;0;-32;-10;0;;;100;100;14;0;0;0;0;2;1;;;;
88.909637;139.979338;566;566;шўы.50;214;566;566;рту.71;512;130403;28.09.2021 0:38;28.09.2021 8:38;16;0;0.00;22.139999;88.909079;139.979043;0.00;-7.16;-2.24;-9;4;-135;0;1;0;76;77;-15381;2219;22140;3037.00;93;NAVI;1;0;0;0;0;0;0;1,63279E+12;3649;3703;3664;3662;3728;3674;6;;;;;;;0;0;0;90;42;-1354;0;0;0;14;1726;33.53;654.10;0;-32;-10;0;;;100;100;14;0;0;0;0;2;1;;;;
88.909638;139.979329;566;566;шўы.44;214;566;566;рту.71;512;130607;28.09.2021 0:38;28.09.2021 8:38;16;0;0.00;22.139999;88.909079;139.979043;0.00;-7.16;-2.01;-9;4;-135;0;1;0;76;77;-15381;2219;22140;3037.00;93;NAVI;1;0;0;0;0;0;0;1,63279E+12;3649;3703;3664;3662;3728;3674;6;;;;;;;0;0;0;93;44;-1354;0;0;0;14;1728;33.24;652.34;0;-32;-8;0;;;100;100;14;0;0;0;0;2;1;;;;
88.909638;139.979325;567;567;шўы.44;213;567;567;рту.71;512;130697;28.09.2021 0:38;28.09.2021 8:38;16;0;0.00;22.139999;88.909079;139.979043;0.00;-7.16;-2.01;-9;4;-135;0;1;0;76;77;-15381;2219;22140;3037.00;93;NAVI;1;0;0;0;0;0;0;1,63279E+12;3649;3703;3664;3662;3728;3674;6;;;;;;;0;0;0;93;44;-1354;0;0;0;14;1728;33.24;651.43;0;-32;-8;0;;;100;100;14;0;0;0;0;2;1;;;;
88.909638;139.979320;567;567;шўы.38;213;567;567;рту.71;512;130790;28.09.2021 0:38;28.09.2021 8:38;16;0;0.00;22.139999;88.909079;139.979043;0.00;-7.16;-1.79;-9;4;-135;0;1;0;76;77;-15381;2219;22140;3037.00;93;NAVI;1;0;0;0;0;0;0;1,63279E+12;3649;3703;3664;3662;3728;3674;6;;;;;;;0;0;0;91;44;-1353;0;0;0;14;1730;32.98;650.52;0;-32;-8;0;;;100;99;14;0;0;0;0;2;1;;;;
88.909638;139.979316;567;567;шўы.38;213;567;567;рту.71;512;130888;28.09.2021 0:38;28.09.2021 8:38;16;0;0.00;22.139999;88.909079;139.979043;0.00;-7.16;-1.79;-9;4;-135;0;1;0;76;77;-15381;2219;22140;3037.00;93;NAVI;1;0;0;0;0;0;0;1,63279E+12;3649;3703;3664;3662;3728;3674;6;;;;;;;0;0;0;90;45;-1353;0;0;0;14;1731;32.98;649.60;0;-32;-8;0;;;100;99;14;0;0;0;0;2;1;;;;
88.909638;139.979311;567;567;шўы.33;212;567;567;рту.71;512;131008;28.09.2021 0:38;28.09.2021 8:38;16;0;0.00;22.139999;88.909079;139.979043;0.00;-7.16;-1.57;-8;4;-135;0;1;0;76;77;-15381;2219;22140;3037.00;93;NAVI;1;0;0;0;0;0;0;1,63279E+12;3649;3703;3664;3662;3728;3674;6;;;;;;;0;0;0;89;45;-1353;0;0;0;14;1731;32.76;648.70;0;-32;-6;0;;;100;99;14;0;0;0;0;2;1;;;;
88.909638;139.979307;568;568;шўы.38;212;568;568;рту.71;512;131090;28.09.2021 0:38;28.09.2021 8:38;16;0;0.00;22.139999;88.909079;139.979043;0.00;-7.16;-1.79;-8;4;-135;0;1;0;76;77;-15381;2219;22140;3037.00;93;NAVI;1;0;0;0;0;0;0;1,63279E+12;3649;3703;3664;3662;3728;3674;6;;;;;;;0;0;0;88;45;-1353;0;0;0;14;1731;32.98;647.84;0;-32;-8;0;;;100;99;14;0;0;0;0;2;1;;;;
88.909638;139.979302;568;568;шўы.38;212;568;568;рту.71;512;131459;28.09.2021 0:38;28.09.2021 8:38;16;0;0.00;22.128000;88.909079;139.979043;0.00;-7.16;-1.79;-8;4;-135;0;1;0;76;77;-14740;2219;22128;3037.00;93;NAVI;1;0;0;0;0;0;0;1,63279E+12;3649;3703;3664;3662;3728;3674;6;;;;;;;0;0;0;88;45;-1351;0;0;0;14;1733;32.98;646.99;0;-32;-8;0;;;100;99;14;0;0;0;0;2;1;;;;
88.909638;139.979294;569;569;шўы.38;211;569;569;рту.71;512;131498;28.09.2021 0:38;28.09.2021 8:38;16;0;0.00;22.128000;88.909079;139.979043;0.00;-7.16;-1.79;-9;4;-135;0;1;0;76;77;-14740;2219;22128;3037.00;93;NAVI;1;0;0;0;0;0;0;1,63279E+12;3649;3703;3664;3662;3728;3674;6;;;;;;;0;0;0;90;45;-1351;0;0;0;14;1735;32.98;645.33;0;-32;-8;0;;;100;99;14;0;0;0;0;2;1;;;;
88.909638;139.979289;569;569;шўы.38;211;569;569;рту.71;512;131544;28.09.2021 0:38;28.09.2021 8:38;16;0;0.00;22.128000;88.909079;139.979043;0.00;-7.16;-1.79;-9;4;-135;0;1;0;76;77;-14740;2219;22128;3037.00;93;NAVI;1;0;0;0;0;0;0;1,63279E+12;3649;3703;3664;3662;3728;3674;6;;;;;;;0;0;0;91;44;-1351;0;0;0;14;1736;32.98;644.53;0;-32;-8;0;;;100;99;14;0;0;0;0;2;1;;;;
88.909638;139.979289;569;569;шўы.38;211;569;569;рту.71;512;131546;28.09.2021 0:38;28.09.2021 8:38;16;0;0.00;22.128000;88.909079;139.979043;0.00;-7.16;-1.79;-9;4;-135;0;1;0;76;77;-14740;2219;22128;3037.00;93;NAVI;1;0;0;0;0;0;0;1,63279E+12;3649;3703;3664;3662;3728;3674;6;;;;;;;0;0;0;91;44;-1351;0;0;0;14;1736;32.98;644.53;0;-32;-8;0;;;100;99;14;0;0;0;0;2;1;;;;
88.909638;139.979285;569;569;шўы.33;211;569;569;рту.71;512;131690;28.09.2021 0:38;28.09.2021 8:38;16;0;0.00;22.128000;88.909079;139.979043;0.00;-7.16;-1.57;-9;4;-135;0;1;0;76;77;-14740;2219;22128;3037.00;93;NAVI;1;0;0;0;0;0;0;1,63279E+12;3649;3703;3664;3662;3728;3674;6;;;;;;;0;0;0;91;44;-1350;0;0;0;14;1736;32.76;643.74;0;-32;-6;0;;;100;99;14;0;0;0;0;2;1;;;;
88.909638;139.979276;570;570;шўы.38;210;570;570;рту.71;512;131807;28.09.2021 0:38;28.09.2021 8:38;16;0;0.00;22.128000;88.909079;139.979043;0.00;-7.16;-1.79;-9;4;-135;0;1;0;76;77;-14740;2219;22128;3037.00;93;NAVI;1;0;0;0;0;0;0;1,63279E+12;3649;3703;3664;3662;3728;3674;6;;;;;;;0;0;0;90;42;-1350;0;0;0;14;1738;32.98;642.14;0;-32;-8;0;;;100;99;14;0;0;0;0;2;1;;;;
88.909638;139.979271;570;570;шўы.38;210;570;570;рту.71;512;131850;28.09.2021 0:38;28.09.2021 8:38;16;0;0.00;22.128000;88.909079;139.979043;0.00;-7.16;-1.79;-8;4;-135;0;1;0;76;77;-14740;2219;22128;3037.00;93;NAVI;1;0;0;0;0;0;0;1,63279E+12;3649;3703;3664;3662;3728;3674;6;;;;;;;0;0;0;89;40;-1350;0;0;0;14;1738;32.98;641.40;0;-32;-8;0;;;100;99;14;0;0;0;0;2;1;;;;
88.909638;139.979266;570;570;шўы.38;210;570;570;рту.71;512;131923;2021-09-28 00:38:05.021;2021-09-28 08:38:05.023;16;0;0.00;22.128000;88.909079;139.979043;0.00;-7.16;-1.79;-8;4;-135;0;1;0;76;77;-14740;2219;22128;3037.00;93;NAVI;1;0;0;0;0;0;0;1,63279E+12;3649;3703;3664;3662;3728;3674;6;;;;;;;0;0;0;86;42;-1351;0;0;0;14;1740;32.98;640.64;0;-32;-8;0;;;100;99;14;0;0;0;0;2;1;;;;
88.909638;139.979262;570;570;шўы.33;209;570;570;рту.71;512;132088;28.09.2021 0:38;28.09.2021 8:38;16;0;0.00;22.226000;88.909079;139.979043;0.00;-7.16;-1.57;-8;4;-135;0;1;0;76;77;-14554;2219;22226;3039.00;93;NAVI;1;0;0;0;0;0;0;1,63279E+12;3649;3703;3664;3662;3728;3674;6;;;;;;;0;0;0;84;45;-1353;0;0;0;14;1740;32.76;639.87;0;-32;-6;0;;;100;99;14;0;0;0;0;2;1;;;;
88.909638;139.979258;571;571;шўы.33;209;571;571;рту.71;512;132120;28.09.2021 0:38;28.09.2021 8:38;16;0;0.00;22.226000;88.909079;139.979043;0.00;-7.16;-1.57;-8;4;-135;0;1;0;76;77;-14554;2219;22226;3039.00;93;NAVI;1;0;0;0;0;0;0;1,63279E+12;3649;3703;3664;3662;3728;3674;6;;;;;;;0;0;0;81;47;-1353;0;0;0;14;1741;32.76;639.10;0;-32;-6;0;;;100;99;14;0;0;0;0;2;1;;;;
88.909638;139.979253;571;571;шўы.33;209;571;571;рту.71;512;132662;28.09.2021 0:38;28.09.2021 8:38;16;0;0.00;22.226000;88.909079;139.979043;0.00;-7.16;-1.57;-8;4;-135;0;1;0;76;77;-14554;2219;22226;3039.00;93;NAVI;1;0;0;0;0;0;0;1,63279E+12;3649;3703;3664;3662;3728;3674;6;;;;;;;0;0;0;83;47;-1353;0;0;0;14;1741;32.76;638.36;0;-32;-6;0;;;100;100;14;0;0;0;0;2;1;;;;
88.909638;139.979235;572;572;шўы.33;208;572;572;рту.71;512;132707;28.09.2021 0:38;28.09.2021 8:38;16;0;0.00;22.226000;88.909079;139.979043;0.00;-7.16;-1.57;-8;4;-135;0;1;0;76;77;-14554;2219;22226;3039.00;93;NAVI;1;0;0;0;0;0;0;1,63279E+12;3649;3703;3664;3662;3728;3674;6;;;;;;;0;0;0;86;40;-1354;0;0;0;14;1745;32.76;635.81;0;-32;-6;0;;;100;100;14;0;0;0;0;2;1;;;;
88.909638;139.979230;572;572;шўы.33;208;572;572;рту.71;512;132747;28.09.2021 0:38;28.09.2021 8:38;16;0;0.00;22.226000;88.909079;139.979043;0.00;-7.16;-1.57;-8;3;-135;0;1;0;76;77;-14554;2219;22226;3039.00;93;NAVI;1;0;0;0;0;0;0;1,63279E+12;3649;3703;3664;3662;3728;3674;6;;;;;;;0;0;0;88;37;-1353;0;0;0;14;1745;32.76;635.25;0;-32;-6;0;;;100;100;14;0;0;0;0;2;1;;;;
88.909638;139.979230;572;572;шўы.33;208;572;572;рту.71;512;132750;28.09.2021 0:38;28.09.2021 8:38;16;0;0.00;22.226000;88.909079;139.979043;0.00;-7.16;-1.57;-8;3;-135;0;1;0;76;77;-14554;2219;22226;3039.00;93;NAVI;1;0;0;0;0;0;0;1,63279E+12;3649;3703;3664;3662;3728;3674;6;;;;;;;0;0;0;88;37;-1353;0;0;0;14;1745;32.76;635.25;0;-32;-6;0;;;100;100;14;0;0;0;0;2;1;;;;
88.909638;139.979230;572;572;шўы.33;208;572;572;рту.71;512;132753;28.09.2021 0:38;28.09.2021 8:38;16;0;0.00;22.226000;88.909079;139.979043;0.00;-7.16;-1.57;-8;3;-135;0;1;0;76;77;-14554;2219;22226;3039.00;93;NAVI;1;0;0;0;0;0;0;1,63279E+12;3649;3703;3664;3662;3728;3674;6;;;;;;;0;0;0;88;37;-1353;0;0;0;14;1745;32.76;635.25;0;-32;-6;0;;;100;100;14;0;0;0;0;2;1;;;;
88.909638;139.979230;572;572;шўы.33;208;572;572;рту.71;512;132755;28.09.2021 0:38;28.09.2021 8:38;16;0;0.00;22.226000;88.909079;139.979043;0.00;-7.16;-1.57;-8;3;-135;0;1;0;76;77;-14554;2219;22226;3039.00;93;NAVI;1;0;0;0;0;0;0;1,63279E+12;3649;3703;3664;3662;3728;3674;6;;;;;;;0;0;0;88;37;-1353;0;0;0;14;1745;32.76;635.25;0;-32;-6;0;;;100;100;14;0;0;0;0;2;1;;;;
88.909638;139.979226;572;572;шўы.33;208;572;572;рту.71;512;132830;28.09.2021 0:38;28.09.2021 8:38;16;0;0.00;22.226000;88.909079;139.979043;0.00;-7.16;-1.57;-8;3;-135;0;1;0;76;77;-14554;2219;22226;3039.00;93;NAVI;1;0;0;0;0;0;0;1,63279E+12;3649;3703;3664;3662;3728;3674;6;;;;;;;0;0;0;89;37;-1353;0;0;0;14;1746;32.76;634.63;0;-32;-6;0;;;100;100;14;0;0;0;0;2;1;;;;
88.909638;139.979221;573;573;шўы.33;208;573;573;рту.71;512;132941;2021-09-28 00:38:06.039;2021-09-28 08:38:06.039;17;0;0.00;22.226000;88.909079;139.979043;0.00;-7.16;-1.57;-8;3;-135;0;1;0;76;77;-14554;2219;22226;3039.00;93;NAVI;1;0;0;0;0;0;0;1,63279E+12;3649;3703;3664;3662;3728;3674;6;;;;;;;0;0;0;89;37;-1353;0;0;0;14;1746;32.76;634.04;0;-32;-6;0;;;100;100;14;0;0;0;0;2;1;;;;
88.909638;139.979217;573;573;шўы.33;207;573;573;рту.71;512;133117;28.09.2021 0:38;28.09.2021 8:38;17;0;0.00;22.195000;88.909079;139.979043;0.00;-7.16;-1.79;-8;4;-135;0;1;0;76;77;-14785;2219;22195;3040.00;93;NAVI;1;0;0;0;0;0;0;1,63279E+12;3649;3703;3664;3662;3728;3674;6;;;;;;;0;0;0;88;40;-1353;0;0;0;14;1746;32.76;633.50;0;-32;-8;0;;;100;100;14;0;0;0;0;2;1;;;;
88.909638;139.979212;573;573;шўы.38;207;573;573;рту.71;512;133158;28.09.2021 0:38;28.09.2021 8:38;17;0;0.00;22.195000;88.909079;139.979043;0.00;-7.16;-1.79;-8;4;-135;0;1;0;76;77;-14785;2219;22195;3040.00;93;NAVI;1;0;0;0;0;0;0;1,63279E+12;3649;3703;3664;3662;3728;3674;6;;;;;;;0;0;0;88;40;-1353;0;0;0;14;1748;32.98;632.95;0;-32;-8;0;;;100;100;14;0;0;0;0;2;1;;;;
88.909638;139.979208;573;573;шўы.38;207;573;573;рту.71;512;133238;28.09.2021 0:38;28.09.2021 8:38;17;0;0.00;22.195000;88.909079;139.979043;0.00;-7.16;-1.79;-8;4;-135;0;1;0;76;77;-14785;2219;22195;3040.00;93;NAVI;1;0;0;0;0;0;0;1,63279E+12;3649;3703;3664;3662;3728;3674;6;;;;;;;0;0;0;88;40;-1353;0;0;0;14;1748;32.98;632.39;0;-32;-8;0;;;100;100;14;0;0;0;0;2;1;;;;
88.909638;139.979203;574;574;шўы.38;207;574;574;рту.71;512;133610;28.09.2021 0:38;28.09.2021 8:38;16;0;0.00;22.195000;88.909079;139.979043;0.00;-7.16;-1.79;-8;4;-135;0;1;0;76;77;-14785;2219;22195;3040.00;93;NAVI;1;0;0;0;0;0;0;1,63279E+12;3649;3703;3664;3662;3728;3674;6;;;;;;;0;0;0;89;40;-1353;0;0;0;14;1750;32.98;631.85;0;-32;-8;0;;;100;100;14;0;0;0;0;2;1;;;;
88.909638;139.979194;574;574;шўы.38;206;574;574;рту.71;512;133720;28.09.2021 0:38;28.09.2021 8:38;16;0;0.00;22.195000;88.909079;139.979043;0.00;-7.16;-1.79;-9;4;-135;0;1;0;76;77;-14785;2219;22195;3040.00;93;NAVI;1;0;0;0;0;0;0;1,63279E+12;3649;3703;3664;3662;3728;3674;6;;;;;;;0;0;0;90;40;-1353;0;0;0;14;1751;32.98;630.88;0;-32;-8;0;;;100;100;14;0;0;0;0;2;1;;;;
88.909638;139.979190;574;574;шўы.38;206;574;574;рту.71;512;133757;28.09.2021 0:38;28.09.2021 8:38;16;0;0.00;22.195000;88.909079;139.979043;0.00;-7.16;-1.79;-9;4;-135;0;1;0;76;77;-14785;2219;22195;3040.00;93;NAVI;1;0;0;0;0;0;0;1,63279E+12;3649;3703;3664;3662;3728;3674;6;;;;;;;0;0;0;90;40;-1353;0;0;0;14;1751;32.98;630.38;0;-32;-8;0;;;100;100;14;0;0;0;0;2;1;;;;
88.909638;139.979185;575;575;шўы.38;206;575;575;рту.71;512;133821;28.09.2021 0:38;28.09.2021 8:38;16;0;0.00;22.195000;88.909079;139.979043;0.00;-7.16;-1.79;-9;4;-135;0;1;0;76;77;-14785;2219;22195;3040.00;93;NAVI;1;0;0;0;0;0;0;1,63279E+12;3649;3703;3664;3662;3728;3674;6;;;;;;;0;0;0;90;42;-1353;0;0;0;14;1753;32.98;629.89;0;-32;-8;0;;;100;100;14;0;0;0;0;2;1;;;;
88.909638;139.979185;575;575;шўы.38;206;575;575;рту.71;512;133823;28.09.2021 0:38;28.09.2021 8:38;16;0;0.00;22.195000;88.909079;139.979043;0.00;-7.16;-1.79;-9;4;-135;0;1;0;76;77;-14785;2219;22195;3040.00;93;NAVI;1;0;0;0;0;0;0;1,63279E+12;3649;3703;3664;3662;3728;3674;6;;;;;;;0;0;0;90;42;-1353;0;0;0;14;1753;32.98;629.89;0;-32;-8;0;;;100;100;14;0;0;0;0;2;1;;;;
88.909638;139.979181;575;575;шўы.38;206;575;575;рту.71;512;133870;28.09.2021 0:38;28.09.2021 8:38;16;0;0.00;22.195000;88.909079;139.979043;0.00;-7.16;-1.79;-8;4;-135;0;1;0;76;77;-14785;2219;22195;3040.00;93;NAVI;1;0;0;0;0;0;0;1,63279E+12;3649;3703;3664;3662;3728;3674;6;;;;;;;0;0;0;89;42;-1353;0;0;0;14;1753;32.98;629.45;0;-32;-8;0;;;100;100;14;0;0;0;0;2;1;;;;
88.909638;139.979176;575;575;шўы.38;206;575;575;рту.71;512;133980;2021-09-28 00:38:07.078;2021-09-28 08:38:07.078;17;0;0.00;22.195000;88.909079;139.979043;0.00;-7.16;-1.79;-9;4;-135;0;1;0;76;77;-14785;2219;22195;3040.00;93;NAVI;1;0;0;0;0;0;0;1,63279E+12;3649;3703;3664;3662;3728;3674;6;;;;;;;0;0;0;90;42;-1353;0;0;0;14;1753;32.98;629.01;0;-32;-8;0;;;100;100;14;0;0;0;0;2;1;;;;
88.909638;139.979172;575;575;шўы.38;206;575;575;рту.71;512;134130;28.09.2021 0:38;28.09.2021 8:38;17;0;0.00;22.195000;88.909079;139.979043;0.00;-7.16;-1.79;-9;4;-135;0;1;0;76;77;-14785;2219;22195;3040.00;93;NAVI;1;0;0;0;0;0;0;1,63279E+12;3649;3703;3664;3662;3728;3674;6;;;;;;;0;0;0;90;45;-1353;0;0;0;14;1755;32.98;628.56;0;-32;-8;0;;;100;100;14;0;0;0;0;2;1;;;;
88.909638;139.979167;576;576;шўы.33;206;576;576;рту.71;512;134170;28.09.2021 0:38;28.09.2021 8:38;16;0;0.00;22.160000;88.909079;139.979043;0.00;-7.16;-1.57;-9;4;-135;0;1;0;76;77;-15237;2219;22160;3040.00;93;NAVI;1;0;0;0;0;0;0;1,63279E+12;3649;3703;3664;3662;3728;3674;6;;;;;;;0;0;0;91;45;-1353;0;0;0;14;1756;32.76;628.13;0;-32;-6;0;;;100;100;14;0;0;0;0;2;1;;;;
88.909638;139.979163;576;576;шўы.33;205;576;576;рту.71;512;134257;28.09.2021 0:38;28.09.2021 8:38;16;0;0.00;22.160000;88.909079;139.979043;0.00;-7.16;-1.57;-9;4;-135;0;1;0;76;77;-15237;2219;22160;3040.00;93;NAVI;1;0;0;0;0;0;0;1,63279E+12;3649;3703;3664;3662;3728;3674;6;;;;;;;0;0;0;91;45;-1353;0;0;0;14;1756;32.76;627.73;0;-32;-6;0;;;100;100;14;0;0;0;0;2;1;;;;
88.909638;139.979158;576;576;шўы.28;205;576;576;рту.71;512;134671;28.09.2021 0:38;28.09.2021 8:38;17;0;0.00;22.160000;88.909079;139.979043;0.00;-7.16;-1.34;-9;4;-135;0;1;0;76;77;-15237;2219;22160;3040.00;93;NAVI;1;0;0;0;0;0;0;1,63279E+12;3649;3703;3664;3662;3728;3674;6;;;;;;;0;0;0;90;45;-1353;0;0;0;14;1756;32.56;627.34;0;-32;-6;0;;;100;100;14;0;0;0;0;2;1;;;;
88.909638;139.979144;577;577;шўы.28;205;577;577;рту.71;512;134702;28.09.2021 0:38;28.09.2021 8:38;17;0;0.00;22.160000;88.909079;139.979043;0.00;-7.16;-1.34;-9;4;-135;0;1;0;76;77;-15237;2219;22160;3040.00;93;NAVI;1;0;0;0;0;0;0;1,63279E+12;3649;3703;3664;3662;3728;3674;6;;;;;;;0;0;0;90;40;-1354;0;0;0;14;1758;32.56;626.34;0;-32;-6;0;;;100;100;14;0;0;0;0;2;1;;;;
88.909638;139.979144;577;577;шўы.28;205;577;577;рту.71;512;134706;28.09.2021 0:38;28.09.2021 8:38;17;0;0.00;22.160000;88.909079;139.979043;0.00;-7.16;-1.34;-9;4;-135;0;1;0;76;77;-15237;2219;22160;3040.00;93;NAVI;1;0;0;0;0;0;0;1,63279E+12;3649;3703;3664;3662;3728;3674;6;;;;;;;0;0;0;90;40;-1354;0;0;0;14;1758;32.56;626.34;0;-32;-6;0;;;100;100;14;0;0;0;0;2;1;;;;
88.909638;139.979144;577;577;шўы.28;205;577;577;рту.71;512;134715;28.09.2021 0:38;28.09.2021 8:38;17;0;0.00;22.160000;88.909079;139.979043;0.00;-7.16;-1.34;-9;4;-135;0;1;0;76;77;-15237;2219;22160;3040.00;93;NAVI;1;0;0;0;0;0;0;1,63279E+12;3649;3703;3664;3662;3728;3674;6;;;;;;;0;0;0;90;40;-1354;0;0;0;14;1758;32.56;626.34;0;-32;-6;0;;;100;100;14;0;0;0;0;2;1;;;;
88.909638;139.979140;577;577;шўы.28;205;577;577;рту.71;512;134780;28.09.2021 0:38;28.09.2021 8:38;17;0;0.00;22.160000;88.909079;139.979043;0.00;-7.16;-1.34;-9;4;-135;0;1;0;76;77;-15237;2219;22160;3040.00;93;NAVI;1;0;0;0;0;0;0;1,63279E+12;3649;3703;3664;3662;3728;3674;6;;;;;;;0;0;0;91;40;-1354;0;0;0;14;1760;32.56;626.04;0;-32;-6;0;;;100;100;14;0;0;0;0;2;1;;;;
88.909638;139.979135;577;577;шўы.28;205;577;577;рту.71;512;134918;2021-09-28 00:38:08.017;2021-09-28 08:38:08.017;17;0;0.00;22.160000;88.909079;139.979043;0.00;-7.16;-1.34;-9;3;-135;0;1;0;76;77;-15237;2219;22160;3040.00;93;NAVI;1;0;0;0;0;0;0;1,63279E+12;3649;3703;3664;3662;3728;3674;6;;;;;;;0;0;0;91;37;-1354;0;0;0;14;1761;32.56;625.73;0;-32;-6;0;;;100;100;14;0;0;0;0;2;1;;;;
88.909638;139.979131;577;577;шўы.28;205;577;577;рту.71;512;134990;2021-09-28 00:38:08.088;2021-09-28 08:38:08.089;17;0;0.00;22.160000;88.909079;139.979043;0.00;-7.16;-1.34;-9;3;-135;0;1;0;76;77;-15237;2219;22160;3040.00;93;NAVI;1;0;0;0;0;0;0;1,63279E+12;3649;3703;3664;3662;3728;3674;6;;;;;;;0;0;0;90;39;-1354;0;0;0;14;1761;32.56;625.43;0;-32;-6;0;;;100;100;14;0;0;0;0;2;1;;;;
88.909638;139.979126;578;578;шўы.28;205;578;578;рту.71;512;135088;28.09.2021 0:38;28.09.2021 8:38;17;0;0.00;22.160000;88.909079;139.979043;0.00;-7.16;-1.34;-9;4;-135;0;1;0;76;77;-15237;2219;22160;3040.00;93;NAVI;1;0;0;0;0;0;0;1,63279E+12;3649;3703;3664;3662;3728;3674;6;;;;;;;0;0;0;91;40;-1354;0;0;0;14;1761;32.56;625.15;0;-32;-6;0;;;100;100;14;0;0;0;0;2;1;;;;
88.909638;139.979122;578;578;шўы.28;205;578;578;рту.71;512;135187;28.09.2021 0:38;28.09.2021 8:38;17;0;0.00;22.247000;88.909079;139.979043;0.00;-7.16;-1.34;-9;4;-135;0;1;0;76;77;-14497;2190;22247;3041.00;93;NAVI;1;0;0;0;0;0;0;1,63279E+12;3649;3703;3664;3662;3728;3674;6;;;;;;;0;0;0;91;40;-1354;0;0;0;14;1763;32.56;624.88;0;-32;-6;0;;;100;100;14;0;0;0;0;2;1;;;;
88.909638;139.979117;578;578;шўы.28;204;578;578;рту.71;512;135307;28.09.2021 0:38;28.09.2021 8:38;17;0;0.00;22.247000;88.909079;139.979043;0.00;-7.16;-1.34;-9;3;-135;0;1;0;76;77;-14497;2190;22247;3041.00;93;NAVI;1;0;0;0;0;0;0;1,63279E+12;3649;3703;3664;3662;3728;3674;6;;;;;;;0;0;0;93;39;-1354;0;0;0;14;1763;32.56;624.60;0;-32;-6;0;;;100;100;14;0;0;0;0;2;1;;;;
88.909638;139.979113;578;578;шўы.25;204;578;578;рту.71;512;135644;28.09.2021 0:38;28.09.2021 8:38;16;0;0.00;22.247000;88.909079;139.979043;0.00;-7.16;-1.12;-9;4;-135;0;1;0;76;77;-14497;2190;22247;3041.00;93;NAVI;1;0;0;0;0;0;0;1,63279E+12;3649;3703;3664;3662;3728;3674;6;;;;;;;0;0;0;90;42;-1353;0;0;0;14;1763;32.39;624.32;0;-32;-5;0;;;100;100;14;0;0;0;0;2;1;;;;
88.909638;139.979103;579;579;шўы.25;204;579;579;рту.71;512;135680;28.09.2021 0:38;28.09.2021 8:38;16;0;0.00;22.247000;88.909079;139.979043;0.00;-7.16;-1.12;-8;4;-135;0;1;0;76;77;-14497;2190;22247;3041.00;93;NAVI;1;0;0;0;0;0;0;1,63279E+12;3649;3703;3664;3662;3728;3674;6;;;;;;;0;0;0;85;45;-1353;0;0;0;14;1765;32.39;623.79;0;-32;-5;0;;;100;100;14;0;0;0;0;2;1;;;;
88.909638;139.979099;579;579;шўы.25;204;579;579;рту.71;512;135800;28.09.2021 0:38;28.09.2021 8:38;17;0;0.00;22.247000;88.909079;139.979043;0.00;-7.16;-1.12;-8;4;-135;0;1;0;76;77;-14497;2190;22247;3041.00;93;NAVI;1;0;0;0;0;0;0;1,63279E+12;3649;3703;3664;3662;3728;3674;6;;;;;;;0;0;0;85;45;-1354;0;0;0;14;1766;32.39;623.55;0;-32;-5;0;;;100;100;14;0;0;0;0;2;1;;;;
88.909638;139.979094;579;579;шўы.25;204;579;579;рту.71;512;135837;28.09.2021 0:38;28.09.2021 8:38;17;0;0.00;22.247000;88.909079;139.979043;0.00;-7.16;-1.12;-8;4;-135;0;1;0;76;77;-14497;2190;22247;3041.00;93;NAVI;1;0;0;0;0;0;0;1,63279E+12;3649;3703;3664;3662;3728;3674;6;;;;;;;0;0;0;84;45;-1354;0;0;0;14;1766;32.39;623.32;0;-32;-5;0;;;100;100;14;0;0;0;0;2;1;;;;
88.909638;139.979094;579;579;шўы.25;204;579;579;рту.71;512;135839;28.09.2021 0:38;28.09.2021 8:38;17;0;0.00;22.247000;88.909079;139.979043;0.00;-7.16;-1.12;-8;4;-135;0;1;0;76;77;-14497;2190;22247;3041.00;93;NAVI;1;0;0;0;0;0;0;1,63279E+12;3649;3703;3664;3662;3728;3674;6;;;;;;;0;0;0;84;45;-1354;0;0;0;14;1766;32.39;623.32;0;-32;-5;0;;;100;100;14;0;0;0;0;2;1;;;;
88.909638;139.979090;579;579;шўы.25;204;579;579;рту.71;512;135907;2021-09-28 00:38:09.006;2021-09-28 08:38:09.006;17;0;0.00;22.247000;88.909079;139.979043;0.00;-7.16;-1.12;-8;4;-135;0;1;0;76;77;-14497;2190;22247;3041.00;93;NAVI;1;0;0;0;0;0;0;1,63279E+12;3649;3703;3664;3662;3728;3674;6;;;;;;;0;0;0;84;44;-1353;0;0;0;14;1766;32.39;623.10;0;-32;-5;0;;;100;100;14;0;0;0;0;2;1;;;;
88.909638;139.979085;579;579;шўы.28;204;579;579;рту.71;512;136088;28.09.2021 0:38;28.09.2021 8:38;17;0;0.00;22.247000;88.909079;139.979043;0.00;-7.16;-1.12;-8;4;-135;0;1;0;76;77;-14497;2190;22247;3041.00;93;NAVI;1;0;0;0;0;0;0;1,63279E+12;3649;3703;3664;3662;3728;3674;6;;;;;;;0;0;0;84;42;-1353;0;0;0;14;1766;32.56;622.92;0;-32;-5;0;;;100;100;14;0;0;0;0;2;1;;;;
88.909638;139.979076;580;580;шўы.25;204;580;580;рту.71;512;136131;28.09.2021 0:38;28.09.2021 8:38;17;0;0.00;22.247000;88.909079;139.979043;0.00;-7.16;-1.12;-8;4;-135;0;1;0;76;77;-14497;2190;22247;3041.00;93;NAVI;1;0;0;0;0;0;0;1,63279E+12;3649;3703;3664;3662;3728;3674;6;;;;;;;0;0;0;86;44;-1353;0;0;0;14;1768;32.39;622.67;0;-32;-5;0;;;100;100;14;0;0;0;0;2;1;;;;
88.909638;139.979076;580;580;шўы.25;204;580;580;рту.71;512;136133;28.09.2021 0:38;28.09.2021 8:38;17;0;0.00;22.247000;88.909079;139.979043;0.00;-7.16;-1.12;-8;4;-135;0;1;0;76;77;-14497;2190;22247;3041.00;93;NAVI;1;0;0;0;0;0;0;1,63279E+12;3649;3703;3664;3662;3728;3674;6;;;;;;;0;0;0;86;44;-1353;0;0;0;14;1768;32.39;622.67;0;-32;-5;0;;;100;100;14;0;0;0;0;2;1;;;;
88.909638;139.979071;580;580;шўы.25;204;580;580;рту.71;512;136228;28.09.2021 0:38;28.09.2021 8:38;17;0;0.00;22.243000;88.909079;139.979043;0.00;-7.16;-1.12;-8;4;-135;0;1;0;75;77;-14490;2190;22243;3041.00;93;NAVI;1;0;0;0;0;0;0;1,63279E+12;3649;3703;3664;3662;3728;3674;6;;;;;;;0;0;0;88;42;-1353;0;0;0;14;1768;32.39;622.56;0;-32;-5;0;;;100;100;14;0;0;0;0;2;1;;;;
88.909638;139.979067;580;580;шўы.25;204;580;580;рту.71;512;136384;28.09.2021 0:38;28.09.2021 8:38;17;0;0.00;22.243000;88.909079;139.979043;0.00;-7.16;-1.12;-9;4;-135;0;1;0;75;77;-14490;2190;22243;3041.00;93;NAVI;1;0;0;0;0;0;0;1,63279E+12;3649;3703;3664;3662;3728;3674;6;;;;;;;0;0;0;90;42;-1353;0;0;0;14;1770;32.39;622.46;0;-32;-5;0;;;100;100;14;0;0;0;0;2;1;;;;
88.909638;139.979062;580;580;шўы.25;204;580;580;рту.71;512;136678;28.09.2021 0:38;28.09.2021 8:38;16;0;0.00;22.243000;88.909079;139.979043;0.00;-7.16;-1.34;-9;4;-135;0;1;0;75;77;-14490;2190;22243;3041.00;93;NAVI;1;0;0;0;0;0;0;1,63279E+12;3649;3703;3664;3662;3728;3674;6;;;;;;;0;0;0;90;40;-1353;0;0;0;14;1770;32.39;622.40;0;-32;-6;0;;;100;100;14;0;0;0;0;2;1;;;;
88.909638;139.979053;581;581;шўы.28;204;581;581;рту.71;512;136710;28.09.2021 0:38;28.09.2021 8:38;16;0;0.00;22.243000;88.909079;139.979043;0.00;-7.16;-1.34;-9;3;-135;0;1;0;75;77;-14490;2190;22243;3041.00;93;NAVI;1;0;0;0;0;0;0;1,63279E+12;3649;3703;3664;3662;3728;3674;6;;;;;;;0;0;0;90;39;-1354;0;0;0;14;1771;32.56;622.32;0;-32;-6;0;;;100;100;14;0;0;0;0;2;1;;;;
88.909638;139.979049;581;581;шўы.28;204;581;581;рту.71;512;136820;28.09.2021 0:38;28.09.2021 8:38;16;0;0.00;22.243000;88.909079;139.979043;0.00;-7.16;-1.34;-9;4;-135;0;1;0;75;77;-14490;2190;22243;3041.00;93;NAVI;1;0;0;0;0;0;0;1,63279E+12;3649;3703;3664;3662;3728;3674;6;;;;;;;0;0;0;90;40;-1354;0;0;0;14;1771;32.56;622.28;0;-32;-6;0;;;100;100;14;0;0;0;0;2;1;;;;
88.909638;139.979044;581;581;шўы.28;204;581;581;рту.71;512;136854;28.09.2021 0:38;28.09.2021 8:38;16;0;0.00;22.243000;88.909079;139.979043;0.00;-7.16;-1.34;-9;4;-135;0;1;0;75;77;-14490;2190;22243;3041.00;93;NAVI;1;0;0;0;0;0;0;1,63279E+12;3649;3703;3664;3662;3728;3674;6;;;;;;;0;0;0;90;40;-1354;0;0;0;14;1773;32.56;622.27;0;-32;-6;0;;;100;100;14;0;0;0;0;2;1;;;;
88.909638;139.979044;581;581;шўы.28;204;581;581;рту.71;512;136856;28.09.2021 0:38;28.09.2021 8:38;16;0;0.00;22.243000;88.909079;139.979043;0.00;-7.16;-1.34;-9;4;-135;0;1;0;75;77;-14490;2190;22243;3041.00;93;NAVI;1;0;0;0;0;0;0;1,63279E+12;3649;3703;3664;3662;3728;3674;6;;;;;;;0;0;0;90;40;-1354;0;0;0;14;1773;32.56;622.27;0;-32;-6;0;;;100;100;14;0;0;0;0;2;1;;;;
88.909638;139.979040;581;581;шўы.28;204;581;581;рту.71;512;136947;2021-09-28 00:38:10.045;2021-09-28 08:38:10.046;16;0;0.00;22.243000;88.909079;139.979043;0.00;-7.16;-1.34;-9;4;-135;0;1;0;75;77;-14490;2190;22243;3041.00;93;NAVI;1;0;0;0;0;0;0;1,63279E+12;3649;3703;3664;3662;3728;3674;6;;;;;;;0;0;0;90;40;-1353;0;0;0;14;1773;32.56;622.27;0;-32;-6;0;;;100;100;14;0;0;0;0;2;1;;;;
88.909638;139.979035;582;582;шўы.25;204;582;582;рту.71;512;137110;28.09.2021 0:38;28.09.2021 8:38;16;0;0.00;22.243000;88.909079;139.979043;0.00;-7.16;-1.12;-8;4;-135;0;1;0;75;77;-14490;2190;22243;3041.00;93;NAVI;1;0;0;0;0;0;0;1,63279E+12;3649;3703;3664;3662;3728;3674;6;;;;;;;0;0;0;88;40;-1353;0;0;0;14;1773;32.39;622.27;0;-32;-5;0;;;100;100;14;0;0;0;0;2;1;;;;
88.909638;139.979030;582;582;шўы.25;204;582;582;рту.71;512;137147;28.09.2021 0:38;28.09.2021 8:38;17;0;0.00;22.212999;88.909079;139.979043;0.00;-7.16;-1.12;-8;3;-135;0;1;0;75;77;-14490;2190;22213;3041.00;93;NAVI;1;0;0;0;0;0;0;1,63279E+12;3649;3703;3664;3662;3728;3674;6;;;;;;;0;0;0;86;39;-1353;0;0;0;14;1773;32.39;622.28;0;-32;-5;0;;;100;100;14;0;0;0;0;2;1;;;;
88.909638;139.979026;582;582;шўы.25;204;582;582;рту.71;512;137247;28.09.2021 0:38;28.09.2021 8:38;17;0;0.00;22.212999;88.909079;139.979043;0.00;-7.16;-1.12;-8;4;-135;0;1;0;75;77;-14490;2190;22213;3041.00;93;NAVI;1;0;0;0;0;0;0;1,63279E+12;3649;3703;3664;3662;3728;3674;6;;;;;;;0;0;0;85;40;-1353;0;0;0;14;1775;32.39;622.27;0;-32;-5;0;;;100;100;14;0;0;0;0;2;1;;;;
88.909638;139.979021;582;582;шўы.28;204;582;582;рту.71;512;137388;28.09.2021 0:38;28.09.2021 8:38;17;0;0.00;22.212999;88.909079;139.979043;0.00;-7.16;-1.34;-8;4;-135;0;1;0;75;77;-14490;2190;22213;3041.00;93;NAVI;1;0;0;0;0;0;0;1,63279E+12;3649;3703;3664;3662;3728;3674;6;;;;;;;0;0;0;84;42;-1353;0;0;0;14;1776;32.56;622.27;0;-32;-6;0;;;100;100;14;0;0;0;0;2;1;;;;
88.909638;139.979017;582;582;шўы.28;204;582;582;рту.71;512;137720;28.09.2021 0:38;28.09.2021 8:38;17;0;0.00;22.212999;88.909079;139.979043;0.00;-7.16;-1.12;-8;4;-135;0;1;0;75;77;-14490;2190;22213;3041.00;93;NAVI;1;0;0;0;0;0;0;1,63279E+12;3678;3732;3691;3689;3756;3698;6;;;;;;;0;0;0;85;45;-1353;0;0;0;14;1776;32.56;622.29;0;-32;-5;0;;;100;100;14;0;0;0;0;2;1;;;;
88.909638;139.979008;583;583;шўы.25;204;583;583;рту.71;512;137758;28.09.2021 0:38;28.09.2021 8:38;16;0;0.00;22.212999;88.909079;139.979043;0.00;-7.16;-0.89;-8;4;-135;0;1;0;75;77;-14490;2190;22213;3041.00;93;NAVI;1;0;0;0;0;0;0;1,63279E+12;3678;3732;3691;3689;3756;3698;6;;;;;;;0;0;0;85;47;-1353;0;0;0;14;1778;32.39;622.43;0;-32;-4;0;;;100;100;14;0;0;0;0;2;1;;;;
88.909638;139.979003;583;583;шўы.21;204;583;583;рту.71;512;137833;28.09.2021 0:38;28.09.2021 8:38;16;0;0.00;22.212999;88.909079;139.979043;0.00;-7.16;-0.89;-8;4;-135;0;1;0;75;77;-14490;2190;22213;3041.00;93;NAVI;1;0;0;0;0;0;0;1,63279E+12;3678;3732;3691;3689;3756;3698;6;;;;;;;0;0;0;86;47;-1354;0;0;0;14;1778;32.25;622.53;0;-32;-4;0;;;100;100;14;0;0;0;0;2;1;;;;
88.909638;139.978999;583;583;шўы.21;204;583;583;рту.71;512;137878;28.09.2021 0:38;28.09.2021 8:38;16;0;0.00;22.212999;88.909079;139.979043;0.00;-7.16;-0.89;-8;4;-135;0;1;0;75;77;-14490;2190;22213;3041.00;93;NAVI;1;0;0;0;0;0;0;1,63279E+12;3678;3732;3691;3689;3756;3698;6;;;;;;;0;0;0;88;44;-1354;0;0;0;14;1778;32.25;622.64;0;-32;-4;0;;;100;100;14;0;0;0;0;2;1;;;;
88.909638;139.978999;583;583;шўы.21;204;583;583;рту.71;512;137880;28.09.2021 0:38;28.09.2021 8:38;16;0;0.00;22.212999;88.909079;139.979043;0.00;-7.16;-0.89;-8;4;-135;0;1;0;75;77;-14490;2190;22213;3041.00;93;NAVI;1;0;0;0;0;0;0;1,63279E+12;3678;3732;3691;3689;3756;3698;6;;;;;;;0;0;0;88;44;-1354;0;0;0;14;1778;32.25;622.64;0;-32;-4;0;;;100;100;14;0;0;0;0;2;1;;;;
88.909638;139.978994;583;583;шўы.21;204;583;583;рту.71;512;137992;2021-09-28 00:38:11.090;2021-09-28 08:38:11.090;16;0;0.00;22.212999;88.909079;139.979043;0.00;-7.16;-0.89;-8;4;-135;0;1;0;75;77;-14490;2190;22213;3041.00;93;NAVI;1;0;0;0;0;0;0;1,63279E+12;3678;3732;3691;3689;3756;3698;6;;;;;;;0;0;0;88;40;-1354;0;0;0;14;1778;32.25;622.80;0;-32;-4;0;;;100;100;14;0;0;0;0;2;1;;;;
88.909638;139.978990;583;583;шўы.21;204;583;583;рту.71;512;138067;28.09.2021 0:38;28.09.2021 8:38;16;0;0.00;22.212999;88.909079;139.979043;0.00;-7.16;-0.89;-8;3;-135;0;1;0;75;77;-14490;2190;22213;3041.00;93;NAVI;1;0;0;0;0;0;0;1,63279E+12;3678;3732;3691;3689;3756;3698;6;;;;;;;0;0;0;88;39;-1355;0;0;0;14;1778;32.25;622.99;0;-32;-4;0;;;100;100;14;0;0;0;0;2;1;;;;
88.909638;139.978985;583;583;шўы.21;204;583;583;рту.71;512;138168;28.09.2021 0:38;28.09.2021 8:38;17;0;0.00;22.212999;88.909079;139.979043;0.00;-7.16;-0.89;-8;4;-135;0;1;0;75;77;-14959;2190;22213;3041.00;93;NAVI;1;0;0;0;0;0;0;1,63279E+12;3678;3732;3691;3689;3756;3698;6;;;;;;;0;0;0;88;40;-1355;0;0;0;14;1780;32.25;623.18;0;-32;-4;0;;;100;100;14;0;0;0;0;2;1;;;;
88.909638;139.978980;583;583;шўы.21;204;583;583;рту.71;512;138268;28.09.2021 0:38;28.09.2021 8:38;17;0;0.00;22.212999;88.909079;139.979043;0.00;-7.16;-0.89;-8;4;-135;0;1;0;75;77;-14959;2190;22213;3041.00;93;NAVI;1;0;0;0;0;0;0;1,63279E+12;3678;3732;3691;3689;3756;3698;6;;;;;;;0;0;0;88;42;-1355;0;0;0;14;1780;32.25;623.35;0;-32;-4;0;;;100;100;14;0;0;0;0;2;1;;;;
88.909638;139.978976;584;584;шўы.21;204;584;584;рту.71;512;138359;28.09.2021 0:38;28.09.2021 8:38;17;0;0.00;22.212999;88.909079;139.979043;0.00;-7.16;-0.89;-8;4;-135;0;1;0;75;77;-14959;2190;22213;3041.00;93;NAVI;1;0;0;0;0;0;0;1,63279E+12;3678;3732;3691;3689;3756;3698;6;;;;;;;0;0;0;88;42;-1355;0;0;0;14;1781;32.25;623.53;0;-32;-4;0;;;100;100;14;0;0;0;0;2;1;;;;
88.909638;139.978971;584;584;шўы.21;204;584;584;рту.71;512;138729;28.09.2021 0:38;28.09.2021 8:38;17;0;0.00;22.212999;88.909079;139.979043;0.00;-7.16;-0.67;-8;4;-135;0;1;0;75;77;-14959;2190;22213;3041.00;93;NAVI;1;0;0;0;0;0;0;1,63279E+12;3678;3732;3691;3689;3756;3698;6;;;;;;;0;0;0;89;42;-1354;0;0;0;14;1781;32.25;623.76;0;-32;-3;0;;;100;100;14;0;0;0;0;2;1;;;;
88.909638;139.978962;584;584;шўы.19;204;584;584;рту.71;512;138829;28.09.2021 0:38;28.09.2021 8:38;17;0;0.00;22.212999;88.909079;139.979043;0.00;-7.16;-0.67;-8;4;-135;0;1;0;75;77;-14959;2190;22213;3041.00;93;NAVI;1;0;0;0;0;0;0;1,63279E+12;3678;3732;3691;3689;3756;3698;6;;;;;;;0;0;0;86;45;-1354;0;0;0;14;1781;32.14;624.24;0;-32;-3;0;;;100;100;14;0;0;0;0;2;1;;;;
88.909638;139.978958;584;584;шўы.19;204;584;584;рту.71;512;138860;28.09.2021 0:38;28.09.2021 8:38;17;0;0.00;22.212999;88.909079;139.979043;0.00;-7.16;-0.67;-8;4;-135;0;1;0;75;77;-14959;2190;22213;3041.00;93;NAVI;1;0;0;0;0;0;0;1,63279E+12;3678;3732;3691;3689;3756;3698;6;;;;;;;0;0;0;84;49;-1354;0;0;0;14;1783;32.14;624.46;0;-32;-3;0;;;100;100;14;0;0;0;0;2;1;;;;
88.909637;139.978953;584;584;шўы.19;204;584;584;рту.71;512;138897;28.09.2021 0:38;28.09.2021 8:38;17;0;0.00;22.212999;88.909079;139.979043;0.00;-7.16;-0.67;-8;5;-135;0;1;0;75;77;-14959;2190;22213;3041.00;93;NAVI;1;0;0;0;0;0;0;1,63279E+12;3678;3732;3691;3689;3756;3698;6;;;;;;;0;0;0;80;52;-1354;0;0;0;14;1783;32.14;624.68;0;-32;-3;0;;;100;100;14;0;0;0;0;2;1;;;;
88.909637;139.978953;584;584;шўы.19;204;584;584;рту.71;512;138900;28.09.2021 0:38;28.09.2021 8:38;17;0;0.00;22.212999;88.909079;139.979043;0.00;-7.16;-0.67;-8;5;-135;0;1;0;75;77;-14959;2190;22213;3041.00;93;NAVI;1;0;0;0;0;0;0;1,63279E+12;3678;3732;3691;3689;3756;3698;6;;;;;;;0;0;0;80;52;-1354;0;0;0;14;1783;32.14;624.68;0;-32;-3;0;;;100;100;14;0;0;0;0;2;1;;;;
88.909637;139.978949;584;584;шўы.19;205;584;584;рту.71;512;138988;2021-09-28 00:38:12.086;2021-09-28 08:38:12.086;17;0;0.00;22.212999;88.909079;139.979043;0.00;-7.16;-0.67;-7;5;-135;0;1;0;75;77;-14959;2190;22213;3041.00;93;NAVI;1;0;0;0;0;0;0;1,63279E+12;3678;3732;3691;3689;3756;3698;6;;;;;;;0;0;0;78;54;-1354;0;0;0;14;1783;32.14;624.91;0;-32;-3;0;;;100;100;14;0;0;0;0;2;1;;;;
88.909637;139.978944;585;585;шўы.19;205;585;585;рту.71;512;139170;28.09.2021 0:38;28.09.2021 8:38;16;0;0.00;22.197001;88.909079;139.979043;0.00;-7.38;-0.89;-7;5;-135;0;1;0;75;77;-14752;2190;22197;3041.00;93;NAVI;1;0;0;0;0;0;0;1,63279E+12;3678;3732;3691;3689;3756;3698;6;;;;;;;0;0;0;79;52;-1353;0;0;0;14;1783;32.14;625.18;0;-32;-4;0;;;100;100;14;0;0;0;0;2;1;;;;
88.909637;139.978939;585;585;шўы.44;205;585;585;рту.71;512;139217;28.09.2021 0:38;28.09.2021 8:38;16;0;0.00;22.197001;88.909079;139.979043;0.00;-7.38;-0.89;-8;4;-135;0;1;0;75;77;-14752;2190;22197;3041.00;93;NAVI;1;0;0;0;0;0;0;1,63279E+12;3678;3732;3691;3689;3756;3698;6;;;;;;;0;0;0;80;49;-1353;0;0;0;14;1783;33.24;625.52;0;-32;-4;0;;;100;100;14;0;0;0;0;2;1;;;;
88.909637;139.978935;585;585;шўы.41;205;585;585;рту.71;512;139287;28.09.2021 0:38;28.09.2021 8:38;16;0;0.00;22.197001;88.909079;139.979043;0.00;-7.38;-0.67;-8;4;-135;0;1;0;75;77;-14752;2190;22197;3041.00;93;NAVI;1;0;0;0;0;0;0;1,63279E+12;3678;3732;3691;3689;3756;3698;6;;;;;;;0;0;0;83;47;-1353;0;0;0;14;1785;33.14;625.95;0;-32;-3;0;;;100;100;14;0;0;0;0;2;1;;;;
88.909637;139.978930;585;585;шўы.41;205;585;585;рту.71;512;139397;28.09.2021 0:38;28.09.2021 8:38;16;0;0.00;22.197001;88.909079;139.979043;0.00;-7.38;-0.67;-8;4;-135;0;1;0;75;77;-14752;2190;22197;3041.00;93;NAVI;1;0;0;0;0;0;0;1,63279E+12;3678;3732;3691;3689;3756;3698;6;;;;;;;0;0;0;85;44;-1351;0;0;0;14;1785;33.14;626.40;0;-32;-3;0;;;100;100;14;0;0;0;0;2;1;;;;
88.909637;139.978926;585;585;шўы.41;205;585;585;рту.71;512;139765;28.09.2021 0:38;28.09.2021 8:38;16;0;0.00;22.197001;88.909079;139.979043;0.00;-7.38;-0.67;-8;4;-135;0;1;0;75;77;-14752;2190;22197;3041.00;93;NAVI;1;0;0;0;0;0;0;1,63279E+12;3678;3732;3691;3689;3756;3698;6;;;;;;;0;0;0;85;40;-1351;0;0;0;14;1785;33.14;626.87;0;-32;-3;0;;;100;100;14;0;0;0;0;2;1;;;;
88.909638;139.978912;585;585;шўы.41;206;585;585;рту.71;512;139878;28.09.2021 0:38;28.09.2021 8:38;17;0;0.00;22.197001;88.909079;139.979043;0.00;-7.38;-0.67;-9;3;-135;0;1;0;75;77;-14752;2190;22197;3041.00;93;NAVI;1;0;0;0;0;0;0;1,63279E+12;3678;3732;3691;3689;3756;3698;6;;;;;;;0;0;0;90;39;-1351;0;0;0;14;1786;33.14;628.43;0;-32;-3;0;;;100;100;14;0;0;0;0;2;1;;;;
88.909638;139.978907;586;586;шўы.41;206;586;586;рту.71;512;139910;2021-09-28 00:38:13.008;2021-09-28 08:38:13.008;17;0;0.00;22.197001;88.909079;139.979043;0.00;-7.38;-0.67;-9;3;-135;0;1;0;75;77;-14752;2190;22197;3041.00;93;NAVI;1;0;0;0;0;0;0;1,63279E+12;3678;3732;3691;3689;3756;3698;6;;;;;;;0;0;0;94;39;-1350;0;0;0;14;1786;33.14;628.92;0;-32;-3;0;;;100;100;14;0;0;0;0;2;1;;;;
88.909638;139.978907;586;586;шўы.41;206;586;586;рту.71;512;139912;2021-09-28 00:38:13.010;2021-09-28 08:38:13.011;17;0;0.00;22.197001;88.909079;139.979043;0.00;-7.38;-0.67;-9;3;-135;0;1;0;75;77;-14752;2190;22197;3041.00;93;NAVI;1;0;0;0;0;0;0;1,63279E+12;3678;3732;3691;3689;3756;3698;6;;;;;;;0;0;0;94;39;-1350;0;0;0;14;1786;33.14;628.92;0;-32;-3;0;;;100;100;14;0;0;0;0;2;1;;;;
88.909638;139.978907;586;586;шўы.41;206;586;586;рту.71;512;139914;2021-09-28 00:38:13.013;2021-09-28 08:38:13.013;17;0;0.00;22.197001;88.909079;139.979043;0.00;-7.38;-0.67;-9;3;-135;0;1;0;75;77;-14752;2190;22197;3041.00;93;NAVI;1;0;0;0;0;0;0;1,63279E+12;3678;3732;3691;3689;3756;3698;6;;;;;;;0;0;0;94;39;-1350;0;0;0;14;1786;33.14;628.92;0;-32;-3;0;;;100;100;14;0;0;0;0;2;1;;;;
88.909638;139.978903;586;586;шўы.41;206;586;586;рту.71;512;140010;28.09.2021 0:38;28.09.2021 8:38;17;0;0.00;22.197001;88.909079;139.979043;0.00;-7.38;-0.67;-9;3;-135;0;1;0;75;77;-14752;2190;22197;3041.00;93;NAVI;1;0;0;0;0;0;0;1,63279E+12;3678;3732;3691;3689;3756;3698;6;;;;;;;0;0;0;94;39;-1351;0;0;0;14;1786;33.14;629.43;0;-32;-3;0;;;100;100;14;0;0;0;0;2;1;;;;
88.909638;139.978898;586;586;шўы.41;206;586;586;рту.71;512;140118;28.09.2021 0:38;28.09.2021 8:38;17;0;0.00;22.197001;88.909079;139.979043;0.00;-7.38;-0.67;-9;4;-135;0;1;0;75;77;-14752;2190;22197;3041.00;93;NAVI;1;0;0;0;0;0;0;1,63279E+12;3678;3732;3691;3689;3756;3698;6;;;;;;;0;0;0;94;40;-1351;0;0;0;14;1786;33.14;629.96;0;-32;-3;0;;;100;100;14;0;0;0;0;2;1;;;;
88.909638;139.978894;586;586;шўы.41;206;586;586;рту.71;512;140287;28.09.2021 0:38;28.09.2021 8:38;17;0;0.00;22.304001;88.909079;139.979043;0.00;-7.38;-0.67;-9;4;-135;0;1;0;75;77;-13922;2190;22304;3043.00;93;NAVI;1;0;0;0;0;0;0;1,63279E+12;3678;3732;3691;3689;3756;3698;6;;;;;;;0;0;0;93;40;-1351;0;0;0;14;1788;33.14;630.51;0;-32;-3;0;;;100;100;14;0;0;0;0;2;1;;;;
88.909638;139.978884;586;586;шўы.41;207;586;586;рту.71;512;140327;28.09.2021 0:38;28.09.2021 8:38;17;0;0.00;22.304001;88.909079;139.979043;0.00;-7.38;-0.67;-9;3;-135;0;1;0;75;77;-13922;2190;22304;3043.00;93;NAVI;1;0;0;0;0;0;0;1,63279E+12;3678;3732;3691;3689;3756;3698;6;;;;;;;0;0;0;91;37;-1353;0;0;0;14;1788;33.14;631.68;0;-32;-3;0;;;100;100;14;0;0;0;0;2;1;;;;
88.909638;139.978884;586;586;шўы.41;207;586;586;рту.71;512;140330;28.09.2021 0:38;28.09.2021 8:38;17;0;0.00;22.304001;88.909079;139.979043;0.00;-7.38;-0.67;-9;3;-135;0;1;0;75;77;-13922;2190;22304;3043.00;93;NAVI;1;0;0;0;0;0;0;1,63279E+12;3678;3732;3691;3689;3756;3698;6;;;;;;;0;0;0;91;37;-1353;0;0;0;14;1788;33.14;631.68;0;-32;-3;0;;;100;100;14;0;0;0;0;2;1;;;;
88.909638;139.978880;586;586;шўы.41;207;586;586;рту.71;512;140407;28.09.2021 0:38;28.09.2021 8:38;17;0;0.00;22.304001;88.909079;139.979043;0.00;-7.38;-0.67;-9;3;-135;0;1;0;75;77;-13922;2190;22304;3043.00;93;NAVI;1;0;0;0;0;0;0;1,63279E+12;3678;3732;3691;3689;3756;3698;6;;;;;;;0;0;0;91;37;-1354;0;0;0;14;1788;33.14;632.29;0;-32;-3;0;;;100;100;14;0;0;0;0;2;1;;;;
88.909638;139.978875;586;586;шўы.41;207;586;586;рту.71;512;140778;28.09.2021 0:38;28.09.2021 8:38;16;0;0.00;22.304001;88.909079;139.979043;0.00;-7.38;-0.89;-9;3;-135;0;1;0;75;77;-13922;2190;22304;3043.00;93;NAVI;1;0;0;0;0;0;0;1,63279E+12;3678;3732;3691;3689;3756;3698;6;;;;;;;0;0;0;90;35;-1354;0;0;0;14;1788;33.14;632.90;0;-32;-4;0;;;100;100;14;0;0;0;0;2;1;;;;
88.909638;139.978866;587;587;шўы.44;208;587;587;рту.71;512;140807;28.09.2021 0:38;28.09.2021 8:38;16;0;0.00;22.304001;88.909079;139.979043;0.00;-7.38;-0.89;-9;3;-135;0;1;0;75;77;-13922;2190;22304;3043.00;93;NAVI;1;0;0;0;0;0;0;1,63279E+12;3678;3732;3691;3689;3756;3698;6;;;;;;;0;0;0;90;36;-1354;0;0;0;14;1790;33.24;634.11;0;-32;-4;0;;;100;100;14;0;0;0;0;2;1;;;;
88.909638;139.978861;587;587;шўы.44;208;587;587;рту.71;512;140917;2021-09-28 00:38:14.015;2021-09-28 08:38:14.016;16;0;0.00;22.304001;88.909079;139.979043;0.00;-7.38;-0.67;-8;3;-135;0;1;0;75;77;-13922;2190;22304;3043.00;93;NAVI;1;0;0;0;0;0;0;1,63279E+12;3678;3732;3691;3689;3756;3698;6;;;;;;;0;0;0;88;39;-1354;0;0;0;14;1791;33.24;634.71;0;-32;-3;0;;;100;100;14;0;0;0;0;2;1;;;;
88.909638;139.978857;587;587;шўы.41;208;587;587;рту.71;512;140960;2021-09-28 00:38:14.058;2021-09-28 08:38:14.059;16;0;0.00;22.304001;88.909079;139.979043;0.00;-7.38;-0.67;-8;4;-135;0;1;0;75;77;-13922;2190;22304;3043.00;93;NAVI;1;0;0;0;0;0;0;1,63279E+12;3678;3732;3691;3689;3756;3698;6;;;;;;;0;0;0;85;42;-1354;0;0;0;14;1791;33.14;635.31;0;-32;-3;0;;;100;100;14;0;0;0;0;2;1;;;;
88.909638;139.978857;587;587;шўы.41;208;587;587;рту.71;512;140964;2021-09-28 00:38:14.062;2021-09-28 08:38:14.063;16;0;0.00;22.304001;88.909079;139.979043;0.00;-7.38;-0.67;-8;4;-135;0;1;0;75;77;-13922;2190;22304;3043.00;93;NAVI;1;0;0;0;0;0;0;1,63279E+12;3678;3732;3691;3689;3756;3698;6;;;;;;;0;0;0;85;42;-1354;0;0;0;14;1791;33.14;635.31;0;-32;-3;0;;;100;100;14;0;0;0;0;2;1;;;;
88.909638;139.978852;587;587;шўы.44;208;587;587;рту.71;512;141027;28.09.2021 0:38;28.09.2021 8:38;16;0;0.00;22.304001;88.909079;139.979043;0.00;-7.38;-0.89;-8;4;-135;0;1;0;75;77;-13922;2190;22304;3043.00;93;NAVI;1;0;0;0;0;0;0;1,63279E+12;3678;3732;3691;3689;3756;3698;6;;;;;;;0;0;0;85;42;-1354;0;0;0;14;1791;33.24;635.92;0;-32;-4;0;;;100;100;14;0;0;0;0;2;1;;;;
88.909638;139.978847;587;587;шўы.41;208;587;587;рту.71;512;141138;28.09.2021 0:38;28.09.2021 8:38;16;0;0.00;22.268000;88.909079;139.979043;0.00;-7.38;-0.67;-8;4;-135;0;1;0;75;77;-14340;2190;22268;3043.00;93;NAVI;1;0;0;0;0;0;0;1,63279E+12;3678;3732;3691;3689;3756;3698;6;;;;;;;0;0;0;84;42;-1354;0;0;0;14;1791;33.14;636.54;0;-32;-3;0;;;100;100;14;0;0;0;0;2;1;;;;
88.909638;139.978843;587;587;шўы.41;209;587;587;рту.71;512;141288;28.09.2021 0:38;28.09.2021 8:38;16;0;0.00;22.268000;88.909079;139.979043;0.00;-7.38;-0.67;-8;4;-135;0;1;0;75;77;-14340;2190;22268;3043.00;93;NAVI;1;0;0;0;0;0;0;1,63279E+12;3678;3732;3691;3689;3756;3698;6;;;;;;;0;0;0;81;44;-1354;0;0;0;14;1791;33.14;637.17;0;-32;-3;0;;;100;100;14;0;0;0;0;2;1;;;;
88.909638;139.978838;588;588;шўы.40;209;588;588;рту.71;512;141338;28.09.2021 0:38;28.09.2021 8:38;16;0;0.00;22.268000;88.909079;139.979043;0.00;-7.38;-0.45;-8;4;-135;0;1;0;75;77;-14340;2190;22268;3043.00;93;NAVI;1;0;0;0;0;0;0;1,63279E+12;3678;3732;3691;3689;3756;3698;6;;;;;;;0;0;0;81;45;-1354;0;0;0;14;1793;33.06;637.82;0;-32;-2;0;;;100;100;14;0;0;0;0;2;1;;;;
88.909638;139.978834;588;588;шўы.40;209;588;588;рту.71;512;141531;28.09.2021 0:38;28.09.2021 8:38;16;0;0.00;22.268000;88.909079;139.979043;0.00;-7.38;-0.45;-8;4;-135;0;1;0;75;77;-14340;2190;22268;3043.00;93;NAVI;1;0;0;0;0;0;0;1,63279E+12;3678;3732;3691;3689;3756;3698;6;;;;;;;0;0;0;81;45;-1353;0;0;0;14;1793;33.06;638.50;0;-32;-2;0;;;100;100;14;0;0;0;0;2;1;;;;
88.909638;139.978829;588;588;шўы.40;209;588;588;рту.71;512;141720;28.09.2021 0:38;28.09.2021 8:38;16;0;0.00;22.268000;88.909079;139.979043;0.00;-7.38;-0.22;-8;4;-135;0;1;0;75;77;-14340;2190;22268;3043.00;93;NAVI;1;0;0;0;0;0;0;1,63279E+12;3678;3732;3691;3689;3756;3698;6;;;;;;;0;0;0;83;42;-1353;0;0;0;14;1793;33.06;639.22;0;-32;-1;0;;;100;100;14;0;0;0;0;2;1;;;;
88.909638;139.978820;588;588;шўы.39;210;588;588;рту.71;512;141797;28.09.2021 0:38;28.09.2021 8:38;16;0;0.00;22.268000;88.909079;139.979043;0.00;-7.38;-0.22;-8;4;-135;0;1;0;75;77;-14340;2190;22268;3043.00;93;NAVI;1;0;0;0;0;0;0;1,63279E+12;3678;3732;3691;3689;3756;3698;6;;;;;;;0;0;0;88;40;-1353;0;0;0;14;1793;33.02;640.76;0;-32;-1;0;;;100;100;14;0;0;0;0;2;1;;;;
88.909638;139.978820;588;588;шўы.39;210;588;588;рту.71;512;141799;28.09.2021 0:38;28.09.2021 8:38;16;0;0.00;22.268000;88.909079;139.979043;0.00;-7.38;-0.22;-8;4;-135;0;1;0;75;77;-14340;2190;22268;3043.00;93;NAVI;1;0;0;0;0;0;0;1,63279E+12;3678;3732;3691;3689;3756;3698;6;;;;;;;0;0;0;88;40;-1353;0;0;0;14;1793;33.02;640.76;0;-32;-1;0;;;100;100;14;0;0;0;0;2;1;;;;
88.909638;139.978815;588;588;шўы.40;210;588;588;рту.71;512;141848;28.09.2021 0:38;28.09.2021 8:38;16;0;0.00;22.268000;88.909079;139.979043;0.00;-7.38;-0.45;-8;3;-135;0;1;0;75;77;-14340;2190;22268;3043.00;93;NAVI;1;0;0;0;0;0;0;1,63279E+12;3678;3732;3691;3689;3756;3698;6;;;;;;;0;0;0;89;39;-1353;0;0;0;14;1793;33.06;641.57;0;-32;-2;0;;;100;100;14;0;0;0;0;2;1;;;;
88.909638;139.978811;588;588;шўы.39;210;588;588;рту.71;512;141961;2021-09-28 00:38:15.059;2021-09-28 08:38:15.059;16;0;0.00;22.268000;88.909079;139.979043;0.00;-7.38;-0.22;-8;3;-135;0;1;0;75;77;-14340;2190;22268;3043.00;93;NAVI;1;0;0;0;0;0;0;1,63279E+12;3678;3732;3691;3689;3756;3698;6;;;;;;;0;0;0;89;39;-1353;0;0;0;14;1793;33.02;642.39;0;-32;-1;0;;;100;100;14;0;0;0;0;2;1;;;;
88.909638;139.978806;588;588;шўы.39;211;588;588;рту.71;512;142077;28.09.2021 0:38;28.09.2021 8:38;16;0;0.00;22.268000;88.909079;139.979043;0.00;-7.38;-0.22;-8;3;-135;0;1;0;75;77;-14340;2190;22268;3043.00;93;NAVI;1;0;0;0;0;0;0;1,63279E+12;3678;3732;3691;3689;3756;3698;6;;;;;;;0;0;0;89;39;-1351;0;0;0;14;1793;33.02;643.20;0;-32;-1;0;;;100;100;14;0;0;0;0;2;1;;;;
88.909638;139.978801;588;588;шўы.39;211;588;588;рту.71;512;142157;28.09.2021 0:38;28.09.2021 8:38;16;0;0.00;22.282000;88.909079;139.979043;0.00;-7.38;-0.22;-8;4;-135;0;1;0;75;77;-14256;2190;22282;3044.00;93;NAVI;1;0;0;0;0;0;0;1,63279E+12;3678;3732;3691;3689;3756;3698;6;;;;;;;0;0;0;89;40;-1351;0;0;0;14;1793;33.02;644.01;0;-32;-1;0;;;100;100;14;0;0;0;0;2;1;;;;
88.909638;139.978797;588;588;шўы.39;211;588;588;рту.71;512;142265;28.09.2021 0:38;28.09.2021 8:38;16;0;0.00;22.282000;88.909079;139.979043;0.00;-7.38;-0.22;-8;4;-135;0;1;0;75;77;-14256;2190;22282;3044.00;93;NAVI;1;0;0;0;0;0;0;1,63279E+12;3678;3732;3691;3689;3756;3698;6;;;;;;;0;0;0;88;40;-1351;0;0;0;14;1793;33.02;644.84;0;-32;-1;0;;;100;100;14;0;0;0;0;2;1;;;;
88.909638;139.978792;588;588;шўы.39;211;588;588;рту.71;512;142367;28.09.2021 0:38;28.09.2021 8:38;16;0;0.00;22.282000;88.909079;139.979043;0.00;-7.38;-0.22;-8;3;-135;0;1;0;75;77;-14256;2190;22282;3044.00;93;NAVI;1;0;0;0;0;0;0;1,63279E+12;3678;3732;3691;3689;3756;3698;6;;;;;;;0;0;0;86;39;-1351;0;0;0;14;1793;33.02;645.68;0;-32;-1;0;;;100;100;14;0;0;0;0;2;1;;;;
88.909638;139.978787;588;588;шўы.39;212;588;588;рту.71;512;142467;28.09.2021 0:38;28.09.2021 8:38;16;0;0.00;22.282000;88.909079;139.979043;0.00;-7.38;-0.22;-8;3;-135;0;1;0;75;77;-14256;2190;22282;3044.00;93;NAVI;1;0;0;0;0;0;0;1,63279E+12;3678;3732;3691;3689;3756;3698;6;;;;;;;0;0;0;85;37;-1351;0;0;0;14;1793;33.02;646.52;0;-32;-1;0;;;100;100;14;0;0;0;0;2;1;;;;
88.909638;139.978783;588;588;шўы.39;212;588;588;рту.71;512;142747;28.09.2021 0:38;28.09.2021 8:38;16;0;0.00;22.282000;88.909079;139.979043;0.00;-7.38;-0.22;-8;3;-135;0;1;0;75;77;-14256;2190;22282;3044.00;93;NAVI;1;0;0;0;0;0;0;1,63279E+12;3678;3732;3691;3689;3756;3698;6;;;;;;;0;0;0;85;37;-1351;0;0;0;14;1795;33.02;647.39;0;-32;-1;0;;;100;100;14;0;0;0;0;2;1;;;;
88.909638;139.978778;588;588;шўы.39;212;588;588;рту.71;512;142787;28.09.2021 0:38;28.09.2021 8:38;16;0;0.00;22.282000;88.909079;139.979043;0.00;-7.38;-0.45;-8;3;-135;0;1;0;75;77;-14256;2190;22282;3044.00;93;NAVI;1;0;0;0;0;0;0;1,63279E+12;3678;3732;3691;3689;3756;3698;6;;;;;;;0;0;0;85;37;-1351;0;0;0;14;1795;33.02;648.27;0;-32;-2;0;;;100;100;14;0;0;0;0;2;1;;;;
88.909638;139.978773;588;588;шўы.40;212;588;588;рту.71;512;142827;28.09.2021 0:38;28.09.2021 8:38;16;0;0.00;22.282000;88.909079;139.979043;0.00;-7.38;-0.45;-8;3;-135;0;1;0;75;77;-14256;2190;22282;3044.00;93;NAVI;1;0;0;0;0;0;0;1,63279E+12;3678;3732;3691;3689;3756;3698;6;;;;;;;0;0;0;85;37;-1353;0;0;0;14;1795;33.06;649.17;0;-32;-2;0;;;100;100;14;0;0;0;0;2;1;;;;
88.909638;139.978769;588;588;шўы.40;213;588;588;рту.71;512;142867;28.09.2021 0:38;28.09.2021 8:38;16;0;0.00;22.282000;88.909079;139.979043;0.00;-7.38;-0.45;-8;3;-135;0;1;0;75;77;-14256;2190;22282;3044.00;93;NAVI;1;0;0;0;0;0;0;1,63279E+12;3678;3732;3691;3689;3756;3698;6;;;;;;;0;0;0;85;37;-1353;0;0;0;14;1795;33.06;650.07;0;-32;-2;0;;;100;100;14;0;0;0;0;2;1;;;;
88.909638;139.978764;588;588;шўы.39;213;588;588;рту.71;512;142988;2021-09-28 00:38:16.086;2021-09-28 08:38:16.087;16;0;0.00;22.282000;88.909079;139.979043;0.00;-7.38;-0.22;-8;4;-135;0;1;0;75;77;-14256;2190;22282;3044.00;93;NAVI;1;0;0;0;0;0;0;1,63279E+12;3678;3732;3691;3689;3756;3698;6;;;;;;;0;0;0;84;40;-1353;0;0;0;14;1795;33.02;650.98;0;-32;-1;0;;;100;100;14;0;0;0;0;2;1;;;;
88.909638;139.978759;588;588;шўы.39;213;588;588;рту.71;512;143078;28.09.2021 0:38;28.09.2021 8:38;16;0;0.00;22.282000;88.909079;139.979043;0.00;-7.38;-0.22;-8;4;-135;0;1;0;75;77;-14256;2190;22282;3044.00;93;NAVI;1;0;0;0;0;0;0;1,63279E+12;3678;3732;3691;3689;3756;3698;6;;;;;;;0;0;0;83;40;-1354;0;0;0;14;1795;33.02;651.91;0;-32;-1;0;;;100;100;14;0;0;0;0;2;1;;;;
88.909638;139.978755;589;589;шўы.39;214;589;589;рту.71;512;143177;28.09.2021 0:38;28.09.2021 8:38;16;0;0.00;22.355000;88.909079;139.979043;0.00;-7.38;-0.22;-8;4;-135;0;1;0;75;77;-13693;2160;22355;3044.00;93;NAVI;1;0;0;0;0;0;0;1,63279E+12;3678;3732;3691;3689;3756;3698;6;;;;;;;0;0;0;83;40;-1354;0;0;0;14;1796;33.02;652.86;0;-32;-1;0;;;100;100;14;0;0;0;0;2;1;;;;
88.909638;139.978750;589;589;шўы.39;214;589;589;рту.71;512;143277;28.09.2021 0:38;28.09.2021 8:38;16;0;0.00;22.355000;88.909079;139.979043;0.00;-7.38;-0.22;-8;4;-135;0;1;0;75;77;-13693;2160;22355;3044.00;93;NAVI;1;0;0;0;0;0;0;1,63279E+12;3678;3732;3691;3689;3756;3698;6;;;;;;;0;0;0;84;40;-1354;0;0;0;14;1796;33.02;653.80;0;-32;-1;0;;;100;100;14;0;0;0;0;2;1;;;;
88.909638;139.978746;589;589;шўы.40;214;589;589;рту.71;512;143398;28.09.2021 0:38;28.09.2021 8:38;16;0;0.00;22.355000;88.909079;139.979043;0.00;-7.38;-0.45;-8;3;-135;0;1;0;75;77;-13693;2160;22355;3044.00;93;NAVI;1;0;0;0;0;0;0;1,63279E+12;3678;3732;3691;3689;3756;3698;6;;;;;;;0;0;0;85;39;-1354;0;0;0;14;1796;33.06;654.77;0;-32;-2;0;;;100;100;14;0;0;0;0;2;1;;;;
88.909638;139.978741;589;589;шўы.40;215;589;589;рту.71;512;143490;28.09.2021 0:38;28.09.2021 8:38;16;0;0.00;22.355000;88.909079;139.979043;0.00;-7.38;-0.45;-8;3;-135;0;1;0;75;77;-13693;2160;22355;3044.00;93;NAVI;1;0;0;0;0;0;0;1,63279E+12;3678;3732;3691;3689;3756;3698;6;;;;;;;0;0;0;85;39;-1354;0;0;0;14;1796;33.06;655.77;0;-32;-2;0;;;100;100;14;0;0;0;0;2;1;;;;
88.909638;139.978736;589;589;шўы.39;215;589;589;рту.71;512;143798;28.09.2021 0:38;28.09.2021 8:38;16;0;0.00;22.355000;88.909079;139.979043;0.00;-7.38;-0.22;-8;3;-135;0;1;0;75;77;-13693;2160;22355;3044.00;93;NAVI;1;0;0;0;0;0;0;1,63279E+12;3678;3732;3691;3689;3756;3698;6;;;;;;;0;0;0;85;37;-1353;0;0;0;14;1796;33.02;656.79;0;-32;-1;0;;;100;100;14;0;0;0;0;2;1;;;;
88.909638;139.978727;589;589;шўы.39;216;589;589;рту.71;512;143843;28.09.2021 0:38;28.09.2021 8:38;16;0;0.00;22.355000;88.909079;139.979043;0.00;-7.38;-0.22;-8;3;-135;0;1;0;75;77;-13693;2160;22355;3044.00;93;NAVI;1;0;0;0;0;0;0;1,63279E+12;3678;3732;3691;3689;3756;3698;6;;;;;;;0;0;0;85;37;-1353;0;0;0;14;1796;33.02;658.85;0;-32;-1;0;;;100;100;14;0;0;0;0;2;1;;;;
88.909638;139.978722;589;589;шўы.40;216;589;589;рту.71;512;143897;28.09.2021 0:38;28.09.2021 8:38;16;0;0.00;22.355000;88.909079;139.979043;0.00;-7.38;-0.45;-8;3;-135;0;1;0;75;77;-13693;2160;22355;3044.00;93;NAVI;1;0;0;0;0;0;0;1,63279E+12;3678;3732;3691;3689;3756;3698;6;;;;;;;0;0;0;85;37;-1353;0;0;0;14;1796;33.06;659.87;0;-32;-2;0;;;100;100;14;0;0;0;0;2;1;;;;
88.909638;139.978718;589;589;шўы.39;216;589;589;рту.71;512;144011;28.09.2021 0:38;28.09.2021 8:38;16;0;0.00;22.355000;88.909079;139.979043;0.00;-7.38;-0.22;-8;3;-135;0;1;0;75;77;-13693;2160;22355;3044.00;93;NAVI;1;0;0;0;0;0;0;1,63279E+12;3678;3732;3691;3689;3756;3698;6;;;;;;;0;0;0;84;37;-1353;0;0;0;14;1796;33.02;660.91;0;-32;-1;0;;;100;100;14;0;0;0;0;2;1;;;;
88.909638;139.978713;589;589;шўы.39;217;589;589;рту.71;512;144100;28.09.2021 0:38;28.09.2021 8:38;16;0;0.00;22.355000;88.909079;139.979043;0.00;-7.38;-0.22;-8;3;-135;0;1;0;75;77;-13693;2160;22355;3044.00;93;NAVI;1;0;0;0;0;0;0;1,63279E+12;3678;3732;3691;3689;3756;3698;6;;;;;;;0;0;0;84;39;-1353;0;0;0;14;1796;33.02;661.96;0;-32;-1;0;;;100;100;14;0;0;0;0;2;1;;;;
88.909638;139.978709;589;589;шўы.40;217;589;589;рту.71;512;144207;28.09.2021 0:38;28.09.2021 8:38;16;0;0.00;22.315001;88.909079;139.979043;0.00;-7.38;-0.45;-8;4;-135;0;1;0;74;77;-14054;2160;22315;3044.00;93;NAVI;1;0;0;0;0;0;0;1,63279E+12;3678;3732;3691;3689;3756;3698;6;;;;;;;0;0;0;84;40;-1353;0;0;0;14;1796;33.06;663.03;0;-32;-2;0;;;100;100;14;0;0;0;0;2;1;;;;
88.909638;139.978704;589;589;шўы.40;217;589;589;рту.71;512;144317;28.09.2021 0:38;28.09.2021 8:38;16;0;0.00;22.315001;88.909079;139.979043;0.00;-7.38;-0.22;-8;4;-135;0;1;0;74;77;-14054;2160;22315;3044.00;93;NAVI;1;0;0;0;0;0;0;1,63279E+12;3678;3732;3691;3689;3756;3698;6;;;;;;;0;0;0;85;40;-1353;0;0;0;14;1798;33.06;664.12;0;-32;-1;0;;;100;100;14;0;0;0;0;2;1;;;;
88.909638;139.978699;589;589;шўы.39;218;589;589;рту.71;512;144367;28.09.2021 0:38;28.09.2021 8:38;16;0;0.00;22.315001;88.909079;139.979043;0.00;-7.38;-0.22;-8;4;-135;0;1;0;74;77;-14054;2160;22315;3044.00;93;NAVI;1;0;0;0;0;0;0;1,63279E+12;3678;3732;3691;3689;3756;3698;6;;;;;;;0;0;0;86;42;-1353;0;0;0;14;1798;33.02;665.22;0;-32;-1;0;;;100;100;14;0;0;0;0;2;1;;;;
88.909637;139.978695;589;589;шўы.39;218;589;589;рту.71;512;144398;28.09.2021 0:38;28.09.2021 8:38;16;0;0.00;22.315001;88.909079;139.979043;0.00;-7.38;-0.22;-8;4;-135;0;1;0;74;77;-14054;2160;22315;3044.00;93;NAVI;1;0;0;0;0;0;0;1,63279E+12;3678;3732;3691;3689;3756;3698;6;;;;;;;0;0;0;85;45;-1353;0;0;0;14;1798;33.02;666.33;0;-32;-1;0;;;100;100;14;0;0;0;0;2;1;;;;
88.909637;139.978690;589;589;шўы.39;218;589;589;рту.71;512;144550;28.09.2021 0:38;28.09.2021 8:38;16;0;0.00;22.315001;88.909079;139.979043;0.00;-7.38;-0.22;-8;4;-135;0;1;0;74;77;-14054;2160;22315;3044.00;93;NAVI;1;0;0;0;0;0;0;1,63279E+12;3678;3732;3691;3689;3756;3698;6;;;;;;;0;0;0;86;44;-1354;0;0;0;14;1798;33.02;667.46;0;-32;-1;0;;;100;100;14;0;0;0;0;2;1;;;;
88.909637;139.978686;589;589;шўы.39;219;589;589;рту.71;512;144807;28.09.2021 0:38;28.09.2021 8:38;16;0;0.00;22.315001;88.909079;139.979043;0.00;-7.38;-0.22;-8;4;-135;0;1;0;74;77;-14054;2160;22315;3044.00;93;NAVI;1;0;0;0;0;0;0;1,63279E+12;3678;3732;3691;3689;3756;3698;6;;;;;;;0;0;0;86;44;-1354;0;0;0;14;1798;33.02;668.62;0;-32;-1;0;;;100;100;14;0;0;0;0;2;1;;;;
88.909637;139.978677;589;589;шўы.39;220;589;589;рту.71;512;144847;28.09.2021 0:38;28.09.2021 8:38;16;0;0.00;22.315001;88.909079;139.979043;0.00;-7.38;-0.22;-8;4;-135;0;1;0;74;77;-14054;2160;22315;3044.00;93;NAVI;1;0;0;0;0;0;0;1,63279E+12;3678;3732;3691;3689;3756;3698;6;;;;;;;0;0;0;88;42;-1354;0;0;0;14;1798;33.02;670.97;0;-32;-1;0;;;100;100;14;0;0;0;0;2;1;;;;
88.909637;139.978677;589;589;шўы.39;220;589;589;рту.71;512;144850;28.09.2021 0:38;28.09.2021 8:38;16;0;0.00;22.315001;88.909079;139.979043;0.00;-7.38;-0.22;-8;4;-135;0;1;0;74;77;-14054;2160;22315;3044.00;93;NAVI;1;0;0;0;0;0;0;1,63279E+12;3678;3732;3691;3689;3756;3698;6;;;;;;;0;0;0;88;42;-1354;0;0;0;14;1798;33.02;670.97;0;-32;-1;0;;;100;100;14;0;0;0;0;2;1;;;;
88.909637;139.978672;590;590;шўы.39;220;590;590;рту.71;512;144930;2021-09-28 00:38:18.028;2021-09-28 08:38:18.028;16;0;0.00;22.315001;88.909079;139.979043;0.00;-7.38;-0.22;-8;4;-135;0;1;0;74;77;-14054;2160;22315;3044.00;93;NAVI;1;0;0;0;0;0;0;1,63279E+12;3678;3732;3691;3689;3756;3698;6;;;;;;;0;0;0;88;42;-1354;0;0;0;14;1798;33.02;672.17;0;-32;-1;0;;;100;100;14;0;0;0;0;2;1;;;;
88.909637;139.978667;590;590;шўы.39;220;590;590;рту.71;512;145031;28.09.2021 0:38;28.09.2021 8:38;16;0;0.00;22.315001;88.909079;139.979043;0.00;-7.38;-0.22;-8;4;-135;0;1;0;74;77;-14054;2160;22315;3044.00;93;NAVI;1;0;0;0;0;0;0;1,63279E+12;3678;3732;3691;3689;3756;3698;6;;;;;;;0;0;0;86;40;-1354;0;0;0;14;1798;33.02;673.38;0;-32;-1;0;;;100;100;14;0;0;0;0;2;1;;;;
88.909637;139.978663;590;590;шўы.38;221;590;590;рту.71;512;145128;28.09.2021 0:38;28.09.2021 8:38;16;0;0.00;22.306000;88.909079;139.979043;0.00;-7.38;0.00;-8;4;-135;0;1;0;74;77;-14363;2160;22306;3044.00;93;NAVI;1;0;0;0;0;0;0;1,63279E+12;3678;3732;3691;3689;3756;3698;6;;;;;;;0;0;0;85;40;-1354;0;0;0;14;1798;33.00;674.62;0;-32;0;0;;;100;100;14;0;0;0;0;2;1;;;;
88.909637;139.978658;590;590;шўы.38;221;590;590;рту.71;512;145237;28.09.2021 0:38;28.09.2021 8:38;16;0;0.00;22.306000;88.909079;139.979043;0.00;-7.38;0.00;-8;4;-135;0;1;0;74;77;-14363;2160;22306;3044.00;93;NAVI;1;0;0;0;0;0;0;1,63279E+12;3678;3732;3691;3689;3756;3698;6;;;;;;;0;0;0;85;40;-1354;0;0;0;14;1798;33.00;675.86;0;-32;0;0;;;100;100;14;0;0;0;0;2;1;;;;
88.909637;139.978653;590;590;шўы.38;222;590;590;рту.71;512;145329;28.09.2021 0:38;28.09.2021 8:38;16;0;0.00;22.306000;88.909079;139.979043;0.00;-7.38;0.00;-8;4;-135;0;1;0;74;77;-14363;2160;22306;3044.00;93;NAVI;1;0;0;0;0;0;0;1,63279E+12;3678;3732;3691;3689;3756;3698;6;;;;;;;0;0;0;84;42;-1354;0;0;0;14;1798;33.00;677.11;0;-32;0;0;;;100;100;14;0;0;0;0;2;1;;;;
88.909637;139.978649;590;590;шўы.38;222;590;590;рту.71;512;145427;28.09.2021 0:38;28.09.2021 8:38;16;0;0.00;22.306000;88.909079;139.979043;0.00;-7.38;0.00;-8;4;-135;0;1;0;74;77;-14363;2160;22306;3044.00;93;NAVI;1;0;0;0;0;0;0;1,63279E+12;3678;3732;3691;3689;3756;3698;6;;;;;;;0;0;0;80;45;-1354;0;0;0;14;1798;33.00;678.36;0;-32;0;0;;;100;100;14;0;0;0;0;2;1;;;;
88.909637;139.978644;590;590;шўы.38;222;590;590;рту.71;512;145548;28.09.2021 0:38;28.09.2021 8:38;16;0;0.00;22.306000;88.909079;139.979043;0.00;-7.38;0.00;-8;4;-135;0;1;0;74;77;-14363;2160;22306;3044.00;93;NAVI;1;0;0;0;0;0;0;1,63279E+12;3678;3732;3691;3689;3756;3698;6;;;;;;;0;0;0;80;44;-1353;0;0;0;14;1798;33.00;679.63;0;-32;0;0;;;100;100;14;0;0;0;0;2;1;;;;
88.909637;139.978640;590;590;шўы.38;223;590;590;рту.71;512;145908;2021-09-28 00:38:19.006;2021-09-28 08:38:19.010;16;0;0.00;22.306000;88.909079;139.979043;0.00;-7.38;0.00;-8;4;-135;0;1;0;74;77;-14363;2160;22306;3044.00;93;NAVI;1;0;0;0;0;0;0;1,63279E+12;3678;3732;3691;3689;3756;3698;6;;;;;;;0;0;0;83;42;-1353;0;0;0;14;1798;33.00;680.91;0;-32;0;0;;;100;100;14;0;0;0;0;2;1;;;;
88.909638;139.978626;589;589;шўы.38;224;590;590;рту.71;512;145938;2021-09-28 00:38:19.037;2021-09-28 08:38:19.037;16;0;0.00;22.306000;88.909079;139.979043;0.00;-7.38;0.00;-8;3;-135;0;1;0;74;77;-14363;2160;22306;3044.00;93;NAVI;1;0;0;0;0;0;0;1,63279E+12;3678;3732;3691;3689;3756;3698;6;;;;;;;0;0;0;88;36;-1351;0;0;0;14;1798;33.00;685.02;0;-32;0;0;;;100;100;14;0;0;0;0;2;1;;;;
88.909638;139.978626;589;589;шўы.38;224;590;590;рту.71;512;145941;2021-09-28 00:38:19.040;2021-09-28 08:38:19.040;16;0;0.00;22.306000;88.909079;139.979043;0.00;-7.38;0.00;-8;3;-135;0;1;0;74;77;-14363;2160;22306;3044.00;93;NAVI;1;0;0;0;0;0;0;1,63279E+12;3678;3732;3691;3689;3756;3698;6;;;;;;;0;0;0;88;36;-1351;0;0;0;14;1798;33.00;685.02;0;-32;0;0;;;100;100;14;0;0;0;0;2;1;;;;
88.909638;139.978626;589;589;шўы.38;224;590;590;рту.71;512;145949;2021-09-28 00:38:19.047;2021-09-28 08:38:19.048;16;0;0.00;22.306000;88.909079;139.979043;0.00;-7.38;0.00;-8;3;-135;0;1;0;74;77;-14363;2160;22306;3044.00;93;NAVI;1;0;0;0;0;0;0;1,63279E+12;3678;3732;3691;3689;3756;3698;6;;;;;;;0;0;0;88;36;-1351;0;0;0;14;1798;33.00;685.02;0;-32;0;0;;;100;100;14;0;0;0;0;2;1;;;;
88.909638;139.978621;589;589;шўы.38;225;590;590;рту.71;512;146057;28.09.2021 0:38;28.09.2021 8:38;16;0;0.00;22.306000;88.909079;139.979043;0.00;-7.38;0.00;-8;3;-135;0;1;0;74;77;-14363;2160;22306;3044.00;93;NAVI;1;0;0;0;0;0;0;1,63279E+12;3678;3732;3691;3689;3756;3698;6;;;;;;;0;0;0;88;34;-1351;0;0;0;14;1798;33.00;686.41;0;-32;0;0;;;100;100;14;0;0;0;0;2;1;;;;
88.909638;139.978617;589;589;шўы.38;225;590;590;рту.71;512;146157;28.09.2021 0:38;28.09.2021 8:38;16;0;0.00;22.351000;88.909079;139.979043;0.00;-7.38;0.00;-8;3;-135;0;1;0;74;77;-13664;2160;22351;3045.00;93;NAVI;1;0;0;0;0;0;0;1,63279E+12;3678;3732;3691;3689;3756;3698;6;;;;;;;0;0;0;88;36;-1351;0;0;0;14;1798;33.00;687.79;0;-32;0;0;;;100;100;14;0;0;0;0;2;1;;;;
88.909638;139.978612;589;589;шўы.38;226;590;590;рту.71;512;146257;28.09.2021 0:38;28.09.2021 8:38;16;0;0.00;22.351000;88.909079;139.979043;0.00;-7.38;0.00;-9;3;-135;0;1;0;74;77;-13664;2160;22351;3045.00;93;NAVI;1;0;0;0;0;0;0;1,63279E+12;3678;3732;3691;3689;3756;3698;6;;;;;;;0;0;0;90;37;-1351;0;0;0;14;1798;33.00;689.17;0;-32;0;0;;;100;100;14;0;0;0;0;2;1;;;;
88.909638;139.978607;589;589;шўы.38;226;590;590;рту.71;512;146358;28.09.2021 0:38;28.09.2021 8:38;16;0;0.00;22.351000;88.909079;139.979043;0.00;-7.38;0.00;-9;3;-135;0;1;0;74;77;-13664;2160;22351;3045.00;93;NAVI;1;0;0;0;0;0;0;1,63279E+12;3678;3732;3691;3689;3756;3698;6;;;;;;;0;0;0;90;39;-1351;0;0;0;14;1798;33.00;690.56;0;-32;0;0;;;100;100;14;0;0;0;0;2;1;;;;
88.909638;139.978603;589;589;шўы.38;227;590;590;рту.71;512;146472;28.09.2021 0:38;28.09.2021 8:38;16;0;0.00;22.351000;88.909079;139.979043;0.00;-7.38;0.00;-8;4;-135;0;1;0;74;77;-13664;2160;22351;3045.00;93;NAVI;1;0;0;0;0;0;0;1,63279E+12;3678;3732;3691;3689;3756;3698;6;;;;;;;0;0;0;89;40;-1351;0;0;0;14;1798;33.00;691.94;0;-32;0;0;;;100;100;14;0;0;0;0;2;1;;;;
88.909638;139.978598;589;589;шўы.38;227;590;590;рту.71;512;146559;28.09.2021 0:38;28.09.2021 8:38;16;0;0.00;22.351000;88.909079;139.979043;0.00;-7.38;0.00;-8;4;-135;0;1;0;74;77;-13664;2160;22351;3045.00;93;NAVI;1;0;0;0;0;0;0;1,63279E+12;3678;3732;3691;3689;3756;3698;6;;;;;;;0;0;0;89;40;-1351;0;0;0;14;1798;33.00;693.34;0;-32;0;0;;;100;100;14;0;0;0;0;2;1;;;;
88.909638;139.978594;589;589;шўы.38;227;590;590;рту.71;512;146958;2021-09-28 00:38:20.056;2021-09-28 08:38:20.056;16;0;0.00;22.351000;88.909079;139.979043;0.00;-7.38;0.00;-8;4;-135;0;1;0;74;77;-13664;2160;22351;3045.00;93;NAVI;1;0;0;0;0;0;0;1,63279E+12;3678;3732;3691;3689;3756;3698;6;;;;;;;0;0;0;88;40;-1353;0;0;0;14;1798;33.00;694.76;0;-32;0;0;;;100;100;14;0;0;0;0;2;1;;;;
88.909638;139.978584;589;589;шўы.38;228;590;590;рту.71;512;147010;28.09.2021 0:38;28.09.2021 8:38;16;0;0.00;22.351000;88.909079;139.979043;0.00;-7.38;0.00;-8;3;-135;0;1;0;74;77;-13664;2160;22351;3045.00;93;NAVI;1;0;0;0;0;0;0;1,63279E+12;3678;3732;3691;3689;3756;3698;6;;;;;;;0;0;0;86;39;-1353;0;0;0;14;1798;33.00;697.65;0;-32;0;0;;;100;100;14;0;0;0;0;2;1;;;;
88.909638;139.978580;589;589;шўы.38;229;590;590;рту.71;512;147057;28.09.2021 0:38;28.09.2021 8:38;16;0;0.00;22.351000;88.909079;139.979043;0.00;-7.38;0.00;-8;3;-135;0;1;0;74;77;-13664;2160;22351;3045.00;93;NAVI;1;0;0;0;0;0;0;1,63279E+12;3678;3732;3691;3689;3756;3698;6;;;;;;;0;0;0;85;37;-1353;0;0;0;14;1798;33.00;699.12;0;-32;0;0;;;100;100;14;0;0;0;0;2;1;;;;
88.909638;139.978575;589;589;шўы.38;229;590;590;рту.71;512;147089;28.09.2021 0:38;28.09.2021 8:38;16;0;0.00;22.351000;88.909079;139.979043;0.00;-7.38;0.00;-8;3;-135;0;1;0;74;77;-13664;2160;22351;3045.00;93;NAVI;1;0;0;0;0;0;0;1,63279E+12;3678;3732;3691;3689;3756;3698;6;;;;;;;0;0;0;85;37;-1353;0;0;0;14;1798;33.00;700.60;0;-32;0;0;;;100;100;14;0;0;0;0;2;1;;;;
88.909638;139.978575;589;589;шўы.38;229;590;590;рту.71;512;147092;28.09.2021 0:38;28.09.2021 8:38;16;0;0.00;22.351000;88.909079;139.979043;0.00;-7.38;0.00;-8;3;-135;0;1;0;74;77;-13664;2160;22351;3045.00;93;NAVI;1;0;0;0;0;0;0;1,63279E+12;3678;3732;3691;3689;3756;3698;6;;;;;;;0;0;0;85;37;-1353;0;0;0;14;1798;33.00;700.60;0;-32;0;0;;;100;100;14;0;0;0;0;2;1;;;;
88.909638;139.978570;590;590;шўы.38;230;590;590;рту.71;512;147188;28.09.2021 0:38;28.09.2021 8:38;16;0;0.00;22.337999;88.909079;139.979043;0.00;-7.38;0.00;-8;3;-135;0;1;0;74;77;-14062;2160;22338;3046.00;93;NAVI;1;0;0;0;0;0;0;1,63279E+12;3678;3732;3691;3689;3756;3698;6;;;;;;;0;0;0;85;37;-1353;0;0;0;14;1798;33.00;702.09;0;-32;0;0;;;100;100;14;0;0;0;0;2;1;;;;
88.909638;139.978566;590;590;шўы.38;230;590;590;рту.71;512;147287;28.09.2021 0:38;28.09.2021 8:38;16;0;0.00;22.337999;88.909079;139.979043;0.00;-7.38;0.00;-8;3;-135;0;1;0;74;77;-14062;2160;22338;3046.00;93;NAVI;1;0;0;0;0;0;0;1,63279E+12;3678;3732;3691;3689;3756;3698;6;;;;;;;0;0;0;85;37;-1353;0;0;0;14;1798;33.00;703.59;0;-32;0;0;;;100;100;14;0;0;0;0;2;1;;;;
88.909638;139.978561;590;590;шўы.38;231;590;590;рту.71;512;147370;28.09.2021 0:38;28.09.2021 8:38;16;0;0.00;22.337999;88.909079;139.979043;0.00;-7.38;0.00;-8;3;-135;0;1;0;74;77;-14062;2160;22338;3046.00;93;NAVI;1;0;0;0;0;0;0;1,63279E+12;3678;3732;3691;3689;3756;3698;6;;;;;;;0;0;0;86;37;-1353;0;0;0;14;1798;33.00;705.09;0;-32;0;0;;;100;100;14;0;0;0;0;2;1;;;;
88.909638;139.978556;590;590;шўы.38;231;590;590;рту.71;512;147468;28.09.2021 0:38;28.09.2021 8:38;16;0;0.00;22.337999;88.909079;139.979043;0.00;-7.38;0.00;-8;3;-135;0;1;0;74;77;-14062;2160;22338;3046.00;93;NAVI;1;0;0;0;0;0;0;1,63279E+12;3678;3732;3691;3689;3756;3698;6;;;;;;;0;0;0;86;37;-1353;0;0;0;14;1798;33.00;706.62;0;-32;0;0;;;100;100;14;0;0;0;0;2;1;;;;
88.909638;139.978552;590;590;шўы.38;232;590;590;рту.71;512;147580;28.09.2021 0:38;28.09.2021 8:38;16;0;0.00;22.337999;88.909079;139.979043;0.00;-7.38;0.00;-8;3;-135;0;1;0;74;77;-14062;2160;22338;3046.00;93;NAVI;1;0;0;0;0;0;0;1,63279E+12;3688;3745;3712;3707;3769;3717;6;;;;;;;0;0;0;86;36;-1353;0;0;0;14;1798;33.00;708.16;0;-32;0;0;;;100;100;14;0;0;0;0;2;1;;;;
88.909638;139.978547;590;590;шўы.38;232;590;590;рту.71;512;147947;2021-09-28 00:38:21.046;2021-09-28 08:38:21.046;16;0;0.00;22.337999;88.909079;139.979043;0.00;-7.38;0.00;-8;3;-135;0;1;0;74;77;-14062;2160;22338;3046.00;93;NAVI;1;0;0;0;0;0;0;1,63279E+12;3688;3745;3712;3707;3769;3717;6;;;;;;;0;0;0;86;36;-1353;0;0;0;14;1798;33.00;709.69;0;-32;0;0;;;100;100;14;0;0;0;0;2;1;;;;
88.909638;139.978538;589;589;шўы.38;233;590;590;рту.71;512;147978;2021-09-28 00:38:21.076;2021-09-28 08:38:21.077;16;0;0.00;22.337999;88.909079;139.979043;0.00;-7.38;0.00;-8;3;-135;0;1;0;74;77;-14062;2160;22338;3046.00;93;NAVI;1;0;0;0;0;0;0;1,63279E+12;3688;3745;3712;3707;3769;3717;6;;;;;;;0;0;0;85;37;-1353;0;0;0;14;1798;33.00;712.77;0;-32;0;0;;;100;100;14;0;0;0;0;2;1;;;;
88.909638;139.978533;589;589;шўы.38;234;590;590;рту.71;512;148018;28.09.2021 0:38;28.09.2021 8:38;16;0;0.00;22.337999;88.909079;139.979043;0.00;-7.38;0.00;-8;3;-135;0;1;0;74;77;-14062;2160;22338;3046.00;93;NAVI;1;0;0;0;0;0;0;1,63279E+12;3688;3745;3712;3707;3769;3717;6;;;;;;;0;0;0;85;37;-1353;0;0;0;14;1798;33.00;714.31;0;-32;0;0;;;100;100;14;0;0;0;0;2;1;;;;
88.909638;139.978533;589;589;шўы.38;234;590;590;рту.71;512;148021;28.09.2021 0:38;28.09.2021 8:38;16;0;0.00;22.337999;88.909079;139.979043;0.00;-7.38;0.00;-8;3;-135;0;1;0;74;77;-14062;2160;22338;3046.00;93;NAVI;1;0;0;0;0;0;0;1,63279E+12;3688;3745;3712;3707;3769;3717;6;;;;;;;0;0;0;85;37;-1353;0;0;0;14;1798;33.00;714.31;0;-32;0;0;;;100;100;14;0;0;0;0;2;1;;;;
88.909638;139.978529;589;589;шўы.38;234;590;590;рту.71;512;148097;28.09.2021 0:38;28.09.2021 8:38;16;0;0.00;22.337999;88.909079;139.979043;0.00;-7.38;0.00;-8;3;-135;0;1;0;74;77;-14062;2160;22338;3046.00;93;NAVI;1;0;0;0;0;0;0;1,63279E+12;3688;3745;3712;3707;3769;3717;6;;;;;;;0;0;0;86;39;-1353;0;0;0;14;1798;33.00;715.86;0;-32;0;0;;;100;100;14;0;0;0;0;2;1;;;;
88.909638;139.978524;589;589;шўы.38;235;590;590;рту.71;512;148200;28.09.2021 0:38;28.09.2021 8:38;16;0;0.00;22.337999;88.909079;139.979043;0.00;-7.38;0.00;-8;4;-135;0;1;0;74;77;-14062;2160;22338;3047.00;93;NAVI;1;0;0;0;0;0;0;1,63279E+12;3688;3745;3712;3707;3769;3717;6;;;;;;;0;0;0;86;40;-1353;0;0;0;14;1798;33.00;717.42;0;-32;0;0;;;100;100;14;0;0;0;0;2;1;;;;
88.909638;139.978515;589;589;шўы.38;236;590;590;рту.71;512;148410;28.09.2021 0:38;28.09.2021 8:38;16;0;0.00;22.337999;88.909079;139.979043;0.00;-7.38;0.00;-8;4;-135;0;1;0;74;77;-14062;2160;22338;3047.00;93;NAVI;1;0;0;0;0;0;0;1,63279E+12;3688;3745;3712;3707;3769;3717;6;;;;;;;0;0;0;86;42;-1354;0;0;0;14;1798;33.00;720.57;0;-32;0;0;;;100;100;14;0;0;0;0;2;1;;;;
88.909638;139.978510;589;589;шўы.38;236;590;590;рту.71;512;148517;28.09.2021 0:38;28.09.2021 8:38;16;0;0.00;22.337999;88.909079;139.979043;0.00;-7.38;0.00;-8;4;-135;0;1;0;74;77;-14062;2160;22338;3047.00;93;NAVI;1;0;0;0;0;0;0;1,63279E+12;3688;3745;3712;3707;3769;3717;6;;;;;;;0;0;0;85;40;-1353;0;0;0;14;1798;33.00;722.17;0;-32;0;0;;;100;100;14;0;0;0;0;2;1;;;;
88.909638;139.978506;589;589;шўы.38;237;590;590;рту.71;512;148607;28.09.2021 0:38;28.09.2021 8:38;16;0;0.00;22.337999;88.909079;139.979043;0.00;-7.38;0.00;-8;3;-135;0;1;0;74;77;-14062;2160;22338;3047.00;93;NAVI;1;0;0;0;0;0;0;1,63279E+12;3688;3745;3712;3707;3769;3717;6;;;;;;;0;0;0;86;36;-1353;0;0;0;14;1798;33.00;723.80;0;-32;0;0;;;100;100;14;0;0;0;0;2;1;;;;
88.909638;139.978501;589;589;шўы.38;237;590;590;рту.71;512;148970;2021-09-28 00:38:22.068;2021-09-28 08:38:22.068;16;0;0.00;22.337999;88.909079;139.979043;0.00;-7.38;0.45;-8;3;-135;0;1;0;74;77;-14062;2160;22338;3047.00;93;NAVI;1;0;0;0;0;0;0;1,63279E+12;3688;3745;3712;3707;3769;3717;6;;;;;;;0;0;0;85;35;-1353;0;0;0;14;1798;33.00;725.43;0;-32;2;0;;;100;100;14;0;0;0;0;2;1;;;;
88.909638;139.978487;589;589;шўы.40;239;590;590;рту.71;512;149011;28.09.2021 0:38;28.09.2021 8:38;16;0;0.00;22.337999;88.909079;139.979043;0.00;-7.38;0.45;-8;3;-135;0;1;0;74;77;-14062;2160;22338;3047.00;93;NAVI;1;0;0;0;0;0;0;1,63279E+12;3688;3745;3712;3707;3769;3717;6;;;;;;;0;0;0;83;39;-1353;0;0;0;14;1798;33.06;730.34;0;-32;2;0;;;100;100;14;0;0;0;0;2;1;;;;
88.909638;139.978483;589;589;шўы.40;240;590;590;рту.71;512;149038;28.09.2021 0:38;28.09.2021 8:38;16;0;0.00;22.337999;88.909079;139.979043;0.00;-7.38;0.45;-8;3;-135;0;1;0;74;77;-14062;2160;22338;3047.00;93;NAVI;1;0;0;0;0;0;0;1,63279E+12;3688;3745;3712;3707;3769;3717;6;;;;;;;0;0;0;83;37;-1353;0;0;0;14;1796;33.06;731.97;0;-32;2;0;;;100;100;14;0;0;0;0;2;1;;;;
88.909638;139.978483;589;589;шўы.40;240;590;590;рту.71;512;149041;28.09.2021 0:38;28.09.2021 8:38;16;0;0.00;22.337999;88.909079;139.979043;0.00;-7.38;0.45;-8;3;-135;0;1;0;74;77;-14062;2160;22338;3047.00;93;NAVI;1;0;0;0;0;0;0;1,63279E+12;3688;3745;3712;3707;3769;3717;6;;;;;;;0;0;0;83;37;-1353;0;0;0;14;1796;33.06;731.97;0;-32;2;0;;;100;100;14;0;0;0;0;2;1;;;;
88.909638;139.978483;589;589;шўы.40;240;590;590;рту.71;512;149046;28.09.2021 0:38;28.09.2021 8:38;16;0;0.00;22.337999;88.909079;139.979043;0.00;-7.38;0.45;-8;3;-135;0;1;0;74;77;-14062;2160;22338;3047.00;93;NAVI;1;0;0;0;0;0;0;1,63279E+12;3688;3745;3712;3707;3769;3717;6;;;;;;;0;0;0;83;37;-1353;0;0;0;14;1796;33.06;731.97;0;-32;2;0;;;100;100;14;0;0;0;0;2;1;;;;
88.909638;139.978478;589;589;шўы.39;240;590;590;рту.71;512;149150;28.09.2021 0:38;28.09.2021 8:38;16;0;0.00;22.337999;88.909079;139.979043;0.00;-7.38;0.22;-8;3;-135;0;1;0;74;77;-14062;2160;22338;3047.00;93;NAVI;1;0;0;0;0;0;0;1,63279E+12;3688;3745;3712;3707;3769;3717;6;;;;;;;0;0;0;83;36;-1353;0;0;0;14;1796;33.02;733.62;0;-32;1;0;;;100;100;14;0;0;0;0;2;1;;;;
88.909638;139.978474;589;589;шўы.40;241;590;590;рту.71;512;149237;28.09.2021 0:38;28.09.2021 8:38;16;0;0.00;22.344000;88.909079;139.979043;0.00;-7.38;0.45;-8;3;-135;0;1;0;74;77;-13891;2160;22344;3047.00;93;NAVI;1;0;0;0;0;0;0;1,63279E+12;3688;3745;3712;3707;3769;3717;6;;;;;;;0;0;0;85;36;-1354;0;0;0;14;1796;33.06;735.32;0;-32;2;0;;;100;100;14;0;0;0;0;2;1;;;;
88.909638;139.978469;589;589;шўы.40;241;590;590;рту.71;512;149327;28.09.2021 0:38;28.09.2021 8:38;16;0;0.00;22.344000;88.909079;139.979043;0.00;-7.38;0.45;-8;3;-135;0;1;0;74;77;-13891;2160;22344;3047.00;93;NAVI;1;0;0;0;0;0;0;1,63279E+12;3688;3745;3712;3707;3769;3717;6;;;;;;;0;0;0;84;39;-1354;0;0;0;14;1796;33.06;737.00;0;-32;2;0;;;100;100;14;0;0;0;0;2;1;;;;
88.909638;139.978464;589;589;шўы.16;242;590;590;рту.71;512;149427;28.09.2021 0:38;28.09.2021 8:38;16;0;0.00;22.344000;88.909079;139.979043;0.00;-7.16;0.22;-8;4;-135;0;1;0;74;77;-13891;2160;22344;3047.00;93;NAVI;1;0;0;0;0;0;0;1,63279E+12;3688;3745;3712;3707;3769;3717;6;;;;;;;0;0;0;80;45;-1354;0;0;0;14;1796;32.02;738.65;0;-32;1;0;;;100;100;14;0;0;0;0;2;1;;;;
88.909637;139.978460;589;589;шўы.16;242;590;590;рту.71;512;149540;28.09.2021 0:38;28.09.2021 8:38;16;0;0.00;22.344000;88.909079;139.979043;0.00;-7.16;0.22;-8;4;-135;0;1;0;74;77;-13891;2160;22344;3047.00;93;NAVI;1;0;0;0;0;0;0;1,63279E+12;3688;3745;3712;3707;3769;3717;6;;;;;;;0;0;0;80;49;-1354;0;0;0;14;1796;32.02;740.29;0;-32;1;0;;;100;100;14;0;0;0;0;2;1;;;;
88.909637;139.978455;589;589;шўы.17;243;590;590;рту.71;512;149647;28.09.2021 0:38;28.09.2021 8:38;16;0;0.00;22.344000;88.909079;139.979043;0.00;-7.16;0.45;-8;5;-135;0;1;0;74;77;-13891;2160;22344;3047.00;93;NAVI;1;0;0;0;0;0;0;1,63279E+12;3688;3745;3712;3707;3769;3717;6;;;;;;;0;0;0;80;50;-1355;0;0;0;14;1796;32.06;741.94;0;-32;2;0;;;100;100;14;0;0;0;0;2;1;;;;
88.909637;139.978451;589;589;шўы.40;243;590;590;рту.71;512;150008;28.09.2021 0:38;28.09.2021 8:38;16;0;0.00;22.344000;88.909079;139.979043;0.00;-7.38;0.45;-8;4;-135;0;1;0;74;77;-13891;2160;22344;3047.00;93;NAVI;1;0;0;0;0;0;0;1,63279E+12;3688;3745;3712;3707;3769;3717;6;;;;;;;0;0;0;83;47;-1355;0;0;0;14;1796;33.06;743.66;0;-32;2;0;;;100;100;14;0;0;0;0;2;1;;;;
88.909638;139.978437;588;588;шўы.40;245;590;590;рту.71;512;150058;28.09.2021 0:38;28.09.2021 8:38;16;0;0.00;22.344000;88.909079;139.979043;0.00;-7.38;0.45;-8;3;-135;0;1;0;74;77;-13891;2160;22344;3047.00;93;NAVI;1;0;0;2;0;0;0;1,63279E+12;3688;3745;3712;3707;3769;3717;6;;;;;;;0;0;0;85;32;-1353;0;0;0;14;1795;33.06;749.14;0;-32;2;0;;;100;100;14;0;0;0;0;2;1;;;;
88.909638;139.978437;588;588;шўы.40;245;590;590;рту.71;512;150065;28.09.2021 0:38;28.09.2021 8:38;16;0;0.00;22.344000;88.909079;139.979043;0.00;-7.38;0.45;-8;3;-135;0;1;0;74;77;-13891;2160;22344;3047.00;93;NAVI;1;0;0;2;0;0;0;1,63279E+12;3688;3745;3712;3707;3769;3717;6;;;;;;;0;0;0;85;32;-1353;0;0;0;14;1795;33.06;749.14;0;-32;2;0;;;100;100;14;0;0;0;0;2;1;;;;
88.909638;139.978437;588;588;шўы.40;245;590;590;рту.71;512;150068;28.09.2021 0:38;28.09.2021 8:38;16;0;0.00;22.344000;88.909079;139.979043;0.00;-7.38;0.45;-8;3;-135;0;1;0;74;77;-13891;2160;22344;3047.00;93;NAVI;1;0;0;2;0;0;0;1,63279E+12;3688;3745;3712;3707;3769;3717;6;;;;;;;0;0;0;85;32;-1353;0;0;0;14;1795;33.06;749.14;0;-32;2;0;;;100;100;14;0;0;0;0;2;1;;;;
88.909638;139.978432;588;588;шўы.39;246;590;590;рту.71;512;150147;28.09.2021 0:38;28.09.2021 8:38;16;0;0.00;22.375000;88.909079;139.979043;0.00;-7.38;0.22;-8;3;-135;0;1;0;74;77;-13703;2160;22375;3047.00;93;NAVI;1;0;0;3;0;0;0;1,63279E+12;3688;3745;3712;3707;3769;3717;6;;;;;;;0;0;0;86;30;-1353;0;0;0;14;1795;33.02;751.00;0;-32;1;0;;;100;100;14;0;0;0;0;2;1;;;;
88.909638;139.978428;588;588;шўы.39;246;590;590;рту.71;512;150250;28.09.2021 0:38;28.09.2021 8:38;16;0;0.00;22.375000;88.909079;139.979043;0.00;-7.38;0.22;-8;3;-135;0;1;0;74;77;-13703;2160;22375;3047.00;93;NAVI;1;0;0;11;0;0;0;1,63279E+12;3688;3745;3712;3707;3769;3717;6;;;;;;;0;0;0;86;31;-1353;0;0;0;14;1795;33.02;752.83;0;-32;1;0;;;100;100;14;0;0;0;0;2;1;;;;
88.909638;139.978423;588;588;шўы.39;247;590;590;рту.71;512;150350;28.09.2021 0:38;28.09.2021 8:38;16;0;0.00;22.375000;88.909079;139.979043;0.00;-7.38;0.22;-8;3;-135;0;1;0;74;77;-13703;2160;22375;3047.00;93;NAVI;1;0;0;19;0;0;0;1,63279E+12;3688;3745;3712;3707;3769;3717;6;;;;;;;0;0;0;86;34;-1353;0;0;0;14;1795;33.02;754.65;0;-32;1;0;;;100;100;14;0;0;0;0;2;1;;;;
88.909638;139.978418;588;588;шўы.39;248;590;590;рту.71;512;150457;28.09.2021 0:38;28.09.2021 8:38;16;0;0.00;22.375000;88.909079;139.979043;0.00;-7.38;0.22;-8;3;-135;0;1;0;74;77;-13703;2160;22375;3047.00;93;NAVI;1;0;0;20;0;0;0;1,63279E+12;3688;3745;3712;3707;3769;3717;6;;;;;;;0;0;0;85;37;-1353;0;0;0;14;1795;33.02;756.46;0;-32;1;0;;;100;100;14;0;0;0;0;2;1;;;;
88.909638;139.978414;588;588;шўы.40;248;590;590;рту.71;512;150558;28.09.2021 0:38;28.09.2021 8:38;16;0;0.00;22.375000;88.909079;139.979043;0.00;-7.38;0.45;-8;3;-135;0;1;0;74;77;-13703;2160;22375;3047.00;93;NAVI;1;0;0;20;0;0;0;1,63279E+12;3688;3745;3712;3707;3769;3717;6;;;;;;;0;0;0;84;39;-1353;0;0;0;14;1793;33.06;758.27;0;-32;2;0;;;100;100;14;0;0;0;0;2;1;;;;
88.909638;139.978409;588;588;шўы.40;249;590;590;рту.71;512;150648;28.09.2021 0:38;28.09.2021 8:38;16;0;0.00;22.375000;88.909079;139.979043;0.00;-7.38;0.45;-8;3;-135;0;1;0;74;77;-13703;2160;22375;3047.00;93;NAVI;1;0;0;30;0;0;0;1,63279E+12;3688;3745;3712;3707;3769;3717;6;;;;;;;0;0;0;85;39;-1353;0;0;0;14;1793;33.06;760.12;0;-32;2;0;;;100;100;14;0;0;0;0;2;1;;;;
88.909638;139.978405;588;588;шўы.39;249;590;590;рту.71;512;150937;2021-09-28 00:38:24.035;2021-09-28 08:38:24.036;17;0;0.00;22.375000;88.909079;139.979043;0.00;-7.38;0.45;-8;3;-135;0;1;0;74;77;-13703;2160;22375;3047.00;93;NAVI;1;0;0;31;0;0;0;1,63279E+12;3688;3745;3712;3707;3769;3717;6;;;;;;;0;0;0;86;37;-1353;0;0;0;14;1793;33.02;761.99;0;-32;2;0;;;100;100;14;0;0;0;0;2;1;;;;
88.909638;139.978396;588;588;шўы.40;251;590;590;рту.71;512;150987;2021-09-28 00:38:24.085;2021-09-28 08:38:24.086;17;0;0.00;22.375000;88.909079;139.979043;0.00;-7.38;0.45;-8;3;-135;0;1;0;74;77;-13703;2160;22375;3047.00;93;NAVI;1;0;0;31;0;0;0;1,63279E+12;3688;3745;3712;3707;3769;3717;6;;;;;;;0;0;0;89;37;-1353;0;0;0;14;1793;33.06;765.71;0;-32;2;0;;;100;100;14;0;0;0;0;2;1;;;;
88.909638;139.978396;588;588;шўы.40;251;590;590;рту.71;512;150989;2021-09-28 00:38:24.088;2021-09-28 08:38:24.089;17;0;0.00;22.375000;88.909079;139.979043;0.00;-7.38;0.45;-8;3;-135;0;1;0;74;77;-13703;2160;22375;3047.00;93;NAVI;1;0;0;31;0;0;0;1,63279E+12;3688;3745;3712;3707;3769;3717;6;;;;;;;0;0;0;89;37;-1353;0;0;0;14;1793;33.06;765.71;0;-32;2;0;;;100;100;14;0;0;0;0;2;1;;;;
88.909638;139.978391;588;588;шўы.40;251;590;590;рту.71;512;151069;28.09.2021 0:38;28.09.2021 8:38;17;0;0.00;22.375000;88.909079;139.979043;0.00;-7.38;0.45;-9;4;-135;0;1;0;74;77;-13703;2160;22375;3047.00;93;NAVI;1;0;0;30;0;0;0;1,63279E+12;3688;3745;3712;3707;3769;3717;6;;;;;;;0;0;0;90;40;-1351;0;0;0;14;1793;33.06;767.59;0;-32;2;0;;;100;100;14;0;0;0;0;2;1;;;;
88.909638;139.978386;588;588;шўы.39;252;590;590;рту.71;512;151170;28.09.2021 0:38;28.09.2021 8:38;17;0;0.00;22.399000;88.909079;139.979043;0.00;-7.38;0.22;-9;4;-135;0;1;0;74;77;-13384;2131;22399;3047.00;93;NAVI;1;0;0;29;0;0;0;1,63279E+12;3688;3745;3712;3707;3769;3717;6;;;;;;;0;0;0;90;42;-1351;0;0;0;14;1793;33.02;769.47;0;-32;1;0;;;100;100;14;0;0;0;0;2;1;;;;
88.909638;139.978382;588;588;шўы.40;253;590;590;рту.71;512;151273;28.09.2021 0:38;28.09.2021 8:38;17;0;0.00;22.399000;88.909079;139.979043;0.00;-7.38;0.45;-9;4;-135;0;1;0;74;77;-13384;2131;22399;3047.00;93;NAVI;1;0;0;28;0;0;0;1,63279E+12;3688;3745;3712;3707;3769;3717;6;;;;;;;0;0;0;91;42;-1351;0;0;0;14;1793;33.06;771.34;0;-32;2;0;;;100;100;14;0;0;0;0;2;1;;;;
88.909638;139.978377;587;587;шўы.40;253;590;590;рту.71;512;151358;28.09.2021 0:38;28.09.2021 8:38;17;0;0.00;22.399000;88.909079;139.979043;0.00;-7.38;0.45;-8;4;-135;0;1;0;74;77;-13384;2131;22399;3047.00;93;NAVI;1;0;0;20;0;0;0;1,63279E+12;3688;3745;3712;3707;3769;3717;6;;;;;;;0;0;0;89;42;-1351;0;0;0;14;1791;33.06;773.23;0;-32;2;0;;;100;100;14;0;0;0;0;2;1;;;;
88.909638;139.978373;587;587;шўы.40;254;590;590;рту.71;512;151467;28.09.2021 0:38;28.09.2021 8:38;17;0;0.00;22.399000;88.909079;139.979043;0.00;-7.38;0.45;-8;4;-135;0;1;0;74;77;-13384;2131;22399;3047.00;93;NAVI;1;0;0;18;0;0;0;1,63279E+12;3688;3745;3712;3707;3769;3717;6;;;;;;;0;0;0;85;42;-1351;0;0;0;14;1791;33.06;775.13;0;-32;2;0;;;100;100;14;0;0;0;0;2;1;;;;
88.909638;139.978368;587;587;шўы.40;254;590;590;рту.71;512;151578;28.09.2021 0:38;28.09.2021 8:38;17;0;0.00;22.399000;88.909079;139.979043;0.00;-7.38;0.45;-8;4;-135;0;1;0;74;77;-13384;2131;22399;3047.00;93;NAVI;1;0;0;14;0;0;0;1,63279E+12;3688;3745;3712;3707;3769;3717;6;;;;;;;0;0;0;84;40;-1353;0;0;0;14;1791;33.06;777.05;0;-32;2;0;;;100;100;14;0;0;0;0;2;1;;;;
88.909638;139.978363;587;587;шўы.40;255;590;590;рту.71;512;151668;28.09.2021 0:38;28.09.2021 8:38;17;0;0.00;22.399000;88.909079;139.979043;0.00;-7.38;0.45;-8;3;-135;0;1;0;74;77;-13384;2131;22399;3047.00;93;NAVI;1;0;0;10;0;0;0;1,63279E+12;3688;3745;3712;3707;3769;3717;6;;;;;;;0;0;0;85;39;-1353;0;0;0;14;1791;33.06;778.99;0;-32;2;0;;;100;100;14;0;0;0;0;2;1;;;;
88.909638;139.978359;587;587;шўы.40;256;590;590;рту.71;512;151970;2021-09-28 00:38:25.068;2021-09-28 08:38:25.068;17;0;0.00;22.399000;88.909079;139.979043;0.00;-7.38;0.22;-8;3;-135;0;1;0;74;77;-13384;2131;22399;3047.00;93;NAVI;1;0;0;0;0;0;0;1,63279E+12;3688;3745;3712;3707;3769;3717;6;;;;;;;0;0;0;88;37;-1353;0;0;0;14;1791;33.06;780.96;0;-32;1;0;;;100;100;14;0;0;0;0;2;1;;;;
88.909638;139.978349;587;587;шўы.39;257;590;590;рту.71;512;152008;28.09.2021 0:38;28.09.2021 8:38;17;0;0.00;22.399000;88.909079;139.979043;0.00;-7.38;0.22;-9;3;-135;0;1;0;74;77;-13384;2131;22399;3047.00;93;NAVI;1;0;0;0;0;0;0;1,63279E+12;3688;3745;3712;3707;3769;3717;6;;;;;;;0;0;0;90;32;-1353;0;0;0;14;1791;33.02;784.97;0;-32;1;0;;;100;100;14;0;0;0;0;2;1;;;;
88.909638;139.978349;587;587;шўы.39;257;590;590;рту.71;512;152010;28.09.2021 0:38;28.09.2021 8:38;17;0;0.00;22.399000;88.909079;139.979043;0.00;-7.38;0.22;-9;3;-135;0;1;0;74;77;-13384;2131;22399;3047.00;93;NAVI;1;0;0;0;0;0;0;1,63279E+12;3688;3745;3712;3707;3769;3717;6;;;;;;;0;0;0;90;32;-1353;0;0;0;14;1791;33.02;784.97;0;-32;1;0;;;100;100;14;0;0;0;0;2;1;;;;
88.909638;139.978345;587;587;шўы.40;258;590;590;рту.71;512;152100;28.09.2021 0:38;28.09.2021 8:38;17;0;0.00;22.399000;88.909079;139.979043;0.00;-7.38;0.45;-9;3;-135;0;1;0;74;77;-13384;2131;22399;3047.00;93;NAVI;1;0;0;0;0;0;0;1,63279E+12;3688;3745;3712;3707;3769;3717;6;;;;;;;0;0;0;91;32;-1353;0;0;0;14;1791;33.06;786.99;0;-32;2;0;;;100;100;14;0;0;0;0;2;1;;;;
88.909638;139.978340;587;587;шўы.40;258;590;590;рту.71;512;152188;28.09.2021 0:38;28.09.2021 8:38;17;0;0.00;22.392000;88.909079;139.979043;0.00;-7.38;0.45;-9;3;-135;0;1;0;73;77;-13590;2131;22392;3047.00;93;NAVI;1;0;0;0;0;0;0;1,63279E+12;3688;3745;3712;3707;3769;3717;6;;;;;;;0;0;0;94;31;-1353;0;0;0;14;1790;33.06;789.00;0;-32;2;0;;;100;100;14;0;0;0;0;2;1;;;;
88.909638;139.978335;587;587;шўы.41;259;590;590;рту.71;512;152288;28.09.2021 0:38;28.09.2021 8:38;17;0;0.00;22.392000;88.909079;139.979043;0.00;-7.38;0.67;-9;3;-135;0;1;0;73;77;-13590;2131;22392;3047.00;93;NAVI;1;0;0;0;0;0;0;1,63279E+12;3688;3745;3712;3707;3769;3717;6;;;;;;;0;0;0;93;30;-1351;0;0;0;14;1790;33.14;790.98;0;-32;3;0;;;100;100;14;0;0;0;0;2;1;;;;
88.909638;139.978331;586;586;шўы.41;260;590;590;рту.71;512;152398;28.09.2021 0:38;28.09.2021 8:38;17;0;0.00;22.392000;88.909079;139.979043;0.00;-7.38;0.67;-9;3;-135;0;1;0;73;77;-13590;2131;22392;3047.00;93;NAVI;1;0;0;0;0;0;0;1,63279E+12;3688;3745;3712;3707;3769;3717;6;;;;;;;0;0;0;90;30;-1351;0;0;0;14;1788;33.14;792.96;0;-32;3;0;;;100;100;14;0;0;0;0;2;1;;;;
88.909638;139.978326;586;586;шўы.41;260;590;590;рту.71;512;152487;28.09.2021 0:38;28.09.2021 8:38;17;0;0.00;22.392000;88.909079;139.979043;0.00;-7.38;0.67;-8;2;-135;0;1;0;73;77;-13590;2131;22392;3047.00;93;NAVI;1;0;0;0;0;0;0;1,63279E+12;3688;3745;3712;3707;3769;3717;6;;;;;;;0;0;0;88;28;-1351;0;0;0;14;1788;33.14;794.93;0;-32;3;0;;;100;100;14;0;0;0;0;2;1;;;;
88.909638;139.978322;586;586;шўы.41;261;590;590;рту.71;512;152597;28.09.2021 0:38;28.09.2021 8:38;17;0;0.00;22.392000;88.909079;139.979043;0.00;-7.38;0.67;-8;2;-135;0;1;0;73;77;-13590;2131;22392;3047.00;93;NAVI;1;0;0;0;0;0;0;1,63279E+12;3688;3745;3712;3707;3769;3717;6;;;;;;;0;0;0;88;27;-1353;0;0;0;14;1788;33.14;796.91;0;-32;3;0;;;100;100;14;0;0;0;0;2;1;;;;
88.909638;139.978317;586;586;шўы.44;262;590;590;рту.71;512;152700;28.09.2021 0:38;28.09.2021 8:38;17;0;0.00;22.392000;88.909079;139.979043;0.00;-7.38;0.89;-8;3;-135;0;1;0;73;77;-13590;2131;22392;3047.00;93;NAVI;1;0;0;0;0;0;0;1,63279E+12;3688;3745;3712;3707;3769;3717;6;;;;;;;0;0;0;88;30;-1353;0;0;0;14;1788;33.24;798.90;0;-32;4;0;;;100;100;14;0;0;0;0;2;1;;;;
88.909638;139.978312;586;586;шўы.19;262;590;590;рту.71;512;152960;2021-09-28 00:38:26.058;2021-09-28 08:38:26.058;17;0;0.00;22.392000;88.909079;139.979043;0.00;-7.16;0.67;-8;3;-135;0;1;0;73;77;-13590;2131;22392;3047.00;93;NAVI;1;0;0;0;0;0;0;1,63279E+12;3688;3745;3712;3707;3769;3717;6;;;;;;;0;0;0;86;34;-1354;0;0;0;14;1786;32.14;800.87;0;-32;3;0;;;100;100;14;0;0;0;0;2;1;;;;
88.909638;139.978303;586;586;шўы.19;264;590;590;рту.71;512;153008;28.09.2021 0:38;28.09.2021 8:38;17;0;0.00;22.392000;88.909079;139.979043;0.00;-7.38;0.67;-8;3;-135;0;1;0;73;77;-13590;2131;22392;3047.00;93;NAVI;1;0;0;0;0;0;0;1,63279E+12;3688;3745;3712;3707;3769;3717;6;;;;;;;0;0;0;88;36;-1354;0;0;0;14;1786;32.14;804.79;0;-32;3;0;;;100;100;14;0;0;0;0;2;1;;;;
88.909638;139.978299;585;585;шўы.41;264;590;590;рту.71;512;153070;28.09.2021 0:38;28.09.2021 8:38;17;0;0.00;22.392000;88.909079;139.979043;0.00;-7.38;0.67;-8;3;-135;0;1;0;73;77;-13590;2131;22392;3047.00;93;NAVI;1;0;0;0;0;0;0;1,63279E+12;3688;3745;3712;3707;3769;3717;6;;;;;;;0;0;0;89;34;-1354;0;0;0;14;1786;33.14;806.81;0;-32;3;0;;;100;100;14;0;0;0;0;2;1;;;;
88.909638;139.978299;585;585;шўы.41;264;590;590;рту.71;512;153073;28.09.2021 0:38;28.09.2021 8:38;17;0;0.00;22.392000;88.909079;139.979043;0.00;-7.38;0.67;-8;3;-135;0;1;0;73;77;-13590;2131;22392;3047.00;93;NAVI;1;0;0;0;0;0;0;1,63279E+12;3688;3745;3712;3707;3769;3717;6;;;;;;;0;0;0;89;34;-1354;0;0;0;14;1786;33.14;806.81;0;-32;3;0;;;100;100;14;0;0;0;0;2;1;;;;
88.909638;139.978294;585;585;шўы.41;265;590;590;рту.71;512;153227;28.09.2021 0:38;28.09.2021 8:38;17;0;0.00;22.375000;88.909079;139.979043;0.00;-7.38;0.67;-8;3;-135;0;1;0;73;77;-13705;2131;22375;3047.00;93;NAVI;1;0;0;0;0;0;0;1,63279E+12;3688;3745;3712;3707;3769;3717;6;;;;;;;0;0;0;89;32;-1354;0;0;0;14;1786;33.14;808.83;0;-32;3;0;;;100;100;14;0;0;0;0;2;1;;;;
88.909638;139.978289;585;585;шўы.19;266;590;590;рту.71;512;153317;28.09.2021 0:38;28.09.2021 8:38;17;0;0.00;22.375000;88.909079;139.979043;0.00;-7.16;0.67;-8;3;-135;0;1;0;73;77;-13705;2131;22375;3047.00;93;NAVI;1;0;0;0;0;0;0;1,63279E+12;3688;3745;3712;3707;3769;3717;6;;;;;;;0;0;0;88;32;-1353;0;0;0;14;1785;32.14;810.83;0;-32;3;0;;;100;100;14;0;0;0;0;2;1;;;;
88.909638;139.978285;585;585;шўы.19;266;590;590;рту.71;512;153348;28.09.2021 0:38;28.09.2021 8:38;17;0;0.00;22.375000;88.909079;139.979043;0.00;-7.16;0.67;-8;3;-135;0;1;0;73;77;-13705;2131;22375;3047.00;93;NAVI;1;0;0;0;0;0;0;1,63279E+12;3688;3745;3712;3707;3769;3717;6;;;;;;;0;0;0;88;32;-1353;0;0;0;14;1785;32.14;812.82;0;-32;3;0;;;100;100;14;0;0;0;0;2;1;;;;
88.909638;139.978280;585;585;шўы.21;267;590;590;рту.71;512;153418;28.09.2021 0:38;28.09.2021 8:38;17;0;0.00;22.375000;88.909079;139.979043;0.00;-7.16;0.89;-8;3;-135;0;1;0;73;77;-13705;2131;22375;3047.00;93;NAVI;1;0;0;0;0;0;0;1,63279E+12;3688;3745;3712;3707;3769;3717;6;;;;;;;0;0;0;85;37;-1353;0;0;0;14;1783;32.25;814.76;0;-32;4;0;;;100;100;14;0;0;0;0;2;1;;;;
88.909638;139.978276;585;585;шўы.21;267;590;590;рту.71;512;153527;28.09.2021 0:38;28.09.2021 8:38;16;0;0.00;22.375000;88.909079;139.979043;0.00;-7.16;0.89;-8;4;-135;0;1;0;73;77;-13705;2131;22375;3047.00;93;NAVI;1;0;0;0;0;0;0;1,63279E+12;3688;3745;3712;3707;3769;3717;6;;;;;;;0;0;0;80;45;-1353;0;0;0;14;1783;32.25;816.69;0;-32;4;0;;;100;100;14;0;0;0;0;2;1;;;;
88.909638;139.978271;585;585;шўы.19;268;590;590;рту.71;512;153621;28.09.2021 0:38;28.09.2021 8:38;16;0;0.00;22.375000;88.909079;139.979043;0.00;-7.16;0.67;-7;5;-135;0;1;0;73;77;-13705;2131;22375;3047.00;93;NAVI;1;0;0;0;0;0;0;1,63279E+12;3688;3745;3712;3707;3769;3717;6;;;;;;;0;0;0;78;50;-1353;0;0;0;14;1783;32.14;818.65;0;-32;3;0;;;100;100;14;0;0;0;0;2;1;;;;
88.909638;139.978266;584;584;шўы.19;269;590;590;рту.71;512;153735;28.09.2021 0:38;28.09.2021 8:38;16;0;0.00;22.375000;88.909079;139.979043;0.00;-7.16;0.67;-7;5;-135;0;1;0;73;77;-13705;2131;22375;3047.00;93;NAVI;1;0;0;0;0;0;0;1,63279E+12;3688;3745;3712;3707;3769;3717;6;;;;;;;0;0;0;78;50;-1353;0;0;0;14;1783;32.14;820.63;0;-32;3;0;;;100;100;14;0;0;0;0;2;1;;;;
88.909638;139.978262;584;584;шўы.19;269;590;590;рту.71;512;154018;28.09.2021 0:38;28.09.2021 8:38;16;0;0.00;22.375000;88.909079;139.979043;0.00;-7.38;0.67;-8;4;-135;0;1;0;73;77;-13705;2131;22375;3047.00;93;NAVI;1;0;0;0;0;0;0;1,63279E+12;3688;3745;3712;3707;3769;3717;6;;;;;;;0;0;0;80;47;-1353;0;0;0;14;1783;32.14;822.65;0;-32;3;0;;;100;100;14;0;0;0;0;2;1;;;;
88.909638;139.978252;584;584;шўы.41;271;590;590;рту.71;512;154057;28.09.2021 0:38;28.09.2021 8:38;16;0;0.00;22.375000;88.909079;139.979043;0.00;-7.38;0.67;-8;3;-135;0;1;0;73;77;-13705;2131;22375;3047.00;93;NAVI;1;0;0;0;0;0;0;1,63279E+12;3688;3745;3712;3707;3769;3717;6;;;;;;;0;0;0;80;39;-1353;0;0;0;14;1781;33.14;826.86;0;-32;3;0;;;100;100;14;0;0;0;0;2;1;;;;
88.909638;139.978252;584;584;шўы.41;271;590;590;рту.71;512;154060;28.09.2021 0:38;28.09.2021 8:38;16;0;0.00;22.375000;88.909079;139.979043;0.00;-7.38;0.67;-8;3;-135;0;1;0;73;77;-13705;2131;22375;3047.00;93;NAVI;1;0;0;0;0;0;0;1,63279E+12;3688;3745;3712;3707;3769;3717;6;;;;;;;0;0;0;80;39;-1353;0;0;0;14;1781;33.14;826.86;0;-32;3;0;;;100;100;14;0;0;0;0;2;1;;;;
88.909638;139.978248;584;584;шўы.41;271;590;590;рту.71;512;154127;28.09.2021 0:38;28.09.2021 8:38;16;0;0.00;22.403000;88.909079;139.979043;0.00;-7.38;0.67;-8;3;-135;0;1;0;73;77;-13357;2131;22403;3047.00;93;NAVI;1;0;0;0;0;0;0;1,63279E+12;3688;3745;3712;3707;3769;3717;6;;;;;;;0;0;0;80;35;-1353;0;0;0;14;1781;33.14;829.01;0;-32;3;0;;;100;100;14;0;0;0;0;2;1;;;;
88.909638;139.978243;584;584;шўы.41;272;590;590;рту.71;512;154239;28.09.2021 0:38;28.09.2021 8:38;16;0;0.00;22.403000;88.909079;139.979043;0.00;-7.38;0.67;-8;3;-135;0;1;0;73;77;-13357;2131;22403;3047.00;93;NAVI;1;0;0;0;0;0;0;1,63279E+12;3688;3745;3712;3707;3769;3717;6;;;;;;;0;0;0;80;35;-1351;0;0;0;14;1781;33.14;831.14;0;-32;3;0;;;100;100;14;0;0;0;0;2;1;;;;
88.909638;139.978238;584;584;шўы.41;273;590;590;рту.71;512;154348;28.09.2021 0:38;28.09.2021 8:38;16;0;0.00;22.403000;88.909079;139.979043;0.00;-7.38;0.67;-8;3;-135;0;1;0;73;77;-13357;2131;22403;3047.00;93;NAVI;1;0;0;0;0;0;0;1,63279E+12;3688;3745;3712;3707;3769;3717;6;;;;;;;0;0;0;83;32;-1351;0;0;0;14;1781;33.14;833.28;0;-32;3;0;;;100;100;14;0;0;0;0;2;1;;;;
88.909638;139.978234;583;583;шўы.41;274;590;590;рту.71;512;154437;28.09.2021 0:38;28.09.2021 8:38;16;0;0.00;22.403000;88.909079;139.979043;0.00;-7.38;0.67;-8;3;-135;0;1;0;73;77;-13357;2131;22403;3047.00;93;NAVI;1;0;0;0;0;0;0;1,63279E+12;3688;3745;3712;3707;3769;3717;6;;;;;;;0;0;0;83;32;-1351;0;0;0;14;1780;33.14;835.38;0;-32;3;0;;;100;100;14;0;0;0;0;2;1;;;;
88.909638;139.978229;583;583;шўы.19;274;590;590;рту.71;512;154547;28.09.2021 0:38;28.09.2021 8:38;16;0;0.00;22.403000;88.909079;139.979043;0.00;-7.16;0.67;-8;3;-135;0;1;0;73;77;-13357;2131;22403;3047.00;93;NAVI;1;0;0;0;0;0;0;1,63279E+12;3688;3745;3712;3707;3769;3717;6;;;;;;;0;0;0;80;37;-1351;0;0;0;14;1780;32.14;837.47;0;-32;3;0;;;100;100;14;0;0;0;0;2;1;;;;
88.909638;139.978225;583;583;шўы.19;275;590;590;рту.71;512;154647;28.09.2021 0:38;28.09.2021 8:38;16;0;0.00;22.403000;88.909079;139.979043;0.00;-7.16;0.67;-8;4;-135;0;1;0;73;77;-13357;2131;22403;3047.00;93;NAVI;1;0;0;0;0;0;0;1,63279E+12;3688;3745;3712;3707;3769;3717;6;;;;;;;0;0;0;80;40;-1351;0;0;0;14;1780;32.14;839.62;0;-32;3;0;;;100;100;14;0;0;0;0;2;1;;;;
88.909638;139.978220;583;583;шўы.19;276;590;590;рту.71;512;154757;28.09.2021 0:38;28.09.2021 8:38;16;0;0.00;22.403000;88.909079;139.979043;0.00;-7.16;0.67;-8;4;-135;0;1;0;73;77;-13357;2131;22403;3047.00;93;NAVI;1;0;0;0;0;0;0;1,63279E+12;3688;3745;3712;3707;3769;3717;6;;;;;;;0;0;0;80;42;-1351;0;0;0;14;1778;32.14;841.76;0;-32;3;0;;;100;100;14;0;0;0;0;2;1;;;;
88.909638;139.978215;583;583;шўы.41;276;590;590;рту.71;512;155120;28.09.2021 0:38;28.09.2021 8:38;16;0;0.00;22.403000;88.909079;139.979043;0.00;-7.16;0.67;-8;3;-135;0;1;0;73;77;-13357;2131;22403;3047.00;93;NAVI;1;0;0;0;0;0;0;1,63279E+12;3688;3745;3712;3707;3769;3717;6;;;;;;;0;0;0;81;39;-1351;0;0;0;14;1778;33.14;843.89;0;-32;3;0;;;100;100;14;0;0;0;0;2;1;;;;
88.909638;139.978202;583;583;шўы.21;278;590;590;рту.71;512;155167;28.09.2021 0:38;28.09.2021 8:38;16;0;0.00;22.389999;88.909079;139.979043;0.00;-7.16;0.89;-8;3;-135;0;1;0;73;77;-13514;2131;22390;3049.00;93;NAVI;1;0;0;0;0;0;0;1,63279E+12;3688;3745;3712;3707;3769;3717;6;;;;;;;0;0;0;81;37;-1351;0;0;0;14;1778;32.25;850.39;0;-32;4;0;;;100;100;14;0;0;0;0;2;1;;;;
88.909638;139.978202;583;583;шўы.21;278;590;590;рту.71;512;155170;28.09.2021 0:38;28.09.2021 8:38;16;0;0.00;22.389999;88.909079;139.979043;0.00;-7.16;0.89;-8;3;-135;0;1;0;73;77;-13514;2131;22390;3049.00;93;NAVI;1;0;0;0;0;0;0;1,63279E+12;3688;3745;3712;3707;3769;3717;6;;;;;;;0;0;0;81;37;-1351;0;0;0;14;1778;32.25;850.39;0;-32;4;0;;;100;100;14;0;0;0;0;2;1;;;;
88.909638;139.978202;583;583;шўы.21;278;590;590;рту.71;512;155174;28.09.2021 0:38;28.09.2021 8:38;16;0;0.00;22.389999;88.909079;139.979043;0.00;-7.16;0.89;-8;3;-135;0;1;0;73;77;-13514;2131;22390;3049.00;93;NAVI;1;0;0;0;0;0;0;1,63279E+12;3688;3745;3712;3707;3769;3717;6;;;;;;;0;0;0;81;37;-1351;0;0;0;14;1778;32.25;850.39;0;-32;4;0;;;100;100;14;0;0;0;0;2;1;;;;
88.909638;139.978197;582;582;шўы.21;279;590;590;рту.71;512;155257;28.09.2021 0:38;28.09.2021 8:38;16;0;0.00;22.389999;88.909079;139.979043;0.00;-7.16;0.89;-8;3;-135;0;1;0;73;77;-13514;2131;22390;3049.00;93;NAVI;1;0;0;0;0;0;0;1,63279E+12;3688;3745;3712;3707;3769;3717;6;;;;;;;0;0;0;84;36;-1351;0;0;0;14;1776;32.25;852.59;0;-32;4;0;;;100;100;14;0;0;0;0;2;1;;;;
88.909638;139.978192;582;582;шўы.21;280;590;590;рту.71;512;155370;28.09.2021 0:38;28.09.2021 8:38;16;0;0.00;22.389999;88.909079;139.979043;0.00;-7.16;0.89;-8;3;-135;0;1;0;73;77;-13514;2131;22390;3049.00;93;NAVI;1;0;0;0;0;0;0;1,63279E+12;3688;3745;3712;3707;3769;3717;6;;;;;;;0;0;0;85;34;-1353;0;0;0;14;1776;32.25;854.81;0;-32;4;0;;;100;100;14;0;0;0;0;2;1;;;;
88.909638;139.978188;582;582;шўы.19;281;590;590;рту.71;512;155458;28.09.2021 0:38;28.09.2021 8:38;16;0;0.00;22.389999;88.909079;139.979043;0.00;-7.16;0.67;-8;3;-135;0;1;0;73;77;-13514;2131;22390;3049.00;93;NAVI;1;0;0;0;0;0;0;1,63279E+12;3688;3745;3712;3707;3769;3717;6;;;;;;;0;0;0;89;32;-1353;0;0;0;14;1776;32.14;857.07;0;-32;3;0;;;100;100;14;0;0;0;0;2;1;;;;
88.909638;139.978183;582;582;шўы.19;281;590;590;рту.71;512;155557;28.09.2021 0:38;28.09.2021 8:38;16;0;0.00;22.389999;88.909079;139.979043;0.00;-7.16;0.67;-9;3;-135;0;1;0;73;77;-13514;2131;22390;3049.00;93;NAVI;1;0;0;0;0;0;0;1,63279E+12;3688;3745;3712;3707;3769;3717;6;;;;;;;0;0;0;91;31;-1353;0;0;0;14;1776;32.14;859.30;0;-32;3;0;;;100;100;14;0;0;0;0;2;1;;;;
88.909638;139.978179;582;582;шўы.21;282;590;590;рту.71;512;155680;28.09.2021 0:38;28.09.2021 8:38;16;0;0.00;22.389999;88.909079;139.979043;0.00;-7.16;0.89;-9;3;-135;0;1;0;73;77;-13514;2131;22390;3049.00;93;NAVI;1;0;0;0;0;0;0;1,63279E+12;3688;3745;3712;3707;3769;3717;6;;;;;;;0;0;0;90;32;-1354;0;0;0;14;1775;32.25;861.47;0;-32;4;0;;;100;100;14;0;0;0;0;2;1;;;;
88.909638;139.978174;582;582;шўы.21;283;590;590;рту.71;512;155771;28.09.2021 0:38;28.09.2021 8:38;16;0;0.00;22.389999;88.909079;139.979043;0.00;-7.16;0.89;-8;3;-135;0;1;0;73;77;-13514;2131;22390;3049.00;93;NAVI;1;0;0;0;0;0;0;1,63279E+12;3688;3745;3712;3707;3769;3717;6;;;;;;;0;0;0;85;32;-1354;0;0;0;14;1775;32.25;863.64;0;-32;4;0;;;100;100;14;0;0;0;0;2;1;;;;
88.909638;139.978170;582;582;шўы.21;284;590;590;рту.71;512;156058;28.09.2021 0:38;28.09.2021 8:38;16;0;0.00;22.389999;88.909079;139.979043;0.00;-7.16;01.фхъ;-8;3;-135;0;1;0;73;77;-13514;2131;22390;3049.00;93;NAVI;1;0;0;0;0;0;0;1,63279E+12;3688;3745;3712;3707;3769;3717;6;;;;;;;0;0;0;81;32;-1354;0;0;0;14;1773;32.25;865.84;0;-32;5;0;;;100;100;14;0;0;0;0;2;1;;;;
88.909638;139.978161;581;581;шўы.25;285;590;590;рту.71;512;156100;28.09.2021 0:38;28.09.2021 8:38;16;0;0.00;22.389999;88.909079;139.979043;0.00;-7.16;01.фхъ;-7;3;-135;0;1;0;73;77;-13514;2131;22390;3049.00;93;NAVI;1;0;0;0;0;0;0;1,63279E+12;3688;3745;3712;3707;3769;3717;6;;;;;;;0;0;0;79;35;-1354;0;0;0;14;1773;32.39;870.23;0;-32;5;0;;;100;100;14;0;0;0;0;2;1;;;;
88.909638;139.978161;581;581;шўы.25;285;590;590;рту.71;512;156102;28.09.2021 0:38;28.09.2021 8:38;16;0;0.00;22.389999;88.909079;139.979043;0.00;-7.16;01.фхъ;-7;3;-135;0;1;0;73;77;-13514;2131;22390;3049.00;93;NAVI;1;0;0;0;0;0;0;1,63279E+12;3688;3745;3712;3707;3769;3717;6;;;;;;;0;0;0;79;35;-1354;0;0;0;14;1773;32.39;870.23;0;-32;5;0;;;100;100;14;0;0;0;0;2;1;;;;
88.909638;139.978156;581;581;шўы.21;286;590;590;рту.71;512;156187;28.09.2021 0:38;28.09.2021 8:38;16;0;0.00;22.420000;88.909079;139.979043;0.00;-7.16;0.89;-8;3;-135;0;1;0;73;77;-13328;2131;22420;3049.00;93;NAVI;1;0;0;0;0;0;0;1,63279E+12;3688;3745;3712;3707;3769;3717;6;;;;;;;0;0;0;80;35;-1354;0;0;0;14;1771;32.25;872.41;0;-32;4;0;;;100;100;14;0;0;0;0;2;1;;;;
88.909638;139.978152;581;581;шўы.25;286;590;590;рту.71;512;156362;28.09.2021 0:38;28.09.2021 8:38;16;0;0.00;22.420000;88.909079;139.979043;0.00;-7.16;01.фхъ;-8;3;-135;0;1;0;73;77;-13328;2131;22420;3049.00;93;NAVI;1;0;0;0;0;0;0;1,63279E+12;3688;3745;3712;3707;3769;3717;6;;;;;;;0;0;0;81;36;-1353;0;0;0;14;1771;32.39;874.58;0;-32;5;0;;;100;100;14;0;0;0;0;2;1;;;;
88.909638;139.978147;581;581;шўы.25;287;590;590;рту.71;512;156429;28.09.2021 0:38;28.09.2021 8:38;16;0;0.00;22.420000;88.909079;139.979043;0.00;-7.16;01.фхъ;-8;3;-135;0;1;0;73;77;-13328;2131;22420;3049.00;93;NAVI;1;0;0;0;0;0;0;1,63279E+12;3688;3745;3712;3707;3769;3717;6;;;;;;;0;0;0;84;37;-1353;0;0;0;14;1771;32.39;876.76;0;-32;5;0;;;100;100;14;0;0;0;0;2;1;;;;
88.909638;139.978143;581;581;шўы.25;288;590;590;рту.71;512;156488;28.09.2021 0:38;28.09.2021 8:38;16;0;0.00;22.420000;88.909079;139.979043;0.00;-7.16;01.фхъ;-8;3;-135;0;1;0;73;77;-13328;2131;22420;3049.00;93;NAVI;1;0;0;0;0;0;0;1,63279E+12;3688;3745;3712;3707;3769;3717;6;;;;;;;0;0;0;85;37;-1353;0;0;0;14;1771;32.39;878.98;0;-32;5;0;;;100;100;14;0;0;0;0;2;1;;;;
88.909638;139.978138;580;580;шўы.25;289;590;590;рту.71;512;156672;28.09.2021 0:38;28.09.2021 8:38;16;0;0.00;22.420000;88.909079;139.979043;0.00;-7.16;01.фхъ;-8;3;-135;0;1;0;73;77;-13328;2131;22420;3049.00;93;NAVI;1;0;0;7;0;0;0;1,63279E+12;3688;3745;3712;3707;3769;3717;6;;;;;;;0;0;0;85;39;-1353;0;0;0;14;1770;32.39;881.21;0;-32;5;0;;;100;100;14;0;0;0;0;2;1;;;;
88.909638;139.978134;580;580;шўы.25;289;590;590;рту.71;512;156705;28.09.2021 0:38;28.09.2021 8:38;16;0;0.00;22.420000;88.909079;139.979043;0.00;-7.16;01.фхъ;-8;3;-135;0;1;0;73;77;-13328;2131;22420;3049.00;93;NAVI;1;0;0;7;0;0;0;1,63279E+12;3688;3745;3712;3707;3769;3717;6;;;;;;;0;0;0;84;39;-1353;0;0;0;14;1768;32.39;883.46;0;-32;5;0;;;100;100;14;0;0;0;0;2;1;;;;
88.909638;139.978129;580;580;шўы.25;290;590;590;рту.71;512;156917;2021-09-28 00:38:30.015;2021-09-28 08:38:30.016;16;0;0.00;22.420000;88.909079;139.979043;0.00;-7.16;01.фхъ;-8;3;-135;0;1;0;73;77;-13328;2131;22420;3049.00;93;NAVI;1;0;0;1;0;0;0;1,63279E+12;3688;3745;3712;3707;3769;3717;6;;;;;;;0;0;0;85;37;-1353;0;0;0;14;1768;32.39;885.72;0;-32;5;0;;;100;100;14;0;0;0;0;2;1;;;;
88.909638;139.978125;580;580;шўы.25;291;590;590;рту.71;512;157069;28.09.2021 0:38;28.09.2021 8:38;17;0;0.00;22.420000;88.909079;139.979043;0.00;-7.16;01.фхъ;-8;3;-135;0;1;0;73;77;-13328;2131;22420;3049.00;93;NAVI;1;0;0;0;0;0;0;1,63279E+12;3688;3745;3712;3707;3769;3717;6;;;;;;;0;0;0;84;36;-1351;0;0;0;14;1768;32.39;887.95;0;-32;5;0;;;100;100;14;0;0;0;0;2;1;;;;
88.909638;139.978120;579;579;шўы.25;292;590;590;рту.71;512;157102;28.09.2021 0:38;28.09.2021 8:38;17;0;0.00;22.420000;88.909079;139.979043;0.00;-7.16;01.фхъ;-8;3;-135;0;1;0;73;77;-13328;2131;22420;3049.00;93;NAVI;1;0;0;0;0;0;0;1,63279E+12;3688;3745;3712;3707;3769;3717;6;;;;;;;0;0;0;84;34;-1351;0;0;0;14;1766;32.39;890.18;0;-32;5;0;;;100;100;14;0;0;0;0;2;1;;;;
88.909638;139.978111;579;579;шўы.25;293;590;590;рту.71;512;157208;28.09.2021 0:38;28.09.2021 8:38;17;0;0.00;22.382999;88.909079;139.979043;0.00;-7.16;01.фхъ;-8;3;-135;0;1;0;73;77;-12891;2131;22383;3049.00;93;NAVI;1;0;0;0;0;0;0;1,63279E+12;3688;3745;3712;3707;3769;3717;6;;;;;;;0;0;0;86;32;-1350;0;0;0;14;1766;32.39;894.69;0;-32;5;0;;;100;100;14;0;0;0;0;2;1;;;;
88.909638;139.978107;579;579;шўы.25;294;590;590;рту.71;512;157257;28.09.2021 0:38;28.09.2021 8:38;17;0;0.00;22.382999;88.909079;139.979043;0.00;-7.16;01.фхъ;-8;3;-135;0;1;0;73;77;-12891;2131;22383;3049.00;93;NAVI;1;0;0;0;0;0;0;1,63279E+12;3688;3745;3712;3707;3769;3717;6;;;;;;;0;0;0;86;36;-1350;0;0;0;14;1765;32.39;896.96;0;-32;5;0;;;100;100;14;0;0;0;0;2;1;;;;
88.909638;139.978107;579;579;шўы.25;294;590;590;рту.71;512;157261;28.09.2021 0:38;28.09.2021 8:38;17;0;0.00;22.382999;88.909079;139.979043;0.00;-7.16;01.фхъ;-8;3;-135;0;1;0;73;77;-12891;2131;22383;3049.00;93;NAVI;1;0;0;0;0;0;0;1,63279E+12;3688;3745;3712;3707;3769;3717;6;;;;;;;0;0;0;86;36;-1350;0;0;0;14;1765;32.39;896.96;0;-32;5;0;;;100;100;14;0;0;0;0;2;1;;;;
88.909638;139.978102;579;579;шўы.25;295;590;590;рту.71;512;157317;28.09.2021 0:38;28.09.2021 8:38;17;0;0.00;22.382999;88.909079;139.979043;0.00;-7.16;01.фхъ;-8;3;-135;0;1;0;73;77;-12891;2131;22383;3049.00;93;NAVI;1;0;0;0;0;0;0;1,63279E+12;3688;3745;3712;3707;3769;3717;6;;;;;;;0;0;0;88;36;-1351;0;0;0;14;1765;32.39;899.21;0;-32;5;0;;;100;100;14;0;0;0;0;2;1;;;;
88.909638;139.978098;578;578;шўы.25;295;590;590;рту.71;512;157487;28.09.2021 0:38;28.09.2021 8:38;17;0;0.00;22.382999;88.909079;139.979043;0.00;-7.16;01.фхъ;-9;3;-135;0;1;0;73;77;-12891;2131;22383;3049.00;93;NAVI;1;0;0;0;0;0;0;1,63279E+12;3688;3745;3712;3707;3769;3717;6;;;;;;;0;0;0;90;37;-1351;0;0;0;14;1763;32.39;901.41;0;-32;5;0;;;100;100;14;0;0;0;0;2;1;;;;
88.909638;139.978093;578;578;шўы.25;296;590;590;рту.71;512;157630;28.09.2021 0:38;28.09.2021 8:38;16;0;0.00;22.382999;88.909079;139.979043;0.00;-7.16;01.фхъ;-8;4;-135;0;1;0;73;77;-12891;2131;22383;3049.00;93;NAVI;1;0;0;0;0;0;0;1,63279E+12;3711;3763;3724;3721;3783;3730;6;;;;;;;0;0;0;89;40;-1353;0;0;0;14;1763;32.39;903.63;0;-32;5;0;;;100;100;14;0;0;0;0;2;1;;;;
88.909638;139.978089;578;578;шўы.25;297;590;590;рту.71;512;157670;28.09.2021 0:38;28.09.2021 8:38;16;0;0.00;22.382999;88.909079;139.979043;0.00;-7.16;01.фхъ;-8;4;-135;0;1;0;73;77;-12891;2131;22383;3049.00;93;NAVI;1;0;0;0;0;0;0;1,63279E+12;3711;3763;3724;3721;3783;3730;6;;;;;;;0;0;0;89;42;-1354;0;0;0;14;1763;32.39;905.90;0;-32;5;0;;;100;100;14;0;0;0;0;2;1;;;;
88.909638;139.978084;578;578;шўы.25;297;590;590;рту.71;512;157807;28.09.2021 0:38;28.09.2021 8:38;16;0;0.00;22.382999;88.909079;139.979043;0.00;-7.16;01.фхъ;-9;4;-135;0;1;0;73;77;-12891;2131;22383;3049.00;93;NAVI;1;0;0;0;0;0;0;1,63279E+12;3711;3763;3724;3721;3783;3730;6;;;;;;;0;0;0;91;40;-1354;0;0;0;14;1761;32.39;908.18;0;-32;5;0;;;100;100;14;0;0;0;0;2;1;;;;
88.909638;139.978080;578;578;шўы.25;298;590;590;рту.71;512;157857;28.09.2021 0:38;28.09.2021 8:38;16;0;0.00;22.382999;88.909079;139.979043;0.00;-7.16;01.фхъ;-9;4;-135;0;1;0;73;77;-12891;2131;22383;3049.00;93;NAVI;1;0;0;0;0;0;0;1,63279E+12;3711;3763;3724;3721;3783;3730;6;;;;;;;0;0;0;90;42;-1355;0;0;0;14;1761;32.39;910.43;0;-32;5;0;;;100;100;14;0;0;0;0;2;1;;;;
88.909638;139.978075;577;577;шўы.28;299;590;590;рту.71;512;158107;28.09.2021 0:38;28.09.2021 8:38;16;0;0.00;22.441000;88.909079;139.979043;0.00;-7.16;01.фхъ;-8;4;-135;0;1;0;73;77;-13214;2102;22441;3049.00;93;NAVI;1;0;0;0;0;0;0;1,63279E+12;3711;3763;3724;3721;3783;3730;6;;;;;;;0;0;0;89;42;-1354;0;0;0;14;1761;32.56;912.70;0;-32;5;0;;;100;100;14;0;0;0;0;2;1;;;;
88.909639;139.978066;577;577;шўы.25;300;590;590;рту.71;512;158197;28.09.2021 0:38;28.09.2021 8:38;16;0;0.00;22.441000;88.909079;139.979043;0.00;-7.16;01.фхъ;-8;4;-135;0;1;0;73;77;-13214;2102;22441;3049.00;93;NAVI;1;0;0;0;0;0;0;1,63279E+12;3711;3763;3724;3721;3783;3730;6;;;;;;;0;0;0;88;40;-1354;0;0;0;14;1760;32.39;917.31;0;-32;5;0;;;100;100;14;0;0;0;0;2;1;;;;
88.909639;139.978066;577;577;шўы.25;300;590;590;рту.71;512;158200;28.09.2021 0:38;28.09.2021 8:38;16;0;0.00;22.441000;88.909079;139.979043;0.00;-7.16;01.фхъ;-8;4;-135;0;1;0;73;77;-13214;2102;22441;3049.00;93;NAVI;1;0;0;0;0;0;0;1,63279E+12;3711;3763;3724;3721;3783;3730;6;;;;;;;0;0;0;88;40;-1354;0;0;0;14;1760;32.39;917.31;0;-32;5;0;;;100;100;14;0;0;0;0;2;1;;;;
88.909639;139.978062;577;577;шўы.25;301;590;590;рту.71;512;158238;28.09.2021 0:38;28.09.2021 8:38;16;0;0.00;22.441000;88.909079;139.979043;0.00;-7.16;01.фхъ;-9;3;-135;0;1;0;73;77;-13214;2102;22441;3049.00;93;NAVI;1;0;0;0;0;0;0;1,63279E+12;3711;3763;3724;3721;3783;3730;6;;;;;;;0;0;0;90;39;-1354;0;0;0;14;1758;32.39;919.64;0;-32;5;0;;;100;100;14;0;0;0;0;2;1;;;;
88.909639;139.978057;576;576;шўы.25;302;590;590;рту.71;512;158357;28.09.2021 0:38;28.09.2021 8:38;17;0;0.00;22.441000;88.909079;139.979043;0.00;-7.16;01.фхъ;-9;3;-135;0;1;0;73;77;-13214;2102;22441;3049.00;93;NAVI;1;0;0;0;0;0;0;1,63279E+12;3711;3763;3724;3721;3783;3730;6;;;;;;;0;0;0;90;36;-1353;0;0;0;14;1758;32.39;921.98;0;-32;5;0;;;100;100;14;0;0;0;0;2;1;;;;
88.909639;139.978053;576;576;шўы.25;303;590;590;рту.71;512;158468;28.09.2021 0:38;28.09.2021 8:38;17;0;0.00;22.441000;88.909079;139.979043;0.00;-7.16;01.фхъ;-9;3;-135;0;1;0;73;77;-13214;2102;22441;3049.00;93;NAVI;1;0;0;0;0;0;0;1,63279E+12;3711;3763;3724;3721;3783;3730;6;;;;;;;0;0;0;90;32;-1353;0;0;0;14;1758;32.39;924.33;0;-32;5;0;;;100;100;14;0;0;0;0;2;1;;;;
88.909639;139.978048;576;576;шўы.25;304;590;590;рту.71;512;158550;28.09.2021 0:38;28.09.2021 8:38;17;0;0.00;22.441000;88.909079;139.979043;0.00;-7.16;01.фхъ;-9;3;-135;0;1;0;73;77;-13214;2102;22441;3049.00;93;NAVI;1;0;0;0;0;0;0;1,63279E+12;3711;3763;3724;3721;3783;3730;6;;;;;;;0;0;0;90;31;-1351;0;0;0;14;1756;32.39;926.69;0;-32;5;0;;;100;100;14;0;0;0;0;2;1;;;;
88.909639;139.978043;576;576;шўы.25;304;590;590;рту.71;512;158657;28.09.2021 0:38;28.09.2021 8:38;17;0;0.00;22.441000;88.909079;139.979043;0.00;-7.16;01.фхъ;-9;3;-135;0;1;0;73;77;-13214;2102;22441;3049.00;93;NAVI;1;0;0;0;0;0;0;1,63279E+12;3711;3763;3724;3721;3783;3730;6;;;;;;;0;0;0;93;31;-1351;0;0;0;14;1756;32.39;929.08;0;-32;5;0;;;100;100;14;0;0;0;0;2;1;;;;
88.909639;139.978039;576;576;шўы.25;305;590;590;рту.71;512;158770;28.09.2021 0:38;28.09.2021 8:38;17;0;0.00;22.441000;88.909079;139.979043;0.00;-7.16;01.фхъ;-9;3;-135;0;1;0;73;77;-13214;2102;22441;3049.00;93;NAVI;1;0;0;0;0;0;0;1,63279E+12;3711;3763;3724;3721;3783;3730;6;;;;;;;0;0;0;95;30;-1351;0;0;0;14;1756;32.39;931.47;0;-32;5;0;;;100;100;14;0;0;0;0;2;1;;;;
88.909639;139.978034;575;575;шўы.21;306;590;590;рту.71;512;158858;28.09.2021 0:38;28.09.2021 8:38;17;0;0.00;22.441000;88.909079;139.979043;0.00;-7.16;0.89;-9;3;-135;0;1;0;73;77;-13214;2102;22441;3049.00;93;NAVI;1;0;0;0;0;0;0;1,63279E+12;3711;3763;3724;3721;3783;3730;6;;;;;;;0;0;0;95;30;-1351;0;0;0;14;1755;32.25;933.80;0;-32;4;0;;;100;100;14;0;0;0;0;2;1;;;;
88.909639;139.978030;575;575;шўы.25;307;590;590;рту.71;512;159127;28.09.2021 0:38;28.09.2021 8:38;16;0;0.00;22.402000;88.909079;139.979043;0.00;-7.16;01.фхъ;-9;3;-135;0;1;0;72;77;-13214;2102;22402;3051.00;93;NAVI;1;0;0;0;0;0;0;1,63279E+12;3711;3763;3724;3721;3783;3730;6;;;;;;;0;0;0;95;30;-1351;0;0;0;14;1755;32.39;936.15;0;-32;5;0;;;100;100;14;0;0;0;0;2;1;;;;
88.909639;139.978020;575;575;шўы.25;308;590;590;рту.71;512;159237;28.09.2021 0:38;28.09.2021 8:38;16;0;0.00;22.402000;88.909079;139.979043;0.00;-7.16;01.фхъ;-8;3;-135;0;1;0;72;77;-13214;2102;22402;3051.00;93;NAVI;1;0;0;0;0;0;0;1,63279E+12;3711;3763;3724;3721;3783;3730;6;;;;;;;0;0;0;89;34;-1351;0;0;0;14;1753;32.39;940.88;0;-32;5;0;;;100;100;14;0;0;0;0;2;1;;;;
88.909639;139.978016;575;575;шўы.25;309;590;590;рту.71;512;159267;28.09.2021 0:38;28.09.2021 8:38;16;0;0.00;22.402000;88.909079;139.979043;0.00;-7.16;01.фхъ;-8;3;-135;0;1;0;72;77;-13214;2102;22402;3051.00;93;NAVI;1;0;0;0;0;0;0;1,63279E+12;3711;3763;3724;3721;3783;3730;6;;;;;;;0;0;0;85;34;-1351;0;0;0;14;1753;32.39;943.19;0;-32;5;0;;;100;100;14;0;0;0;0;2;1;;;;
88.909639;139.978016;575;575;шўы.25;309;590;590;рту.71;512;159270;28.09.2021 0:38;28.09.2021 8:38;16;0;0.00;22.402000;88.909079;139.979043;0.00;-7.16;01.фхъ;-8;3;-135;0;1;0;72;77;-13214;2102;22402;3051.00;93;NAVI;1;0;0;0;0;0;0;1,63279E+12;3711;3763;3724;3721;3783;3730;6;;;;;;;0;0;0;85;34;-1351;0;0;0;14;1753;32.39;943.19;0;-32;5;0;;;100;100;14;0;0;0;0;2;1;;;;
88.909639;139.978011;574;574;шўы.25;310;590;590;рту.71;512;159367;28.09.2021 0:38;28.09.2021 8:38;16;0;0.00;22.402000;88.909079;139.979043;0.00;-7.16;01.фхъ;-8;3;-135;0;1;0;72;77;-13214;2102;22402;3051.00;93;NAVI;1;0;0;0;0;0;0;1,63279E+12;3711;3763;3724;3721;3783;3730;6;;;;;;;0;0;0;85;32;-1351;0;0;0;14;1751;32.39;945.51;0;-32;5;0;;;100;100;14;0;0;0;0;2;1;;;;
88.909639;139.978007;574;574;шўы.33;310;590;590;рту.71;512;159539;28.09.2021 0:38;28.09.2021 8:38;16;0;0.00;22.402000;88.909079;139.979043;0.00;-7.16;џэт.57;-8;3;-135;0;1;0;72;77;-13214;2102;22402;3051.00;93;NAVI;1;0;0;0;0;0;0;1,63279E+12;3711;3763;3724;3721;3783;3730;6;;;;;;;0;0;0;83;30;-1351;0;0;0;14;1751;32.76;947.86;0;-32;6;0;;;100;100;14;0;0;0;0;2;1;;;;
88.909638;139.978002;574;574;шўы.33;311;590;590;рту.71;512;159577;28.09.2021 0:38;28.09.2021 8:38;16;0;0.00;22.402000;88.909079;139.979043;0.00;-7.16;џэт.57;-8;2;-135;0;1;0;72;77;-13214;2102;22402;3051.00;93;NAVI;1;0;0;0;0;0;0;1,63279E+12;3711;3763;3724;3721;3783;3730;6;;;;;;;0;0;0;80;28;-1351;0;0;0;14;1750;32.76;950.20;0;-32;6;0;;;100;100;14;0;0;0;0;2;1;;;;
88.909638;139.977998;573;573;шўы.33;312;590;590;рту.71;512;159677;28.09.2021 0:38;28.09.2021 8:38;16;0;0.00;22.402000;88.909079;139.979043;0.00;-7.16;џэт.57;-7;2;-135;0;1;0;72;77;-13214;2102;22402;3051.00;93;NAVI;1;0;0;0;0;0;0;1,63279E+12;3711;3763;3724;3721;3783;3730;6;;;;;;;0;0;0;79;27;-1351;0;0;0;14;1748;32.76;952.52;0;-32;6;0;;;100;100;14;0;0;0;0;2;1;;;;
88.909638;139.977993;573;573;шўы.33;313;590;590;рту.71;512;159838;28.09.2021 0:38;28.09.2021 8:38;16;0;0.00;22.402000;88.909079;139.979043;0.00;-7.16;џэт.34;-7;2;-135;0;1;0;72;77;-13214;2102;22402;3051.00;93;NAVI;1;0;0;0;0;0;0;1,63279E+12;3711;3763;3724;3721;3783;3730;6;;;;;;;0;0;0;79;28;-1351;0;0;0;14;1748;32.76;954.84;0;-32;6;0;;;100;100;14;0;0;0;0;2;1;;;;
88.909638;139.977989;573;573;шўы.28;314;590;590;рту.71;512;159968;2021-09-28 00:38:33.066;2021-09-28 08:38:33.067;16;0;0.00;22.402000;88.909079;139.979043;0.00;-7.16;џэт.34;-8;3;-135;0;1;0;72;77;-13214;2102;22402;3051.00;93;NAVI;1;0;0;0;0;0;0;1,63279E+12;3711;3763;3724;3721;3783;3730;6;;;;;;;0;0;0;80;30;-1351;0;0;0;14;1748;32.56;957.13;0;-32;6;0;;;100;100;14;0;0;0;0;2;1;;;;
88.909638;139.977984;573;573;07.шўэ;314;590;590;рту.71;512;160147;28.09.2021 0:38;28.09.2021 8:38;16;0;0.00;22.402000;88.909079;139.979043;0.00;-6.93;џэт.34;-8;3;-135;0;1;0;72;77;-13610;2102;22402;3051.00;93;NAVI;1;0;0;0;0;0;0;1,63279E+12;3711;3763;3724;3721;3783;3730;6;;;;;;;0;0;0;81;32;-1351;0;0;0;14;1746;31.58;959.42;0;-30;6;0;;;100;100;14;0;0;0;0;2;1;;;;
88.909638;139.977975;572;572;07.шўэ;316;590;590;рту.71;512;160192;28.09.2021 0:38;28.09.2021 8:38;16;0;0.00;22.402000;88.909079;139.979043;0.00;-6.93;џэт.34;-8;3;-135;0;1;0;72;77;-13610;2102;22402;3051.00;93;NAVI;1;0;0;0;0;0;0;1,63279E+12;3711;3763;3724;3721;3783;3730;6;;;;;;;0;0;0;84;37;-1351;0;0;0;14;1745;31.58;964.00;0;-30;6;0;;;100;100;14;0;0;0;0;2;1;;;;
88.909638;139.977975;572;572;07.шўэ;316;590;590;рту.71;512;160194;28.09.2021 0:38;28.09.2021 8:38;16;0;0.00;22.402000;88.909079;139.979043;0.00;-6.93;џэт.34;-8;3;-135;0;1;0;72;77;-13610;2102;22402;3051.00;93;NAVI;1;0;0;0;0;0;0;1,63279E+12;3711;3763;3724;3721;3783;3730;6;;;;;;;0;0;0;84;37;-1351;0;0;0;14;1745;31.58;964.00;0;-30;6;0;;;100;100;14;0;0;0;0;2;1;;;;
88.909638;139.977971;572;572;07.эюџ;317;590;590;рту.71;512;160349;28.09.2021 0:38;28.09.2021 8:38;16;0;0.00;22.402000;88.909079;139.979043;0.00;-6.93;џэт.57;-8;3;-135;0;1;0;72;77;-13610;2102;22402;3051.00;93;NAVI;1;0;0;0;0;0;0;1,63279E+12;3711;3763;3724;3721;3783;3730;6;;;;;;;0;0;0;84;37;-1351;0;0;0;14;1743;31.78;966.26;0;-30;6;0;;;100;100;14;0;0;0;0;2;1;;;;
88.909638;139.977966;571;571;07.эюџ;317;590;590;рту.71;512;160380;28.09.2021 0:38;28.09.2021 8:38;16;0;0.00;22.402000;88.909079;139.979043;0.00;-6.93;џэт.57;-7;4;-135;0;1;0;72;77;-13610;2102;22402;3051.00;93;NAVI;1;0;0;0;0;0;0;1,63279E+12;3711;3763;3724;3721;3783;3730;6;;;;;;;0;0;0;79;44;-1351;0;0;0;14;1743;31.78;968.50;0;-30;6;0;;;100;100;14;0;0;0;0;2;1;;;;
88.909638;139.977962;571;571;07.шўэ;318;590;590;рту.71;512;160553;28.09.2021 0:38;28.09.2021 8:38;16;0;0.00;22.402000;88.909079;139.979043;0.00;-6.93;џэт.34;-7;4;-135;0;1;0;72;77;-13610;2102;22402;3051.00;93;NAVI;1;0;0;0;0;0;0;1,63279E+12;3711;3763;3724;3721;3783;3730;6;;;;;;;0;0;0;75;49;-1351;0;0;0;14;1743;31.58;970.74;0;-30;6;0;;;100;100;14;0;0;0;0;2;1;;;;
88.909638;139.977958;571;571;07.шўэ;319;590;590;рту.71;512;160597;28.09.2021 0:38;28.09.2021 8:38;16;0;0.00;22.402000;88.909079;139.979043;0.00;-6.93;џэт.34;-7;5;-135;0;1;0;72;77;-13610;2102;22402;3051.00;93;NAVI;1;0;0;0;0;0;0;1,63279E+12;3711;3763;3724;3721;3783;3730;6;;;;;;;0;0;0;74;50;-1353;0;0;0;14;1741;31.58;972.99;0;-30;6;0;;;100;100;14;0;0;0;0;2;1;;;;
88.909638;139.977953;571;571;07.шўэ;319;590;590;рту.71;512;160679;28.09.2021 0:38;28.09.2021 8:38;16;0;0.00;22.402000;88.909079;139.979043;0.00;-6.93;џэт.34;-7;4;-135;0;1;0;72;77;-13610;2102;22402;3051.00;93;NAVI;1;0;0;0;0;0;0;1,63279E+12;3711;3763;3724;3721;3783;3730;6;;;;;;;0;0;0;77;49;-1353;0;0;0;14;1741;31.58;975.30;0;-30;6;0;;;100;100;14;0;0;0;0;2;1;;;;
88.909637;139.977949;571;571;07.эюџ;320;590;590;рту.71;512;160830;28.09.2021 0:38;28.09.2021 8:38;16;0;0.00;22.402000;88.909079;139.979043;0.00;-6.93;џэт.57;-8;4;-135;0;1;0;72;77;-13610;2102;22402;3051.00;93;NAVI;1;0;0;0;0;0;0;1,63279E+12;3711;3763;3724;3721;3783;3730;6;;;;;;;0;0;0;80;47;-1353;0;0;0;14;1741;31.78;977.61;0;-30;6;0;;;100;100;14;0;0;0;0;2;1;;;;
88.909637;139.977944;570;570;07.эюџ;321;590;590;рту.71;512;160898;28.09.2021 0:38;28.09.2021 8:38;16;0;0.00;22.402000;88.909079;139.979043;0.00;-6.93;џэт.57;-8;4;-135;0;1;0;72;77;-13610;2102;22402;3051.00;93;NAVI;1;0;0;0;0;0;0;1,63279E+12;3711;3763;3724;3721;3783;3730;6;;;;;;;0;0;0;80;47;-1353;0;0;0;14;1740;31.78;979.93;0;-30;6;0;;;100;100;14;0;0;0;0;2;1;;;;
88.909637;139.977940;570;570;07.шўэ;322;590;590;рту.71;512;161168;28.09.2021 0:38;28.09.2021 8:38;16;0;0.00;22.431000;88.909079;139.979043;0.00;-7.16;џэт.34;-8;4;-135;0;1;0;72;77;-13262;2102;22431;3051.00;93;NAVI;1;0;0;0;0;0;0;1,63279E+12;3711;3763;3724;3721;3783;3730;6;;;;;;;0;0;0;80;45;-1353;0;0;0;14;1738;31.58;982.28;0;-32;6;0;;;100;100;14;0;0;0;0;2;1;;;;
88.909638;139.977931;570;570;шўы.28;323;590;590;рту.71;512;161217;28.09.2021 0:38;28.09.2021 8:38;16;0;0.00;22.431000;88.909079;139.979043;0.00;-7.16;џэт.34;-8;4;-135;0;1;0;72;77;-13262;2102;22431;3051.00;93;NAVI;1;0;0;0;0;0;0;1,63279E+12;3711;3763;3724;3721;3783;3730;6;;;;;;;0;0;0;81;40;-1351;0;0;0;14;1738;32.56;987.11;0;-32;6;0;;;100;100;14;0;0;0;0;2;1;;;;
88.909638;139.977931;570;570;шўы.28;323;590;590;рту.71;512;161220;28.09.2021 0:38;28.09.2021 8:38;16;0;0.00;22.431000;88.909079;139.979043;0.00;-7.16;џэт.34;-8;4;-135;0;1;0;72;77;-13262;2102;22431;3051.00;93;NAVI;1;0;0;0;0;0;0;1,63279E+12;3711;3763;3724;3721;3783;3730;6;;;;;;;0;0;0;81;40;-1351;0;0;0;14;1738;32.56;987.11;0;-32;6;0;;;100;100;14;0;0;0;0;2;1;;;;
88.909638;139.977927;569;569;шўы.33;324;590;590;рту.71;512;161327;28.09.2021 0:38;28.09.2021 8:38;16;0;0.00;22.431000;88.909079;139.979043;0.00;-7.16;џэт.57;-8;4;-135;0;1;0;72;77;-13262;2102;22431;3051.00;93;NAVI;1;0;0;0;0;0;0;1,63279E+12;3711;3763;3724;3721;3783;3730;6;;;;;;;0;0;0;81;40;-1351;0;0;0;14;1736;32.76;989.50;0;-32;6;0;;;100;100;14;0;0;0;0;2;1;;;;
88.909638;139.977922;569;569;шўы.33;325;590;590;рту.71;512;161438;28.09.2021 0:38;28.09.2021 8:38;16;0;0.00;22.431000;88.909079;139.979043;0.00;-7.16;џэт.57;-8;3;-135;0;1;0;72;77;-13262;2102;22431;3051.00;93;NAVI;1;0;0;0;0;0;0;1,63279E+12;3711;3763;3724;3721;3783;3730;6;;;;;;;0;0;0;83;37;-1351;0;0;0;14;1736;32.76;991.90;0;-32;6;0;;;100;100;14;0;0;0;0;2;1;;;;
88.909638;139.977918;569;569;шўы.33;326;590;590;рту.71;512;161527;28.09.2021 0:38;28.09.2021 8:38;16;0;0.00;22.431000;88.909079;139.979043;0.00;-7.16;џэт.57;-8;3;-135;0;1;0;72;77;-13262;2102;22431;3051.00;93;NAVI;1;0;1;0;0;0;0;1,63279E+12;3711;3763;3724;3721;3783;3730;6;;;;;;;0;0;0;85;35;-1351;0;0;0;14;1735;32.76;994.32;0;-32;6;0;;;100;100;14;0;0;0;0;2;1;;;;
88.909638;139.977913;569;569;шўы.38;327;590;590;рту.71;512;161621;28.09.2021 0:38;28.09.2021 8:38;16;0;0.00;22.431000;88.909079;139.979043;0.00;-7.16;џэт.57;-8;3;-135;0;1;0;72;77;-13262;2102;22431;3051.00;93;NAVI;1;0;0;0;0;0;0;1,63279E+12;3711;3763;3724;3721;3783;3730;6;;;;;;;0;0;0;89;31;-1351;0;0;0;14;1735;32.98;996.76;0;-32;6;0;;;100;100;14;0;0;0;0;2;1;;;;
88.909638;139.977909;568;568;шўы.33;327;590;590;рту.71;512;161647;28.09.2021 0:38;28.09.2021 8:38;16;0;0.00;22.431000;88.909079;139.979043;0.00;-7.16;џэт.57;-9;2;-135;0;1;0;72;77;-13262;2102;22431;3051.00;93;NAVI;1;0;0;0;0;0;0;1,63279E+12;3711;3763;3724;3721;3783;3730;6;;;;;;;0;0;0;90;28;-1351;0;0;0;14;1733;32.76;999.25;0;-32;6;0;;;100;100;14;0;0;0;0;2;1;;;;
88.909638;139.977904;568;568;шўы.33;328;590;590;рту.71;512;161797;28.09.2021 0:38;28.09.2021 8:38;17;0;0.00;22.431000;88.909079;139.979043;0.00;-7.16;џэт.57;-9;2;-135;0;1;0;72;77;-13262;2102;22431;3051.00;93;NAVI;1;0;0;0;0;0;0;1,63279E+12;3711;3763;3724;3721;3783;3730;6;;;;;;;0;0;0;93;26;-1351;0;0;0;14;1733;32.76;1001.72;0;-32;6;0;;;100;100;14;0;0;0;0;2;1;;;;
88.909638;139.977900;568;568;шўы.33;329;590;590;рту.71;512;161857;28.09.2021 0:38;28.09.2021 8:38;17;0;0.00;22.431000;88.909079;139.979043;0.00;-7.16;џэт.57;-9;2;-135;0;1;0;72;77;-13262;2102;22431;3051.00;93;NAVI;1;0;0;0;0;0;0;1,63279E+12;3711;3763;3724;3721;3783;3730;6;;;;;;;0;0;0;94;25;-1353;0;0;0;14;1731;32.76;1004.11;0;-32;6;0;;;100;100;14;0;0;0;0;2;1;;;;
88.909638;139.977896;567;567;07.эюџ;330;590;590;рту.71;512;161937;2021-09-28 00:38:35.036;2021-09-28 08:38:35.036;16;0;0.00;22.431000;88.909079;139.979043;0.00;-6.93;џэт.57;-9;3;-135;0;1;0;72;77;-13262;2102;22431;3051.00;93;NAVI;1;0;0;0;0;0;0;1,63279E+12;3711;3763;3724;3721;3783;3730;6;;;;;;;0;0;0;90;30;-1353;0;0;0;14;1731;31.78;1006.48;0;-30;6;0;;;100;100;14;0;0;0;0;2;1;;;;
88.909638;139.977891;567;567;07.эюџ;330;590;590;рту.71;512;162287;28.09.2021 0:38;28.09.2021 8:38;16;0;0.00;22.451000;88.909079;139.979043;0.00;-7.16;џэт.57;-8;3;-135;0;1;0;72;77;-13027;2102;22451;3051.00;93;NAVI;1;0;0;0;0;0;0;1,63279E+12;3711;3763;3724;3721;3783;3730;6;;;;;;;0;0;0;88;39;-1354;0;0;0;14;1731;31.78;1008.84;0;-32;6;0;;;100;100;14;0;0;0;0;2;1;;;;
88.909638;139.977882;567;567;шўы.33;332;590;590;рту.71;512;162412;28.09.2021 0:38;28.09.2021 8:38;16;0;0.00;22.451000;88.909079;139.979043;0.00;-7.16;џэт.57;-9;4;-135;0;1;0;72;77;-13027;2102;22451;3051.00;93;NAVI;1;0;0;0;0;0;0;1,63279E+12;3711;3763;3724;3721;3783;3730;6;;;;;;;0;0;0;90;42;-1355;0;0;0;14;1728;32.76;1013.58;0;-32;6;0;;;100;100;14;0;0;0;0;2;1;;;;
88.909638;139.977874;566;566;шўы.33;334;590;590;рту.71;512;162447;28.09.2021 0:38;28.09.2021 8:38;16;0;0.00;22.451000;88.909079;139.979043;0.00;-7.16;џэт.57;-8;4;-135;0;1;0;72;77;-13027;2102;22451;3051.00;93;NAVI;1;0;0;0;0;0;0;1,63279E+12;3711;3763;3724;3721;3783;3730;6;;;;;;;0;0;0;88;42;-1354;0;0;0;14;1728;32.76;1018.43;0;-32;6;0;;;100;100;14;0;0;0;0;2;1;;;;
88.909638;139.977874;566;566;шўы.33;334;590;590;рту.71;512;162450;28.09.2021 0:38;28.09.2021 8:38;16;0;0.00;22.451000;88.909079;139.979043;0.00;-7.16;џэт.57;-8;4;-135;0;1;0;72;77;-13027;2102;22451;3051.00;93;NAVI;1;0;0;0;0;0;0;1,63279E+12;3711;3763;3724;3721;3783;3730;6;;;;;;;0;0;0;88;42;-1354;0;0;0;14;1728;32.76;1018.43;0;-32;6;0;;;100;100;14;0;0;0;0;2;1;;;;
88.909638;139.977874;566;566;шўы.33;334;590;590;рту.71;512;162452;28.09.2021 0:38;28.09.2021 8:38;16;0;0.00;22.451000;88.909079;139.979043;0.00;-7.16;џэт.57;-8;4;-135;0;1;0;72;77;-13027;2102;22451;3051.00;93;NAVI;1;0;0;0;0;0;0;1,63279E+12;3711;3763;3724;3721;3783;3730;6;;;;;;;0;0;0;88;42;-1354;0;0;0;14;1728;32.76;1018.43;0;-32;6;0;;;100;100;14;0;0;0;0;2;1;;;;
88.909638;139.977869;566;566;шўы.33;334;590;590;рту.71;512;162547;28.09.2021 0:38;28.09.2021 8:38;17;0;0.00;22.451000;88.909079;139.979043;0.00;-7.16;џэт.57;-8;4;-135;0;1;0;72;77;-13027;2102;22451;3051.00;93;NAVI;1;0;0;0;0;0;0;1,63279E+12;3711;3763;3724;3721;3783;3730;6;;;;;;;0;0;0;85;42;-1354;0;0;0;14;1726;32.76;1020.85;0;-32;6;0;;;100;100;14;0;0;0;0;2;1;;;;
88.909638;139.977865;566;566;шўы.33;335;590;590;рту.71;512;162717;28.09.2021 0:38;28.09.2021 8:38;17;0;0.00;22.451000;88.909079;139.979043;0.00;-7.16;џэт.79;-8;4;-135;0;1;0;72;77;-13027;2102;22451;3051.00;93;NAVI;1;0;0;0;0;0;0;1,63279E+12;3711;3763;3724;3721;3783;3730;6;;;;;;;0;0;0;83;44;-1354;0;0;0;14;1726;32.76;1023.22;0;-32;8;0;;;100;100;14;0;0;0;0;2;1;;;;
88.909638;139.977860;565;565;шўы.38;336;590;590;рту.71;512;162758;28.09.2021 0:38;28.09.2021 8:38;17;0;0.00;22.451000;88.909079;139.979043;0.00;-7.16;џэт.79;-8;4;-135;0;1;0;72;77;-13027;2102;22451;3051.00;93;NAVI;1;0;0;0;0;0;0;1,63279E+12;3711;3763;3724;3721;3783;3730;6;;;;;;;0;0;0;85;44;-1353;0;0;0;14;1725;32.98;1025.61;0;-32;8;0;;;100;100;14;0;0;0;0;2;1;;;;
88.909638;139.977856;565;565;шўы.33;337;590;590;рту.71;512;162867;28.09.2021 0:38;28.09.2021 8:38;17;0;0.00;22.451000;88.909079;139.979043;0.00;-7.16;џэт.57;-8;4;-135;0;1;0;72;77;-13027;2102;22451;3051.00;93;NAVI;1;0;0;0;0;0;0;1,63279E+12;3711;3763;3724;3721;3783;3730;6;;;;;;;0;0;0;85;42;-1353;0;0;0;14;1723;32.76;1028.06;0;-32;6;0;;;100;100;14;0;0;0;0;2;1;;;;
88.909638;139.977851;565;565;шўы.38;338;590;590;рту.71;512;163035;28.09.2021 0:38;28.09.2021 8:38;17;0;0.00;22.451000;88.909079;139.979043;0.00;-7.16;џэт.79;-8;4;-135;0;1;0;72;77;-13027;2102;22451;3051.00;93;NAVI;1;0;0;0;0;0;0;1,63279E+12;3711;3763;3724;3721;3783;3730;6;;;;;;;0;0;0;84;42;-1351;0;0;0;14;1723;32.98;1030.51;0;-32;8;0;;;100;100;14;0;0;0;0;2;1;;;;
88.909638;139.977847;565;565;шўы.38;338;590;590;рту.71;512;163310;28.09.2021 0:38;28.09.2021 8:38;16;0;0.00;22.457001;88.909079;139.979043;0.00;-7.16;02.џэт;-8;4;-135;0;1;0;72;77;-12934;2102;22457;3052.00;93;NAVI;1;0;0;0;0;0;0;1,63279E+12;3711;3763;3724;3721;3783;3730;6;;;;;;;0;0;0;80;40;-1351;0;0;0;14;1723;32.98;1032.98;0;-32;8;0;;;100;100;14;0;0;0;0;2;1;;;;
88.909638;139.977838;564;564;шўы.44;340;590;590;рту.71;512;163356;28.09.2021 0:38;28.09.2021 8:38;16;0;0.00;22.457001;88.909079;139.979043;0.00;-7.16;02.џэт;-8;3;-135;0;1;0;72;77;-12934;2102;22457;3052.00;93;NAVI;1;0;0;0;0;0;0;1,63279E+12;3711;3763;3724;3721;3783;3730;6;;;;;;;0;0;0;80;32;-1351;0;0;0;14;1721;33.24;1037.92;0;-32;8;0;;;100;100;14;0;0;0;0;2;1;;;;
88.909638;139.977834;564;564;шўы.44;341;590;590;рту.71;512;163458;28.09.2021 0:38;28.09.2021 8:38;16;0;0.00;22.457001;88.909079;139.979043;0.00;-6.93;02.џэт;-8;2;-135;0;1;0;72;77;-12934;2102;22457;3052.00;93;NAVI;1;0;0;0;0;0;0;1,63279E+12;3711;3763;3724;3721;3783;3730;6;;;;;;;0;0;0;80;28;-1351;0;0;0;14;1720;33.24;1040.40;0;-30;8;0;;;100;100;14;0;0;0;0;2;1;;;;
88.909638;139.977829;563;563;шўы.22;342;590;590;рту.71;512;163489;28.09.2021 0:38;28.09.2021 8:38;16;0;0.00;22.457001;88.909079;139.979043;0.00;-6.93;02.џэт;-8;2;-135;0;1;0;72;77;-12934;2102;22457;3052.00;93;NAVI;1;0;0;0;0;0;0;1,63279E+12;3711;3763;3724;3721;3783;3730;6;;;;;;;0;0;0;80;28;-1351;0;0;0;14;1718;32.28;1042.90;0;-30;8;0;;;100;100;14;0;0;0;0;2;1;;;;
88.909638;139.977829;563;563;шўы.22;342;590;590;рту.71;512;163492;28.09.2021 0:38;28.09.2021 8:38;16;0;0.00;22.457001;88.909079;139.979043;0.00;-6.93;02.џэт;-8;2;-135;0;1;0;72;77;-12934;2102;22457;3052.00;93;NAVI;1;0;0;0;0;0;0;1,63279E+12;3711;3763;3724;3721;3783;3730;6;;;;;;;0;0;0;80;28;-1351;0;0;0;14;1718;32.28;1042.90;0;-30;8;0;;;100;100;14;0;0;0;0;2;1;;;;
88.909638;139.977825;563;563;шўы.22;342;590;590;рту.71;512;163560;28.09.2021 0:38;28.09.2021 8:38;16;0;0.00;22.457001;88.909079;139.979043;0.00;-6.93;02.џэт;-8;2;-135;0;1;0;72;77;-12934;2102;22457;3052.00;93;NAVI;1;0;0;0;0;0;0;1,63279E+12;3711;3763;3724;3721;3783;3730;6;;;;;;;0;0;0;81;27;-1350;0;0;0;14;1718;32.28;1045.38;0;-30;8;0;;;100;100;14;0;0;0;0;2;1;;;;
88.909638;139.977820;562;562;шўы.22;343;590;590;рту.71;512;163740;28.09.2021 0:38;28.09.2021 8:38;16;0;0.00;22.457001;88.909079;139.979043;0.00;-6.93;02.џэт;-8;3;-135;0;1;0;72;77;-12934;2102;22457;3052.00;93;NAVI;1;0;0;0;0;0;0;1,63279E+12;3711;3763;3724;3721;3783;3730;6;;;;;;;0;0;0;81;30;-1350;0;0;0;14;1716;32.28;1047.82;0;-30;8;0;;;100;100;14;0;0;0;0;2;1;;;;
88.909638;139.977816;562;562;шўы.22;344;590;590;рту.71;512;163782;28.09.2021 0:38;28.09.2021 8:38;16;0;0.00;22.457001;88.909079;139.979043;0.00;-6.93;02.џэт;-8;3;-135;0;1;0;72;77;-12934;2102;22457;3052.00;93;NAVI;1;0;0;0;0;0;0;1,63279E+12;3711;3763;3724;3721;3783;3730;6;;;;;;;0;0;0;81;32;-1350;0;0;0;14;1715;32.28;1050.25;0;-30;8;0;;;100;100;14;0;0;0;0;2;1;;;;
88.909638;139.977812;562;562;шўы.22;345;590;590;рту.71;512;163867;28.09.2021 0:38;28.09.2021 8:38;16;0;0.00;22.457001;88.909079;139.979043;0.00;-6.93;02.џэт;-8;3;-135;0;1;0;72;77;-12934;2102;22457;3052.00;93;NAVI;1;0;0;0;0;0;0;1,63279E+12;3711;3763;3724;3721;3783;3730;6;;;;;;;0;0;0;83;32;-1350;0;0;0;14;1713;32.28;1052.71;0;-30;8;0;;;100;100;14;0;0;0;0;2;1;;;;
88.909638;139.977807;562;562;шўы.22;346;590;590;рту.71;512;164007;28.09.2021 0:38;28.09.2021 8:38;16;0;0.00;22.457001;88.909079;139.979043;0.00;-6.93;02.џэт;-8;3;-135;0;1;0;72;77;-12934;2102;22457;3052.00;93;NAVI;1;0;0;0;0;0;0;1,63279E+12;3711;3763;3724;3721;3783;3730;6;;;;;;;0;0;0;81;35;-1350;0;0;0;14;1713;32.28;1055.17;0;-30;8;0;;;100;100;14;0;0;0;0;2;1;;;;
88.909638;139.977803;561;561;шўы.22;346;590;590;рту.71;512;164250;28.09.2021 0:38;28.09.2021 8:38;16;0;0.00;22.452999;88.909079;139.979043;0.00;-6.93;02.џэт;-8;3;-135;0;1;0;72;77;-12981;2102;22453;3052.00;93;NAVI;1;0;0;0;0;0;0;1,63279E+12;3711;3763;3724;3721;3783;3730;6;;;;;;;0;0;0;83;35;-1350;0;0;0;14;1711;32.28;1057.63;0;-30;8;0;;;100;100;14;0;0;0;0;2;1;;;;
88.909638;139.977794;561;561;шўы.22;348;590;590;рту.71;512;164288;28.09.2021 0:38;28.09.2021 8:38;16;0;0.00;22.452999;88.909079;139.979043;0.00;-6.93;02.џэт;-8;3;-135;0;1;0;72;77;-12981;2102;22453;3052.00;93;NAVI;1;0;0;0;0;0;0;1,63279E+12;3711;3763;3724;3721;3783;3730;6;;;;;;;0;0;0;85;32;-1350;0;0;0;14;1710;32.28;1062.61;0;-30;8;0;;;100;100;14;0;0;0;0;2;1;;;;
88.909638;139.977794;561;561;шўы.22;348;590;590;рту.71;512;164290;28.09.2021 0:38;28.09.2021 8:38;16;0;0.00;22.452999;88.909079;139.979043;0.00;-6.93;02.џэт;-8;3;-135;0;1;0;72;77;-12981;2102;22453;3052.00;93;NAVI;1;0;0;0;0;0;0;1,63279E+12;3711;3763;3724;3721;3783;3730;6;;;;;;;0;0;0;85;32;-1350;0;0;0;14;1710;32.28;1062.61;0;-30;8;0;;;100;100;14;0;0;0;0;2;1;;;;
88.909638;139.977790;560;560;шўы.22;349;590;590;рту.71;512;164400;28.09.2021 0:38;28.09.2021 8:38;16;0;0.00;22.452999;88.909079;139.979043;0.00;-6.93;02.џэт;-8;3;-135;0;1;0;72;77;-12981;2102;22453;3052.00;93;NAVI;1;0;0;0;0;0;0;1,63279E+12;3711;3763;3724;3721;3783;3730;6;;;;;;;0;0;0;86;30;-1350;0;0;0;14;1708;32.28;1065.12;0;-30;8;0;;;100;100;14;0;0;0;0;2;1;;;;
88.909638;139.977785;560;560;шўы.22;350;590;590;рту.71;512;164487;28.09.2021 0:38;28.09.2021 8:38;16;0;0.00;22.452999;88.909079;139.979043;0.00;-6.93;02.џэт;-8;2;-135;0;1;0;72;77;-12981;2102;22453;3052.00;93;NAVI;1;0;0;0;0;0;0;1,63279E+12;3711;3763;3724;3721;3783;3730;6;;;;;;;0;0;0;88;27;-1350;0;0;0;14;1708;32.28;1067.63;0;-30;8;0;;;100;100;14;0;0;0;0;2;1;;;;
88.909638;139.977781;560;560;шўы.29;351;590;590;рту.71;512;164588;28.09.2021 0:38;28.09.2021 8:38;16;0;0.00;22.452999;88.909079;139.979043;0.00;-6.93;єхт.24;-9;2;-135;0;1;0;72;77;-12981;2102;22453;3052.00;93;NAVI;1;0;0;0;0;0;0;1,63279E+12;3711;3763;3724;3721;3783;3730;6;;;;;;;0;0;0;90;23;-1350;0;0;0;14;1706;32.57;1070.14;0;-30;10;0;;;100;100;14;0;0;0;0;2;1;;;;
88.909638;139.977776;559;559;шўы.29;351;590;590;рту.71;512;164698;28.09.2021 0:38;28.09.2021 8:38;16;0;0.00;22.452999;88.909079;139.979043;0.00;-6.93;єхт.24;-9;2;-135;0;1;0;72;77;-12981;2102;22453;3052.00;93;NAVI;1;0;0;0;0;0;0;1,63279E+12;3711;3763;3724;3721;3783;3730;6;;;;;;;0;0;0;90;22;-1350;0;0;0;14;1706;32.57;1072.66;0;-30;10;0;;;100;100;14;0;0;0;0;2;1;;;;
88.909638;139.977772;559;559;шўы.22;352;590;590;рту.71;512;164780;28.09.2021 0:38;28.09.2021 8:38;16;0;0.00;22.452999;88.909079;139.979043;0.00;-6.93;02.џэт;-9;2;-135;0;1;0;72;77;-12981;2102;22453;3052.00;93;NAVI;1;0;0;0;0;0;0;1,63279E+12;3711;3763;3724;3721;3783;3730;6;;;;;;;0;0;0;90;23;-1350;0;0;0;14;1705;32.28;1075.15;0;-30;8;0;;;100;100;14;0;0;0;0;2;1;;;;
88.909638;139.977768;559;559;шўы.22;353;590;590;рту.71;512;164887;28.09.2021 0:38;28.09.2021 8:38;16;0;0.00;22.452999;88.909079;139.979043;0.00;-6.93;02.џэт;-8;2;-135;0;1;0;72;77;-12981;2102;22453;3052.00;93;NAVI;1;0;0;0;0;0;0;1,63279E+12;3711;3763;3724;3721;3783;3730;6;;;;;;;0;0;0;88;27;-1350;0;0;0;14;1703;32.28;1077.61;0;-30;8;0;;;100;100;14;0;0;0;0;2;1;;;;
88.909638;139.977763;558;558;шўы.22;354;590;590;рту.71;512;165058;28.09.2021 0:38;28.09.2021 8:38;16;0;0.00;22.452999;88.909079;139.979043;0.00;-6.93;02.џэт;-8;3;-135;0;1;0;72;77;-12981;2102;22453;3052.00;93;NAVI;1;0;0;0;0;0;0;1,63279E+12;3711;3763;3724;3721;3783;3730;6;;;;;;;0;0;0;86;30;-1350;0;0;0;14;1703;32.28;1080.04;0;-30;8;0;;;100;100;14;0;0;0;0;2;1;;;;
88.909638;139.977759;558;558;шўы.22;355;590;590;рту.71;512;165347;28.09.2021 0:38;28.09.2021 8:38;16;0;0.00;22.518999;88.909079;139.979043;0.00;-6.93;02.џэт;-8;3;-135;0;1;0;72;77;-12375;2102;22519;3053.00;93;NAVI;1;0;0;0;0;0;0;1,63279E+12;3711;3763;3724;3721;3783;3730;6;;;;;;;0;0;0;88;34;-1351;0;0;0;14;1701;32.28;1082.45;0;-30;8;0;;;100;100;14;0;0;0;0;2;1;;;;
88.909638;139.977750;557;557;шўы.22;356;590;590;рту.71;512;165397;28.09.2021 0:38;28.09.2021 8:38;16;0;0.00;22.518999;88.909079;139.979043;0.00;-6.93;02.џэт;-9;3;-135;0;1;0;72;77;-12375;2102;22519;3053.00;93;NAVI;1;0;0;0;0;0;0;1,63279E+12;3711;3763;3724;3721;3783;3730;6;;;;;;;0;0;0;90;34;-1351;0;0;0;14;1700;32.28;1087.37;0;-30;8;0;;;100;100;14;0;0;0;0;2;1;;;;
88.909638;139.977746;557;557;шўы.22;357;590;590;рту.71;512;165510;28.09.2021 0:38;28.09.2021 8:38;16;0;0.00;22.518999;88.909079;139.979043;0.00;-6.93;02.џэт;-8;3;-135;0;1;0;72;77;-12375;2102;22519;3053.00;93;NAVI;1;0;0;0;0;0;0;1,63279E+12;3711;3763;3724;3721;3783;3730;6;;;;;;;0;0;0;88;37;-1353;0;0;0;14;1698;32.28;1089.84;0;-30;8;0;;;100;100;14;0;0;0;0;2;1;;;;
88.909638;139.977741;557;557;шўы.22;358;590;590;рту.71;512;165547;28.09.2021 0:38;28.09.2021 8:38;16;0;0.00;22.518999;88.909079;139.979043;0.00;-6.93;02.џэт;-8;3;-135;0;1;0;72;77;-12375;2102;22519;3053.00;93;NAVI;1;0;0;0;0;0;0;1,63279E+12;3711;3763;3724;3721;3783;3730;6;;;;;;;0;0;0;85;37;-1353;0;0;0;14;1698;32.28;1092.28;0;-30;8;0;;;100;100;14;0;0;0;0;2;1;;;;
88.909638;139.977741;557;557;шўы.22;358;590;590;рту.71;512;165555;28.09.2021 0:38;28.09.2021 8:38;16;0;0.00;22.518999;88.909079;139.979043;0.00;-6.93;02.џэт;-8;3;-135;0;1;0;72;77;-12375;2102;22519;3053.00;93;NAVI;1;0;0;0;0;0;0;1,63279E+12;3711;3763;3724;3721;3783;3730;6;;;;;;;0;0;0;85;37;-1353;0;0;0;14;1698;32.28;1092.28;0;-30;8;0;;;100;100;14;0;0;0;0;2;1;;;;
88.909638;139.977737;556;556;шўы.22;359;590;590;рту.71;512;165608;28.09.2021 0:38;28.09.2021 8:38;16;0;0.00;22.518999;88.909079;139.979043;0.00;-6.93;02.џэт;-8;3;-135;0;1;0;72;77;-12375;2102;22519;3053.00;93;NAVI;1;0;0;0;0;0;0;1,63279E+12;3711;3763;3724;3721;3783;3730;6;;;;;;;0;0;0;83;39;-1354;0;0;0;14;1696;32.28;1094.72;0;-30;8;0;;;100;100;14;0;0;0;0;2;1;;;;
88.909638;139.977733;556;556;шўы.22;359;590;590;рту.71;512;165768;28.09.2021 0:38;28.09.2021 8:38;16;0;0.00;22.518999;88.909079;139.979043;0.00;-6.93;02.џэт;-8;4;-135;0;1;0;72;77;-12375;2102;22519;3053.00;93;NAVI;1;0;0;0;0;0;0;1,63279E+12;3711;3763;3724;3721;3783;3730;6;;;;;;;0;0;0;80;42;-1354;0;0;0;14;1696;32.28;1097.14;0;-30;8;0;;;100;100;14;0;0;0;0;2;1;;;;
88.909638;139.977728;556;556;шўы.22;360;590;590;рту.71;512;165808;28.09.2021 0:38;28.09.2021 8:38;16;0;0.00;22.518999;88.909079;139.979043;0.00;-6.93;02.џэт;-8;4;-135;0;1;0;72;77;-12375;2102;22519;3053.00;93;NAVI;1;0;0;0;0;0;0;1,63279E+12;3711;3763;3724;3721;3783;3730;6;;;;;;;0;0;0;81;42;-1355;0;0;0;14;1695;32.28;1099.58;0;-30;8;0;;;100;100;14;0;0;0;0;2;1;;;;
88.909638;139.977724;555;555;шўы.22;361;590;590;рту.71;512;165988;2021-09-28 00:38:39.086;2021-09-28 08:38:39.087;16;0;0.00;22.518999;88.909079;139.979043;0.00;-6.93;џэт.79;-8;4;-135;0;1;0;72;77;-12375;2102;22519;3053.00;93;NAVI;1;0;0;0;0;0;0;1,63279E+12;3711;3763;3724;3721;3783;3730;6;;;;;;;0;0;0;84;40;-1355;0;0;0;14;1693;32.28;1102.06;0;-30;8;0;;;100;100;14;0;0;0;0;2;1;;;;
88.909638;139.977720;555;555;шўы.16;362;590;590;рту.71;512;166030;28.09.2021 0:38;28.09.2021 8:38;16;0;0.00;22.518999;88.909079;139.979043;0.00;-6.93;џэт.79;-8;4;-135;0;1;0;72;77;-12375;2102;22519;3053.00;93;NAVI;1;0;0;0;0;0;0;1,63279E+12;3711;3763;3724;3721;3783;3730;6;;;;;;;0;0;0;85;40;-1355;0;0;0;14;1693;32.02;1104.55;0;-30;8;0;;;100;100;14;0;0;0;0;2;1;;;;
88.909638;139.977715;555;555;шўы.22;363;590;590;рту.71;512;166350;28.09.2021 0:38;28.09.2021 8:38;16;0;0.00;22.483000;88.909079;139.979043;0.00;-6.93;02.џэт;-8;4;-135;0;1;0;72;77;-12806;2102;22483;3053.00;93;NAVI;1;0;0;0;0;0;0;1,63279E+12;3711;3763;3724;3721;3783;3730;6;;;;;;;0;0;0;86;40;-1355;0;0;0;14;1691;32.28;1107.06;0;-30;8;0;;;100;100;14;0;0;0;0;2;1;;;;
88.909638;139.977706;554;554;шўы.22;364;590;590;рту.71;512;166378;28.09.2021 0:38;28.09.2021 8:38;16;0;0.00;22.483000;88.909079;139.979043;0.00;-6.93;02.џэт;-9;3;-135;0;1;0;72;77;-12806;2102;22483;3053.00;93;NAVI;1;0;0;0;0;0;0;1,63279E+12;3711;3763;3724;3721;3783;3730;6;;;;;;;0;0;0;90;36;-1354;0;0;0;14;1690;32.28;1112.09;0;-30;8;0;;;100;100;14;0;0;0;0;2;1;;;;
88.909638;139.977706;554;554;шўы.22;364;590;590;рту.71;512;166383;28.09.2021 0:38;28.09.2021 8:38;16;0;0.00;22.483000;88.909079;139.979043;0.00;-6.93;02.џэт;-9;3;-135;0;1;0;72;77;-12806;2102;22483;3053.00;93;NAVI;1;0;0;0;0;0;0;1,63279E+12;3711;3763;3724;3721;3783;3730;6;;;;;;;0;0;0;90;36;-1354;0;0;0;14;1690;32.28;1112.09;0;-30;8;0;;;100;100;14;0;0;0;0;2;1;;;;
88.909638;139.977702;554;554;шўы.22;365;590;590;рту.71;512;166438;28.09.2021 0:38;28.09.2021 8:38;16;0;0.00;22.483000;88.909079;139.979043;0.00;-6.93;02.џэт;-8;3;-135;0;1;0;72;77;-12806;2102;22483;3053.00;93;NAVI;1;0;0;0;0;0;0;1,63279E+12;3711;3763;3724;3721;3783;3730;6;;;;;;;0;0;0;88;34;-1354;0;0;0;14;1688;32.28;1114.62;0;-30;8;0;;;100;100;14;0;0;0;0;2;1;;;;
88.909638;139.977698;553;553;шўы.22;366;590;590;рту.71;512;166471;28.09.2021 0:38;28.09.2021 8:38;16;0;0.00;22.483000;88.909079;139.979043;0.00;-6.93;02.џэт;-8;3;-135;0;1;0;72;77;-12806;2102;22483;3053.00;93;NAVI;1;0;0;0;0;0;0;1,63279E+12;3711;3763;3724;3721;3783;3730;6;;;;;;;0;0;0;84;37;-1354;0;0;0;14;1688;32.28;1117.16;0;-30;8;0;;;100;100;14;0;0;0;0;2;1;;;;
88.909638;139.977693;553;553;шўы.29;367;590;590;рту.71;512;166528;28.09.2021 0:38;28.09.2021 8:38;16;0;0.00;22.483000;88.909079;139.979043;0.00;-6.93;єхт.24;-8;3;-135;0;1;0;72;77;-12806;2102;22483;3053.00;93;NAVI;1;0;0;0;0;0;0;1,63279E+12;3711;3763;3724;3721;3783;3730;6;;;;;;;0;0;0;83;37;-1353;0;0;0;14;1686;32.57;1119.71;0;-30;10;0;;;100;100;14;0;0;0;0;2;1;;;;
88.909638;139.977689;553;553;шўы.29;368;590;590;рту.71;512;166707;28.09.2021 0:38;28.09.2021 8:38;16;0;0.00;22.483000;88.909079;139.979043;0.00;-6.93;єхт.24;-8;3;-135;0;1;0;72;77;-12806;2102;22483;3053.00;93;NAVI;1;0;0;0;0;0;0;1,63279E+12;3711;3763;3724;3721;3783;3730;6;;;;;;;0;0;0;84;32;-1351;0;0;0;14;1686;32.57;1122.25;0;-30;10;0;;;100;100;14;0;0;0;0;2;1;;;;
88.909638;139.977684;552;552;шўы.29;369;590;590;рту.71;512;166747;28.09.2021 0:38;28.09.2021 8:38;16;0;0.00;22.483000;88.909079;139.979043;0.00;-6.93;єхт.24;-8;2;-135;0;1;0;72;77;-12806;2102;22483;3053.00;93;NAVI;1;0;0;0;0;0;0;1,63279E+12;3711;3763;3724;3721;3783;3730;6;;;;;;;0;0;0;81;28;-1351;0;0;0;14;1685;32.57;1124.78;0;-30;10;0;;;100;100;14;0;0;0;0;2;1;;;;
88.909638;139.977680;552;552;шўы.36;369;590;590;рту.71;512;166828;28.09.2021 0:38;28.09.2021 8:38;16;0;0.00;22.483000;88.909079;139.979043;0.00;-6.93;єхт.46;-8;2;-135;0;1;0;72;77;-12806;2102;22483;3053.00;93;NAVI;1;0;0;0;0;0;0;1,63279E+12;3711;3763;3724;3721;3783;3730;6;;;;;;;0;0;0;80;27;-1350;0;0;0;14;1683;32.89;1127.31;0;-30;11;0;;;100;100;14;0;0;0;0;2;1;;;;
88.909638;139.977676;552;552;шўы.36;370;590;590;рту.71;512;166984;2021-09-28 00:38:40.082;2021-09-28 08:38:40.082;16;0;0.00;22.483000;88.909079;139.979043;0.00;-6.93;єхт.46;-8;2;-135;0;1;0;72;77;-12806;2102;22483;3053.00;93;NAVI;1;0;0;0;0;0;0;1,63279E+12;3711;3763;3724;3721;3783;3730;6;;;;;;;0;0;0;81;27;-1350;0;0;0;14;1683;32.89;1129.85;0;-30;11;0;;;100;100;14;0;0;0;0;2;1;;;;
88.909638;139.977671;551;551;шўы.36;371;590;590;рту.71;512;167038;28.09.2021 0:38;28.09.2021 8:38;16;0;0.00;22.483000;88.909079;139.979043;0.00;-6.93;єхт.46;-8;2;-135;0;1;0;72;77;-12806;2102;22483;3053.00;93;NAVI;1;0;0;0;0;0;0;1,63279E+12;3711;3763;3724;3721;3783;3730;6;;;;;;;0;0;0;83;26;-1350;0;0;0;14;1681;32.89;1132.40;0;-30;11;0;;;100;100;14;0;0;0;0;2;1;;;;
88.909638;139.977667;551;551;шўы.36;372;590;590;рту.71;512;167328;28.09.2021 0:38;28.09.2021 8:38;16;0;0.00;22.490000;88.909079;139.979043;0.00;-6.93;єхт.46;-8;2;-135;0;1;0;72;77;-12726;2073;22490;3054.00;93;NAVI;1;0;0;0;0;0;0;1,63279E+12;3711;3763;3724;3721;3783;3730;6;;;;;;;0;0;0;84;23;-1350;0;0;0;14;1680;32.89;1134.94;0;-30;11;0;;;100;100;14;0;0;0;0;2;1;;;;
88.909638;139.977663;550;550;шўы.36;373;590;590;рту.71;512;167398;28.09.2021 0:38;28.09.2021 8:38;16;0;0.00;22.490000;88.909079;139.979043;0.00;-6.93;єхт.46;-8;2;-134;0;1;0;72;77;-12726;2073;22490;3054.00;93;NAVI;1;0;0;0;0;0;0;1,63279E+12;3711;3763;3724;3721;3783;3730;6;;;;;;;0;0;0;86;21;-1349;0;0;0;14;1678;32.89;1137.48;0;-30;11;0;;;100;100;14;0;0;0;0;2;1;;;;
88.909638;139.977658;550;550;шўы.36;374;590;590;рту.71;512;167430;28.09.2021 0:38;28.09.2021 8:38;16;0;0.00;22.490000;88.909079;139.979043;0.00;-6.71;єхт.46;-8;2;-134;0;1;0;72;77;-12726;2073;22490;3054.00;93;NAVI;1;0;0;0;0;0;0;1,63279E+12;3711;3763;3724;3721;3783;3730;6;;;;;;;0;0;0;88;20;-1349;0;0;0;14;1678;32.89;1140.01;0;-30;11;0;;;100;100;14;0;0;0;0;2;1;;;;
88.909638;139.977654;550;550;шўы.15;374;590;590;рту.71;512;167470;28.09.2021 0:38;28.09.2021 8:38;16;0;0.00;22.490000;88.909079;139.979043;0.00;-6.71;єхт.46;-8;2;-134;0;1;0;72;77;-12726;2073;22490;3054.00;93;NAVI;1;0;0;0;0;0;0;1,63279E+12;3711;3763;3724;3721;3783;3730;6;;;;;;;0;0;0;89;21;-1349;0;0;0;14;1676;31.95;1142.54;0;-30;11;0;;;100;100;14;0;0;0;0;2;1;;;;
88.909639;139.977650;549;549;шўы.15;375;590;590;рту.71;512;167541;28.09.2021 0:38;28.09.2021 8:38;16;0;0.00;22.490000;88.909079;139.979043;0.00;-6.71;єхт.46;-8;2;-134;0;1;0;72;77;-12726;2073;22490;3054.00;93;NAVI;1;0;0;0;0;0;0;1,63279E+12;3716;3768;3738;3732;3793;3752;6;;;;;;;0;0;0;89;21;-1349;0;0;0;14;1675;31.95;1145.07;0;-30;11;0;;;100;100;14;0;0;0;0;2;1;;;;
88.909639;139.977645;549;549;шўы.15;376;590;590;рту.71;512;167637;28.09.2021 0:38;28.09.2021 8:38;16;0;0.00;22.490000;88.909079;139.979043;0.00;-6.71;єхт.46;-8;2;-134;0;1;0;72;77;-12726;2073;22490;3054.00;93;NAVI;1;0;0;0;0;0;0;1,63279E+12;3716;3768;3738;3732;3793;3752;6;;;;;;;0;0;0;88;22;-1349;0;0;0;14;1673;31.95;1147.59;0;-30;11;0;;;100;100;14;0;0;0;0;2;1;;;;
88.909638;139.977641;548;548;шўы.15;377;590;590;рту.71;512;167767;28.09.2021 0:38;28.09.2021 8:38;16;0;0.00;22.490000;88.909079;139.979043;0.00;-6.71;єхт.46;-8;2;-135;0;1;0;72;77;-12726;2073;22490;3054.00;93;NAVI;1;0;0;0;0;0;0;1,63279E+12;3716;3768;3738;3732;3793;3752;6;;;;;;;0;0;0;86;25;-1350;0;0;0;14;1673;31.95;1150.08;0;-30;11;0;;;100;100;14;0;0;0;0;2;1;;;;
88.909638;139.977637;548;548;шўы.15;378;590;590;рту.71;512;167857;28.09.2021 0:38;28.09.2021 8:38;16;0;0.00;22.490000;88.909079;139.979043;0.00;-6.71;єхт.46;-8;2;-135;0;1;0;72;77;-12726;2073;22490;3054.00;93;NAVI;1;0;0;0;0;0;0;1,63279E+12;3716;3768;3738;3732;3793;3752;6;;;;;;;0;0;0;85;27;-1350;0;0;0;14;1671;31.95;1152.53;0;-30;11;0;;;100;100;14;0;0;0;0;2;1;;;;
88.909638;139.977632;548;548;шўы.15;378;590;590;рту.71;512;167957;2021-09-28 00:38:41.055;2021-09-28 08:38:41.056;16;0;0.00;22.490000;88.909079;139.979043;0.00;-6.71;єхт.46;-8;2;-135;0;1;0;72;77;-12726;2073;22490;3054.00;93;NAVI;1;0;0;0;0;0;0;1,63279E+12;3716;3768;3738;3732;3793;3752;6;;;;;;;0;0;0;85;27;-1350;0;0;0;14;1671;31.95;1155.00;0;-30;11;0;;;100;100;14;0;0;0;0;2;1;;;;
88.909638;139.977628;547;547;07.шўы;379;590;590;рту.71;512;168050;28.09.2021 0:38;28.09.2021 8:38;16;0;0.00;22.490000;88.909079;139.979043;0.00;-6.71;єхт.24;-8;2;-135;0;1;0;72;77;-12726;2073;22490;3054.00;93;NAVI;1;0;0;0;0;0;0;1,63279E+12;3716;3768;3738;3732;3793;3752;6;;;;;;;0;0;0;85;27;-1351;0;0;0;14;1670;31.62;1157.49;0;-30;10;0;;;100;100;14;0;0;0;0;2;1;;;;
88.909638;139.977624;547;547;шўы.15;380;590;590;рту.71;512;168517;28.09.2021 0:38;28.09.2021 8:38;16;0;0.00;22.525999;88.909079;139.979043;0.00;-6.71;єхт.46;-8;3;-135;0;1;0;71;77;-12413;2073;22526;3054.00;93;NAVI;1;0;0;0;0;0;0;1,63279E+12;3716;3768;3738;3732;3793;3752;6;;;;;;;0;0;0;81;30;-1351;0;0;0;14;1668;31.95;1159.97;0;-30;11;0;;;100;100;14;0;0;0;0;2;1;;;;
88.909638;139.977611;546;546;шўы.15;382;590;590;рту.71;512;168557;28.09.2021 0:38;28.09.2021 8:38;16;0;0.00;22.525999;88.909079;139.979043;0.00;-6.71;єхт.46;-8;3;-135;0;1;0;71;77;-12413;2073;22526;3054.00;93;NAVI;1;0;0;0;0;0;0;1,63279E+12;3716;3768;3738;3732;3793;3752;6;;;;;;;0;0;0;80;32;-1350;0;0;0;14;1665;31.95;1167.33;0;-30;11;0;;;100;100;14;0;0;0;0;2;1;;;;
88.909638;139.977607;545;545;шўы.15;383;590;590;рту.71;512;168603;28.09.2021 0:38;28.09.2021 8:38;16;0;0.00;22.525999;88.909079;139.979043;0.00;-6.71;єхт.46;-8;3;-135;0;1;0;71;77;-12413;2073;22526;3054.00;93;NAVI;1;0;0;0;0;0;0;1,63279E+12;3716;3768;3738;3732;3793;3752;6;;;;;;;0;0;0;81;32;-1350;0;0;0;14;1663;31.95;1169.77;0;-30;11;0;;;100;100;14;0;0;0;0;2;1;;;;
88.909638;139.977607;545;545;шўы.15;383;590;590;рту.71;512;168609;28.09.2021 0:38;28.09.2021 8:38;16;0;0.00;22.525999;88.909079;139.979043;0.00;-6.71;єхт.46;-8;3;-135;0;1;0;71;77;-12413;2073;22526;3054.00;93;NAVI;1;0;0;0;0;0;0;1,63279E+12;3716;3768;3738;3732;3793;3752;6;;;;;;;0;0;0;81;32;-1350;0;0;0;14;1663;31.95;1169.77;0;-30;11;0;;;100;100;14;0;0;0;0;2;1;;;;
88.909638;139.977607;545;545;шўы.15;383;590;590;рту.71;512;168615;28.09.2021 0:38;28.09.2021 8:38;16;0;0.00;22.525999;88.909079;139.979043;0.00;-6.71;єхт.46;-8;3;-135;0;1;0;71;77;-12413;2073;22526;3054.00;93;NAVI;1;0;0;0;0;0;0;1,63279E+12;3716;3768;3738;3732;3793;3752;6;;;;;;;0;0;0;81;32;-1350;0;0;0;14;1663;31.95;1169.77;0;-30;11;0;;;100;100;14;0;0;0;0;2;1;;;;
88.909638;139.977602;545;545;шўы.15;384;590;590;рту.71;512;168680;28.09.2021 0:38;28.09.2021 8:38;16;0;0.00;22.525999;88.909079;139.979043;0.00;-6.71;єхт.46;-8;3;-135;0;1;0;71;77;-12413;2073;22526;3054.00;93;NAVI;1;0;0;0;0;0;0;1,63279E+12;3716;3768;3738;3732;3793;3752;6;;;;;;;0;0;0;83;32;-1350;0;0;0;14;1663;31.95;1172.25;0;-30;11;0;;;100;100;14;0;0;0;0;2;1;;;;
88.909638;139.977598;544;544;шўы.15;385;590;590;рту.71;512;168768;28.09.2021 0:38;28.09.2021 8:38;16;0;0.00;22.525999;88.909079;139.979043;0.00;-6.71;єхт.46;-8;3;-135;0;1;0;71;77;-12413;2073;22526;3054.00;93;NAVI;1;0;0;0;0;0;0;1,63279E+12;3716;3768;3738;3732;3793;3752;6;;;;;;;0;0;0;84;32;-1350;0;0;0;14;1661;31.95;1174.73;0;-30;11;0;;;100;100;14;0;0;0;0;2;1;;;;
88.909638;139.977594;544;544;шўы.15;386;590;590;рту.71;512;168940;2021-09-28 00:38:42.038;2021-09-28 08:38:42.038;16;0;0.00;22.525999;88.909079;139.979043;0.00;-6.71;єхт.46;-8;3;-135;0;1;0;71;77;-12413;2073;22526;3054.00;93;NAVI;1;0;0;0;0;0;0;1,63279E+12;3716;3768;3738;3732;3793;3752;6;;;;;;;0;0;0;85;32;-1350;0;0;0;14;1660;31.95;1177.21;0;-30;11;0;;;100;100;14;0;0;0;0;2;1;;;;
88.909638;139.977590;544;544;шўы.15;387;590;590;рту.71;512;168988;2021-09-28 00:38:42.086;2021-09-28 08:38:42.086;16;0;0.00;22.525999;88.909079;139.979043;0.00;-6.71;єхт.46;-8;3;-135;0;1;0;71;77;-12413;2073;22526;3054.00;93;NAVI;1;0;0;0;0;0;0;1,63279E+12;3716;3768;3738;3732;3793;3752;6;;;;;;;0;0;0;85;34;-1350;0;0;0;14;1658;31.95;1179.69;0;-30;11;0;;;100;100;14;0;0;0;0;2;1;;;;
88.909638;139.977585;543;543;шўы.15;387;590;590;рту.71;512;169087;28.09.2021 0:38;28.09.2021 8:38;16;0;0.00;22.525999;88.909079;139.979043;0.00;-6.71;єхт.46;-8;3;-135;0;1;0;71;77;-12413;2073;22526;3054.00;93;NAVI;1;0;0;0;0;0;0;1,63279E+12;3716;3768;3738;3732;3793;3752;6;;;;;;;0;0;0;85;32;-1350;0;0;0;14;1658;31.95;1182.18;0;-30;11;0;;;100;100;14;0;0;0;0;2;1;;;;
88.909638;139.977581;543;543;шўы.15;388;590;590;рту.71;512;169498;28.09.2021 0:38;28.09.2021 8:38;16;0;0.00;22.530001;88.909079;139.979043;0.00;-6.71;єхт.46;-8;3;-135;0;1;0;71;77;-12258;2073;22530;3054.00;93;NAVI;1;0;0;0;0;0;0;1,63279E+12;3716;3768;3738;3732;3793;3752;6;;;;;;;0;0;0;83;32;-1350;0;0;0;14;1656;31.95;1184.67;0;-30;11;0;;;100;100;14;0;0;0;0;2;1;;;;
88.909638;139.977568;542;542;шўы.15;391;590;590;рту.71;512;169528;28.09.2021 0:38;28.09.2021 8:38;16;0;0.00;22.530001;88.909079;139.979043;0.00;-6.71;єхт.46;-8;3;-135;0;1;0;71;77;-12258;2073;22530;3054.00;93;NAVI;1;0;0;0;0;0;0;1,63279E+12;3716;3768;3738;3732;3793;3752;6;;;;;;;0;0;0;83;35;-1351;0;0;0;14;1653;31.95;1192.09;0;-30;11;0;;;100;100;14;0;0;0;0;2;1;;;;
88.909638;139.977568;542;542;шўы.15;391;590;590;рту.71;512;169530;28.09.2021 0:38;28.09.2021 8:38;16;0;0.00;22.530001;88.909079;139.979043;0.00;-6.71;єхт.46;-8;3;-135;0;1;0;71;77;-12258;2073;22530;3054.00;93;NAVI;1;0;0;0;0;0;0;1,63279E+12;3716;3768;3738;3732;3793;3752;6;;;;;;;0;0;0;83;35;-1351;0;0;0;14;1653;31.95;1192.09;0;-30;11;0;;;100;100;14;0;0;0;0;2;1;;;;
88.909638;139.977568;542;542;шўы.15;391;590;590;рту.71;512;169533;28.09.2021 0:38;28.09.2021 8:38;16;0;0.00;22.530001;88.909079;139.979043;0.00;-6.71;єхт.46;-8;3;-135;0;1;0;71;77;-12258;2073;22530;3054.00;93;NAVI;1;0;0;0;0;0;0;1,63279E+12;3716;3768;3738;3732;3793;3752;6;;;;;;;0;0;0;83;35;-1351;0;0;0;14;1653;31.95;1192.09;0;-30;11;0;;;100;100;14;0;0;0;0;2;1;;;;
88.909638;139.977564;541;541;шўы.15;391;590;590;рту.71;512;169597;28.09.2021 0:38;28.09.2021 8:38;16;0;0.00;22.530001;88.909079;139.979043;0.00;-6.71;єхт.46;-8;3;-135;0;1;0;71;77;-12258;2073;22530;3054.00;93;NAVI;1;0;0;0;0;0;0;1,63279E+12;3716;3768;3738;3732;3793;3752;6;;;;;;;0;0;0;83;37;-1353;0;0;0;14;1651;31.95;1194.55;0;-30;11;0;;;100;100;14;0;0;0;0;2;1;;;;
88.909638;139.977560;541;541;шўы.15;392;590;590;рту.71;512;169688;28.09.2021 0:38;28.09.2021 8:38;16;0;0.00;22.530001;88.909079;139.979043;0.00;-6.71;єхт.46;-8;4;-135;0;1;0;71;77;-12258;2073;22530;3054.00;93;NAVI;1;0;0;0;0;0;0;1,63279E+12;3716;3768;3738;3732;3793;3752;6;;;;;;;0;0;0;81;42;-1353;0;0;0;14;1651;31.95;1197.03;0;-30;11;0;;;100;100;14;0;0;0;0;2;1;;;;
88.909638;139.977555;541;541;шўы.23;393;590;590;рту.71;512;169858;28.09.2021 0:38;28.09.2021 8:38;16;0;0.00;22.530001;88.909079;139.979043;0.00;-6.71;єхт.68;-8;4;-135;0;1;0;71;77;-12258;2073;22530;3054.00;93;NAVI;1;0;0;0;0;0;0;1,63279E+12;3716;3768;3738;3732;3793;3752;6;;;;;;;0;0;0;80;40;-1353;0;0;0;14;1650;32.31;1199.53;0;-30;12;0;;;100;100;14;0;0;0;0;2;1;;;;
88.909638;139.977551;541;541;шўы.23;394;590;590;рту.71;512;169890;28.09.2021 0:38;28.09.2021 8:38;16;0;0.00;22.530001;88.909079;139.979043;0.00;-6.71;єхт.68;-7;4;-135;0;1;0;71;77;-12258;2073;22530;3054.00;93;NAVI;1;0;0;0;0;0;0;1,63279E+12;3716;3768;3738;3732;3793;3752;6;;;;;;;0;0;0;78;42;-1353;0;0;0;14;1648;32.31;1202.03;0;-30;12;0;;;100;100;14;0;0;0;0;2;1;;;;
88.909638;139.977547;540;540;шўы.15;395;590;590;рту.71;512;170018;28.09.2021 0:38;28.09.2021 8:38;16;0;0.00;22.530001;88.909079;139.979043;0.00;-6.71;єхт.46;-7;4;-135;0;1;0;71;77;-12258;2073;22530;3054.00;93;NAVI;1;0;0;0;0;0;0;1,63279E+12;3716;3768;3738;3732;3793;3752;6;;;;;;;0;0;0;78;42;-1353;0;0;0;14;1646;31.95;1204.54;0;-30;11;0;;;100;100;14;0;0;0;0;2;1;;;;
88.909638;139.977543;540;540;шўы.23;396;590;590;рту.71;512;170098;28.09.2021 0:38;28.09.2021 8:38;16;0;0.00;22.530001;88.909079;139.979043;0.00;-6.71;єхт.68;-8;3;-135;0;1;0;71;77;-12258;2073;22530;3054.00;93;NAVI;1;0;0;0;0;0;0;1,63279E+12;3716;3768;3738;3732;3793;3752;6;;;;;;;0;0;0;80;39;-1353;0;0;0;14;1646;32.31;1207.08;0;-30;12;0;;;100;100;14;0;0;0;0;2;1;;;;
88.909638;139.977538;539;539;шўы.36;396;590;590;рту.71;512;170470;28.09.2021 0:38;28.09.2021 8:38;16;0;0.00;22.530001;88.909079;139.979043;0.00;-6.71;єхт.91;-8;3;-135;0;1;0;71;77;-12258;2073;22530;3054.00;93;NAVI;1;0;0;0;0;0;0;1,63279E+12;3716;3768;3738;3732;3793;3752;6;;;;;;;0;0;0;84;34;-1354;0;0;0;14;1645;32.89;1209.64;0;-30;12;0;;;100;100;14;0;0;0;0;2;1;;;;
88.909638;139.977526;538;538;шўы.31;399;590;590;рту.71;512;170580;28.09.2021 0:38;28.09.2021 8:38;16;0;0.00;22.530001;88.909079;139.979043;0.00;-6.71;єхт.91;-7;2;-135;0;1;0;71;77;-12258;2073;22530;3054.00;93;NAVI;1;0;0;0;0;0;0;1,63279E+12;3716;3768;3738;3732;3793;3752;6;;;;;;;0;0;0;79;21;-1355;0;0;0;14;1641;32.70;1217.36;0;-30;12;0;;;100;100;14;0;0;0;0;2;1;;;;
88.909638;139.977521;538;538;шўы.31;400;590;590;рту.71;512;170610;28.09.2021 0:38;28.09.2021 8:38;16;0;0.00;22.530001;88.909079;139.979043;0.00;-6.71;єхт.91;-8;1;-135;0;1;0;71;77;-12258;2073;22530;3054.00;93;NAVI;1;0;0;0;0;0;0;1,63279E+12;3716;3768;3738;3732;3793;3752;6;;;;;;;0;0;0;80;18;-1355;0;0;0;14;1640;32.70;1219.89;0;-30;12;0;;;100;100;14;0;0;0;0;2;1;;;;
88.909638;139.977517;537;537;шўы.31;401;590;590;рту.71;512;170639;28.09.2021 0:38;28.09.2021 8:38;16;0;0.00;22.530001;88.909079;139.979043;0.00;-6.71;єхт.91;-8;1;-135;0;1;0;71;77;-12258;2073;22530;3054.00;93;NAVI;1;0;0;0;0;0;0;1,63279E+12;3716;3768;3738;3732;3793;3752;6;;;;;;;0;0;0;81;18;-1355;0;0;0;14;1638;32.70;1222.41;0;-30;12;0;;;100;100;14;0;0;0;0;2;1;;;;
88.909638;139.977517;537;537;шўы.31;401;590;590;рту.71;512;170645;28.09.2021 0:38;28.09.2021 8:38;16;0;0.00;22.530001;88.909079;139.979043;0.00;-6.71;єхт.91;-8;1;-135;0;1;0;71;77;-12258;2073;22530;3054.00;93;NAVI;1;0;0;0;0;0;0;1,63279E+12;3716;3768;3738;3732;3793;3752;6;;;;;;;0;0;0;81;18;-1355;0;0;0;14;1638;32.70;1222.41;0;-30;12;0;;;100;100;14;0;0;0;0;2;1;;;;
88.909638;139.977517;537;537;шўы.31;401;590;590;рту.71;512;170652;28.09.2021 0:38;28.09.2021 8:38;16;0;0.00;22.530001;88.909079;139.979043;0.00;-6.71;єхт.91;-8;1;-135;0;1;0;71;77;-12258;2073;22530;3054.00;93;NAVI;1;0;0;0;0;0;0;1,63279E+12;3716;3768;3738;3732;3793;3752;6;;;;;;;0;0;0;81;18;-1355;0;0;0;14;1638;32.70;1222.41;0;-30;12;0;;;100;100;14;0;0;0;0;2;1;;;;
88.909638;139.977513;537;537;шўы.31;401;590;590;рту.71;512;170809;28.09.2021 0:38;28.09.2021 8:38;16;0;0.00;22.530001;88.909079;139.979043;0.00;-6.71;єхт.91;-8;2;-135;0;1;0;71;77;-12258;2073;22530;3054.00;93;NAVI;1;0;0;0;0;0;0;1,63279E+12;3716;3768;3738;3732;3793;3752;6;;;;;;;0;0;0;83;20;-1355;0;0;0;14;1636;32.70;1224.93;0;-30;12;0;;;100;100;14;0;0;0;0;2;1;;;;
88.909638;139.977509;536;536;шўы.31;402;590;590;рту.71;512;170840;28.09.2021 0:38;28.09.2021 8:38;16;0;0.00;22.530001;88.909079;139.979043;0.00;-6.71;єхт.91;-8;2;-135;0;1;0;71;77;-12258;2073;22530;3054.00;93;NAVI;1;0;0;0;0;0;0;1,63279E+12;3716;3768;3738;3732;3793;3752;6;;;;;;;0;0;0;84;22;-1355;0;0;0;14;1636;32.70;1227.46;0;-30;12;0;;;100;100;14;0;0;0;0;2;1;;;;
88.909638;139.977505;536;536;шўы.31;403;590;590;рту.71;512;170920;2021-09-28 00:38:44.018;2021-09-28 08:38:44.018;16;0;0.00;22.530001;88.909079;139.979043;0.00;-6.71;єхт.91;-8;2;-135;0;1;0;71;77;-12258;2073;22530;3054.00;93;NAVI;1;0;0;0;0;0;0;1,63279E+12;3716;3768;3738;3732;3793;3752;6;;;;;;;0;0;0;81;27;-1355;0;0;0;14;1635;32.70;1229.96;0;-30;12;0;;;100;100;14;0;0;0;0;2;1;;;;
88.909638;139.977501;535;535;шўы.31;404;590;590;рту.71;512;171088;28.09.2021 0:38;28.09.2021 8:38;16;0;0.00;22.530001;88.909079;139.979043;0.00;-6.71;єхт.91;-7;3;-135;0;1;0;71;77;-12258;2073;22530;3054.00;93;NAVI;1;0;0;0;0;0;0;1,63279E+12;3716;3768;3738;3732;3793;3752;6;;;;;;;0;0;0;79;31;-1355;0;0;0;14;1633;32.70;1232.41;0;-30;12;0;;;100;100;14;0;0;0;0;2;1;;;;
88.909638;139.977496;535;535;07.эюџ;405;590;590;рту.71;512;171137;28.09.2021 0:38;28.09.2021 8:38;16;0;0.00;22.530001;88.909079;139.979043;0.00;-6.49;єхт.91;-7;3;-135;0;1;0;71;77;-12235;2073;22530;3054.00;93;NAVI;1;0;0;0;0;0;0;1,63279E+12;3716;3768;3738;3732;3793;3752;6;;;;;;;0;0;0;75;35;-1355;0;0;0;14;1631;31.78;1234.85;0;-29;12;0;;;100;100;14;0;0;0;0;2;1;;;;
88.909638;139.977492;535;535;07.эюџ;405;590;590;рту.71;512;171498;28.09.2021 0:38;28.09.2021 8:38;16;0;0.00;22.530001;88.909079;139.979043;0.00;-6.49;ьр№.13;-7;4;-135;0;1;0;71;77;-12235;2073;22530;3054.00;93;NAVI;1;0;0;0;0;0;0;1,63279E+12;3716;3768;3738;3732;3793;3752;6;;;;;;;0;0;0;70;40;-1355;0;0;0;14;1631;31.80;1237.29;0;-29;13;0;;;100;99;14;0;0;0;0;2;1;;;;
88.909638;139.977484;534;534;шўы.20;407;590;590;рту.71;512;171560;28.09.2021 0:38;28.09.2021 8:38;16;0;0.00;22.530001;88.909079;139.979043;0.00;-6.49;ьр№.13;-6;4;-135;0;1;0;71;77;-12235;2073;22530;3054.00;93;NAVI;1;0;0;0;0;0;0;1,63279E+12;3716;3768;3738;3732;3793;3752;6;;;;;;;0;0;0;68;45;-1354;0;0;0;14;1628;32.20;1242.22;0;-29;13;0;;;100;99;14;0;0;0;0;2;1;;;;
88.909638;139.977480;533;533;шўы.20;408;590;590;рту.71;512;171611;28.09.2021 0:38;28.09.2021 8:38;16;0;0.00;22.530001;88.909079;139.979043;0.00;-6.71;ьр№.13;-6;4;-135;0;1;0;71;77;-12235;2073;22530;3054.00;93;NAVI;1;0;0;0;0;0;0;1,63279E+12;3716;3768;3738;3732;3793;3752;6;;;;;;;0;0;0;69;42;-1354;0;0;0;14;1626;32.20;1244.71;0;-30;13;0;;;100;99;14;0;0;0;0;2;1;;;;
88.909638;139.977476;533;533;шўы.41;409;590;590;рту.71;512;171648;28.09.2021 0:38;28.09.2021 8:38;16;0;0.00;22.530001;88.909079;139.979043;0.00;-6.71;ьр№.13;-7;3;-135;0;1;0;71;77;-12235;2073;22530;3054.00;93;NAVI;1;0;0;0;0;0;0;1,63279E+12;3716;3768;3738;3732;3793;3752;6;;;;;;;0;0;0;73;37;-1354;0;0;0;14;1625;33.11;1247.24;0;-30;13;0;;;100;99;14;0;0;0;0;2;1;;;;
88.909638;139.977476;533;533;шўы.41;409;590;590;рту.71;512;171651;28.09.2021 0:38;28.09.2021 8:38;16;0;0.00;22.530001;88.909079;139.979043;0.00;-6.71;ьр№.13;-7;3;-135;0;1;0;71;77;-12235;2073;22530;3054.00;93;NAVI;1;0;0;0;0;0;0;1,63279E+12;3716;3768;3738;3732;3793;3752;6;;;;;;;0;0;0;73;37;-1354;0;0;0;14;1625;33.11;1247.24;0;-30;13;0;;;100;99;14;0;0;0;0;2;1;;;;
88.909638;139.977471;532;532;шўы.41;410;590;590;рту.71;512;171741;28.09.2021 0:38;28.09.2021 8:38;16;0;0.00;22.530001;88.909079;139.979043;0.00;-6.71;ьр№.13;-7;3;-135;0;1;0;71;77;-12235;2073;22530;3054.00;93;NAVI;1;0;0;0;0;0;0;1,63279E+12;3716;3768;3738;3732;3793;3752;6;;;;;;;0;0;0;75;31;-1354;0;0;0;14;1623;33.11;1249.79;0;-30;13;0;;;100;99;14;0;0;0;0;2;1;;;;
88.909638;139.977467;532;532;шўы.41;410;590;590;рту.71;512;171852;28.09.2021 0:38;28.09.2021 8:38;16;0;0.00;22.530001;88.909079;139.979043;0.00;-6.71;ьр№.13;-8;2;-135;0;1;0;71;77;-12235;2073;22530;3054.00;93;NAVI;1;0;0;0;0;0;0;1,63279E+12;3716;3768;3738;3732;3793;3752;6;;;;;;;0;0;0;80;25;-1354;0;0;0;14;1621;33.11;1252.38;0;-30;13;0;;;100;99;14;0;0;0;0;2;1;;;;
88.909639;139.977463;531;531;шўы.41;411;590;590;рту.71;512;171957;2021-09-28 00:38:45.055;2021-09-28 08:38:45.056;16;0;0.00;22.530001;88.909079;139.979043;0.00;-6.71;ьр№.13;-8;2;-135;0;1;0;71;77;-12235;2073;22530;3054.00;93;NAVI;1;0;0;0;0;0;0;1,63279E+12;3716;3768;3738;3732;3793;3752;6;;;;;;;0;0;0;84;22;-1354;0;0;0;14;1620;33.11;1254.98;0;-30;13;0;;;100;99;14;0;0;0;0;2;1;;;;
88.909639;139.977459;531;531;шўы.41;412;590;590;рту.71;512;172057;28.09.2021 0:38;28.09.2021 8:38;16;0;0.00;22.530001;88.909079;139.979043;0.00;-6.71;ьр№.13;-8;2;-135;0;1;0;71;77;-12235;2073;22530;3054.00;93;NAVI;1;0;0;0;0;0;0;1,63279E+12;3716;3768;3738;3732;3793;3752;6;;;;;;;0;0;0;86;20;-1354;0;0;0;14;1618;33.11;1257.54;0;-30;13;0;;;100;99;14;0;0;0;0;2;1;;;;
88.909639;139.977451;530;530;шўы.41;414;590;590;рту.71;512;172538;28.09.2021 0:38;28.09.2021 8:38;16;0;0.00;22.591999;88.909079;139.979043;0.00;-6.71;ьр№.13;-9;1;-135;0;1;0;71;77;-11798;2073;22592;3055.00;93;NAVI;1;0;0;0;0;0;0;1,63279E+12;3716;3768;3738;3732;3793;3752;6;;;;;;;0;0;0;90;17;-1353;0;0;0;14;1616;33.11;1262.64;0;-30;13;0;;;100;99;14;0;0;0;0;2;1;;;;
88.909639;139.977438;528;528;шўы.41;416;590;590;рту.71;512;172578;28.09.2021 0:38;28.09.2021 8:38;16;0;0.00;22.591999;88.909079;139.979043;0.00;-6.71;ьр№.13;-8;2;-135;0;1;0;71;77;-11798;2073;22592;3055.00;93;NAVI;1;0;0;0;0;0;0;1,63279E+12;3716;3768;3738;3732;3793;3752;6;;;;;;;0;0;0;84;25;-1351;0;0;0;14;1611;33.11;1270.20;0;-30;13;0;;;100;99;14;0;0;0;0;2;1;;;;
88.909639;139.977438;528;528;шўы.41;416;590;590;рту.71;512;172580;28.09.2021 0:38;28.09.2021 8:38;16;0;0.00;22.591999;88.909079;139.979043;0.00;-6.71;ьр№.13;-8;2;-135;0;1;0;71;77;-11798;2073;22592;3055.00;93;NAVI;1;0;0;0;0;0;0;1,63279E+12;3716;3768;3738;3732;3793;3752;6;;;;;;;0;0;0;84;25;-1351;0;0;0;14;1611;33.11;1270.20;0;-30;13;0;;;100;99;14;0;0;0;0;2;1;;;;
88.909639;139.977438;528;528;шўы.41;416;590;590;рту.71;512;172583;28.09.2021 0:38;28.09.2021 8:38;16;0;0.00;22.591999;88.909079;139.979043;0.00;-6.71;ьр№.13;-8;2;-135;0;1;0;71;77;-11798;2073;22592;3055.00;93;NAVI;1;0;0;0;0;0;0;1,63279E+12;3716;3768;3738;3732;3793;3752;6;;;;;;;0;0;0;84;25;-1351;0;0;0;14;1611;33.11;1270.20;0;-30;13;0;;;100;99;14;0;0;0;0;2;1;;;;
88.909639;139.977434;528;528;шўы.41;417;590;590;рту.71;512;172670;28.09.2021 0:38;28.09.2021 8:38;16;0;0.00;22.591999;88.909079;139.979043;0.00;-6.71;ьр№.13;-8;2;-135;0;1;0;71;77;-11798;2073;22592;3055.00;93;NAVI;1;0;0;0;0;0;0;1,63279E+12;3716;3768;3738;3732;3793;3752;6;;;;;;;0;0;0;84;26;-1351;0;0;0;14;1610;33.11;1272.71;0;-30;13;0;;;100;99;14;0;0;0;0;2;1;;;;
88.909639;139.977430;527;527;шўы.41;418;590;590;рту.71;512;172760;28.09.2021 0:38;28.09.2021 8:38;16;0;0.00;22.591999;88.909079;139.979043;0.00;-6.71;ьр№.13;-8;2;-135;0;1;0;71;77;-11798;2073;22592;3055.00;93;NAVI;1;0;0;0;0;0;0;1,63279E+12;3716;3768;3738;3732;3793;3752;6;;;;;;;0;0;0;85;23;-1350;0;0;0;14;1608;33.11;1275.22;0;-30;13;0;;;100;100;14;0;0;0;0;2;1;;;;
88.909639;139.977426;527;527;07.эюџ;419;590;590;рту.71;512;172867;28.09.2021 0:38;28.09.2021 8:38;16;0;0.00;22.591999;88.909079;139.979043;0.00;-6.49;єхт.91;-8;2;-135;0;1;0;71;77;-11798;2073;22592;3055.00;93;NAVI;1;0;0;0;0;0;0;1,63279E+12;3716;3768;3738;3732;3793;3752;6;;;;;;;0;0;0;84;25;-1350;0;0;0;14;1606;31.78;1277.70;0;-29;12;0;;;100;100;14;0;0;0;0;2;1;;;;
88.909639;139.977422;526;526;шўы.20;419;590;590;рту.71;512;172999;2021-09-28 00:38:46.097;2021-09-28 08:38:46.097;17;0;0.00;22.591999;88.909079;139.979043;0.00;-6.49;ьр№.13;-8;2;-134;0;1;0;71;77;-11798;2073;22592;3055.00;93;NAVI;1;0;0;0;0;0;0;1,63279E+12;3716;3768;3738;3732;3793;3752;6;;;;;;;0;0;0;83;27;-1349;0;0;0;14;1606;32.20;1280.17;0;-29;13;0;;;100;100;14;0;0;0;0;2;1;;;;
88.909639;139.977417;526;526;шўы.20;420;590;590;рту.71;512;173077;28.09.2021 0:38;28.09.2021 8:38;17;0;0.00;22.591999;88.909079;139.979043;0.00;-6.49;ьр№.13;-8;2;-134;0;1;0;71;77;-11798;2073;22592;3055.00;93;NAVI;1;0;0;0;0;0;0;1,63279E+12;3716;3768;3738;3732;3793;3752;6;;;;;;;0;0;0;81;27;-1348;0;0;0;14;1603;32.20;1282.64;0;-29;13;0;;;100;100;14;0;0;0;0;2;1;;;;
88.909639;139.977413;525;525;шўы.20;421;590;590;рту.71;512;173179;28.09.2021 0:38;28.09.2021 8:38;17;0;0.00;22.559000;88.909079;139.979043;0.00;-6.49;ьр№.13;-8;2;-134;0;1;0;71;77;-11969;2073;22559;3055.00;93;NAVI;1;0;0;0;0;0;0;1,63279E+12;3716;3768;3738;3732;3793;3752;6;;;;;;;0;0;0;83;27;-1348;0;0;0;14;1603;32.20;1285.10;0;-29;13;0;;;100;100;14;0;0;0;0;2;1;;;;
88.909639;139.977409;525;525;07.эюџ;422;590;590;рту.71;512;173450;28.09.2021 0:38;28.09.2021 8:38;17;0;0.00;22.559000;88.909079;139.979043;0.00;-6.71;єхт.91;-8;2;-134;0;1;0;71;77;-11969;2073;22559;3055.00;93;NAVI;1;0;0;0;0;0;0;1,63279E+12;3716;3768;3738;3732;3793;3752;6;;;;;;;0;0;0;85;27;-1346;0;0;0;14;1601;31.78;1287.57;0;-30;12;0;;;100;100;14;0;0;0;0;2;1;;;;
88.909639;139.977401;524;524;шўы.31;424;590;590;рту.71;512;173487;28.09.2021 0:38;28.09.2021 8:38;17;0;0.00;22.559000;88.909079;139.979043;0.00;-6.71;єхт.91;-8;2;-134;0;1;0;71;77;-11969;2073;22559;3055.00;93;NAVI;1;0;0;0;0;0;0;1,63279E+12;3716;3768;3738;3732;3793;3752;6;;;;;;;0;0;0;86;27;-1346;0;0;0;14;1598;32.70;1292.53;0;-30;12;0;;;100;100;14;0;0;0;0;2;1;;;;
88.909639;139.977401;524;524;шўы.31;424;590;590;рту.71;512;173489;28.09.2021 0:38;28.09.2021 8:38;17;0;0.00;22.559000;88.909079;139.979043;0.00;-6.71;єхт.91;-8;2;-134;0;1;0;71;77;-11969;2073;22559;3055.00;93;NAVI;1;0;0;0;0;0;0;1,63279E+12;3716;3768;3738;3732;3793;3752;6;;;;;;;0;0;0;86;27;-1346;0;0;0;14;1598;32.70;1292.53;0;-30;12;0;;;100;100;14;0;0;0;0;2;1;;;;
88.909639;139.977397;523;523;шўы.20;424;590;590;рту.71;512;173588;28.09.2021 0:38;28.09.2021 8:38;16;0;0.00;22.559000;88.909079;139.979043;0.00;-6.49;ьр№.13;-8;2;-134;0;1;0;71;77;-11969;2073;22559;3055.00;93;NAVI;1;0;0;0;0;0;0;1,63279E+12;3716;3768;3738;3732;3793;3752;6;;;;;;;0;0;0;85;28;-1346;0;0;0;14;1596;32.20;1295.02;0;-29;13;0;;;100;100;14;0;0;0;0;2;1;;;;
88.909639;139.977393;523;523;07.эюџ;425;590;590;рту.71;512;173678;28.09.2021 0:38;28.09.2021 8:38;16;0;0.00;22.559000;88.909079;139.979043;0.00;-6.49;єхт.91;-8;3;-134;0;1;0;71;77;-11969;2073;22559;3055.00;93;NAVI;1;0;0;0;0;0;0;1,63279E+12;3716;3768;3738;3732;3793;3752;6;;;;;;;0;0;0;84;31;-1346;0;0;0;14;1596;31.78;1297.49;0;-29;12;0;;;100;100;14;0;0;0;0;2;1;;;;
88.909639;139.977388;522;522;07.эюџ;426;590;590;рту.71;512;173779;28.09.2021 0:38;28.09.2021 8:38;17;0;0.00;22.559000;88.909079;139.979043;0.00;-6.49;єхт.91;-8;3;-134;0;1;0;71;77;-11969;2073;22559;3055.00;93;NAVI;1;0;0;0;0;0;0;1,63279E+12;3716;3768;3738;3732;3793;3752;6;;;;;;;0;0;0;84;31;-1348;0;0;0;14;1593;31.78;1299.96;0;-29;12;0;;;100;100;14;0;0;0;0;2;1;;;;
88.909639;139.977384;522;522;шўы.31;427;590;590;рту.71;512;173920;2021-09-28 00:38:47.018;2021-09-28 08:38:47.019;17;0;0.00;22.559000;88.909079;139.979043;0.00;-6.71;єхт.91;-8;3;-134;0;1;0;71;77;-11969;2073;22559;3055.00;93;NAVI;1;0;0;0;0;0;0;1,63279E+12;3716;3768;3738;3732;3793;3752;6;;;;;;;0;0;0;83;31;-1349;0;0;0;14;1593;32.70;1302.43;0;-30;12;0;;;100;100;14;0;0;0;0;2;1;;;;
88.909639;139.977380;521;521;07.эюџ;428;590;590;рту.71;512;174010;28.09.2021 0:38;28.09.2021 8:38;16;0;0.00;22.559000;88.909079;139.979043;0.00;-6.49;ьр№.13;-7;2;-135;0;1;0;71;77;-11969;2073;22559;3055.00;93;NAVI;1;0;0;0;0;0;0;1,63279E+12;3716;3768;3738;3732;3793;3752;6;;;;;;;0;0;0;78;27;-1350;0;0;0;14;1591;31.78;1304.89;0;-29;13;0;;;100;100;14;0;0;0;0;2;1;;;;
88.909638;139.977376;521;521;шўы.20;428;590;590;рту.71;512;174051;28.09.2021 0:38;28.09.2021 8:38;16;0;0.00;22.559000;88.909079;139.979043;0.00;-6.49;ьр№.13;-7;2;-135;0;1;0;71;77;-11969;2073;22559;3055.00;93;NAVI;1;0;0;0;0;0;0;1,63279E+12;3716;3768;3738;3732;3793;3752;6;;;;;;;0;0;0;73;27;-1350;0;0;0;14;1590;32.20;1307.36;0;-29;13;0;;;100;100;14;0;0;0;0;2;1;;;;
88.909638;139.977372;520;520;шўы.30;429;590;590;рту.71;512;174127;28.09.2021 0:38;28.09.2021 8:38;16;0;0.00;22.559000;88.909079;139.979043;0.00;-6.49;ьр№.36;-7;2;-135;0;1;0;71;77;-11969;2073;22559;3055.00;93;NAVI;1;0;0;0;0;0;0;1,63279E+12;3716;3768;3738;3732;3793;3752;6;;;;;;;0;0;0;70;26;-1351;0;0;0;14;1588;32.65;1309.81;0;-29;15;0;;;100;100;14;0;0;0;0;2;1;;;;
88.909638;139.977368;520;520;шўы.30;430;590;590;рту.71;512;174488;28.09.2021 0:38;28.09.2021 8:38;16;0;0.00;22.537001;88.909079;139.979043;0.00;-6.49;ьр№.13;-6;2;-135;0;1;0;71;77;-12365;2073;22537;3056.00;93;NAVI;1;0;0;0;0;0;0;1,63279E+12;3716;3768;3738;3732;3793;3752;6;;;;;;;0;0;0;69;28;-1353;0;0;0;14;1586;32.65;1312.23;0;-29;13;0;;;100;100;14;0;0;0;0;2;1;;;;
88.909638;139.977360;519;519;шўы.20;432;590;590;рту.71;512;174537;28.09.2021 0:38;28.09.2021 8:38;16;0;0.00;22.537001;88.909079;139.979043;0.00;-6.49;ьр№.13;-7;3;-135;0;1;0;71;77;-12365;2073;22537;3056.00;93;NAVI;1;0;0;0;0;0;0;1,63279E+12;3716;3768;3738;3732;3793;3752;6;;;;;;;0;0;0;72;32;-1354;0;0;0;14;1583;32.20;1317.05;0;-29;13;0;;;100;100;14;0;0;0;0;2;1;;;;
88.909638;139.977356;519;519;шўы.20;432;590;590;рту.71;512;174570;28.09.2021 0:38;28.09.2021 8:38;16;0;0.00;22.537001;88.909079;139.979043;0.00;-6.49;ьр№.13;-7;3;-135;0;1;0;71;77;-12365;2073;22537;3056.00;93;NAVI;1;0;0;0;0;0;0;1,63279E+12;3716;3768;3738;3732;3793;3752;6;;;;;;;0;0;0;75;32;-1354;0;0;0;14;1581;32.20;1319.46;0;-29;13;0;;;100;100;14;0;0;0;0;2;1;;;;
88.909638;139.977356;519;519;шўы.20;432;590;590;рту.71;512;174573;28.09.2021 0:38;28.09.2021 8:38;16;0;0.00;22.537001;88.909079;139.979043;0.00;-6.49;ьр№.13;-7;3;-135;0;1;0;71;77;-12365;2073;22537;3056.00;93;NAVI;1;0;0;0;0;0;0;1,63279E+12;3716;3768;3738;3732;3793;3752;6;;;;;;;0;0;0;75;32;-1354;0;0;0;14;1581;32.20;1319.46;0;-29;13;0;;;100;100;14;0;0;0;0;2;1;;;;
88.909638;139.977352;518;518;шўы.30;433;590;590;рту.71;512;174627;28.09.2021 0:38;28.09.2021 8:38;16;0;0.00;22.537001;88.909079;139.979043;0.00;-6.49;ьр№.36;-7;3;-135;0;1;0;71;77;-12365;2073;22537;3056.00;93;NAVI;1;0;0;0;0;0;0;1,63279E+12;3716;3768;3738;3732;3793;3752;6;;;;;;;0;0;0;75;32;-1354;0;0;0;14;1581;32.65;1321.89;0;-29;15;0;;;100;100;14;0;0;0;0;2;1;;;;
88.909638;139.977348;518;518;шўы.30;434;590;590;рту.71;512;174720;28.09.2021 0:38;28.09.2021 8:38;16;0;0.00;22.537001;88.909079;139.979043;0.00;-6.49;ьр№.36;-7;3;-135;0;1;0;71;77;-12365;2073;22537;3056.00;93;NAVI;1;0;0;0;0;0;0;1,63279E+12;3716;3768;3738;3732;3793;3752;6;;;;;;;0;0;0;75;32;-1353;0;0;0;14;1578;32.65;1324.31;0;-29;15;0;;;100;100;14;0;0;0;0;2;1;;;;
88.909638;139.977344;517;517;шўы.30;435;590;590;рту.71;512;174830;28.09.2021 0:38;28.09.2021 8:38;16;0;0.00;22.537001;88.909079;139.979043;0.00;-6.49;ьр№.36;-7;3;-135;0;1;0;71;77;-12365;2073;22537;3056.00;93;NAVI;1;0;0;0;0;0;0;1,63279E+12;3716;3768;3738;3732;3793;3752;6;;;;;;;0;0;0;74;30;-1353;0;0;0;14;1578;32.65;1326.73;0;-29;15;0;;;100;100;14;0;0;0;0;2;1;;;;
88.909638;139.977340;517;517;шўы.30;436;590;590;рту.71;512;174937;2021-09-28 00:38:48.035;2021-09-28 08:38:48.036;17;0;0.00;22.537001;88.909079;139.979043;0.00;-6.49;ьр№.36;-7;3;-135;0;1;0;71;77;-12365;2073;22537;3056.00;93;NAVI;1;0;0;0;0;0;0;1,63279E+12;3716;3768;3738;3732;3793;3752;6;;;;;;;0;0;0;73;30;-1351;0;0;0;14;1576;32.65;1329.17;0;-29;15;0;;;100;100;14;0;0;0;0;2;1;;;;
88.909638;139.977335;516;516;шўы.20;436;590;590;рту.71;512;175045;28.09.2021 0:38;28.09.2021 8:38;17;0;0.00;22.537001;88.909079;139.979043;0.00;-6.49;ьр№.13;-7;2;-135;0;1;0;71;77;-12365;2073;22537;3056.00;93;NAVI;1;0;0;0;0;0;0;1,63279E+12;3716;3768;3738;3732;3793;3752;6;;;;;;;0;0;0;73;28;-1351;0;0;0;14;1575;32.20;1331.66;0;-29;13;0;;;100;100;14;0;0;0;0;2;1;;;;
88.909638;139.977331;516;516;шўы.20;437;590;590;рту.71;512;175128;28.09.2021 0:38;28.09.2021 8:38;16;0;0.00;22.513000;88.909079;139.979043;0.00;-6.49;ьр№.13;-7;2;-135;0;1;0;71;77;-12346;2073;22513;3056.00;93;NAVI;1;0;0;0;0;0;0;1,63279E+12;3716;3768;3738;3732;3793;3752;6;;;;;;;0;0;0;75;27;-1350;0;0;0;14;1573;32.20;1334.13;0;-29;13;0;;;100;100;14;0;0;0;0;2;1;;;;
88.909638;139.977327;515;515;шўы.30;438;590;590;рту.71;512;175241;28.09.2021 0:38;28.09.2021 8:38;16;0;0.00;22.513000;88.909079;139.979043;0.00;-6.49;ьр№.36;-7;2;-135;0;1;0;71;77;-12346;2073;22513;3056.00;93;NAVI;1;0;0;0;0;0;0;1,63279E+12;3716;3768;3738;3732;3793;3752;6;;;;;;;0;0;0;79;27;-1350;0;0;0;14;1571;32.65;1336.55;0;-29;15;0;;;100;100;14;0;0;0;0;2;1;;;;
88.909638;139.977323;515;515;07.эюџ;439;590;590;рту.71;512;175498;28.09.2021 0:38;28.09.2021 8:38;16;0;0.00;22.513000;88.909079;139.979043;0.00;-6.26;ьр№.36;-8;2;-135;0;1;0;71;77;-12346;2073;22513;3056.00;93;NAVI;1;0;0;0;0;0;0;1,63279E+12;3716;3768;3738;3732;3793;3752;6;;;;;;;0;0;0;80;27;-1350;0;0;0;14;1570;31.76;1338.98;0;-27;15;0;;;100;100;14;0;0;0;0;2;1;;;;
88.909638;139.977319;514;514;07.эюџ;440;590;590;рту.71;512;175557;28.09.2021 0:38;28.09.2021 8:38;16;0;0.00;22.513000;88.909079;139.979043;0.00;-6.26;ьр№.36;-8;2;-135;0;1;0;71;77;-12346;2073;22513;3056.00;93;NAVI;1;0;0;0;0;0;0;1,63279E+12;3716;3768;3738;3732;3793;3752;6;;;;;;;0;0;0;80;27;-1350;0;0;0;14;1568;31.76;1341.40;0;-27;15;0;;;100;100;14;0;0;0;0;2;1;;;;
88.909638;139.977315;514;514;07.эюџ;440;590;590;рту.71;512;175600;28.09.2021 0:38;28.09.2021 8:38;16;0;0.00;22.513000;88.909079;139.979043;0.00;-6.26;ьр№.36;-7;2;-135;0;1;0;71;77;-12346;2073;22513;3056.00;93;NAVI;1;0;0;0;0;0;0;1,63279E+12;3716;3768;3738;3732;3793;3752;6;;;;;;;0;0;0;78;28;-1350;0;0;0;14;1566;31.76;1343.81;0;-27;15;0;;;100;100;14;0;0;0;0;2;1;;;;
88.909637;139.977311;513;513;07.эюџ;441;590;590;рту.71;512;175647;28.09.2021 0:38;28.09.2021 8:38;16;0;0.00;22.513000;88.909079;139.979043;0.00;-6.26;ьр№.36;-7;3;-135;0;1;0;71;77;-12346;2073;22513;3056.00;93;NAVI;1;0;0;0;0;0;0;1,63279E+12;3716;3768;3738;3732;3793;3752;6;;;;;;;0;0;0;75;31;-1351;0;0;0;14;1565;31.76;1346.18;0;-27;15;0;;;100;100;14;0;0;0;0;2;1;;;;
88.909637;139.977308;513;513;07.эюџ;442;590;590;рту.71;512;175738;28.09.2021 0:38;28.09.2021 8:38;16;0;0.00;22.513000;88.909079;139.979043;0.00;-6.26;ьр№.36;-7;3;-135;0;1;0;71;77;-12346;2073;22513;3056.00;93;NAVI;1;0;0;0;0;0;0;1,63279E+12;3716;3768;3738;3732;3793;3752;6;;;;;;;0;0;0;75;34;-1351;0;0;0;14;1563;31.76;1348.54;0;-27;15;0;;;100;100;14;0;0;0;0;2;1;;;;
88.909637;139.977304;512;512;07.эюџ;443;590;590;рту.71;512;175849;28.09.2021 0:38;28.09.2021 8:38;16;0;0.00;22.513000;88.909079;139.979043;0.00;-6.26;ьр№.36;-7;3;-135;0;1;0;71;77;-12346;2073;22513;3056.00;93;NAVI;1;0;0;0;0;0;0;1,63279E+12;3716;3768;3738;3732;3793;3752;6;;;;;;;0;0;0;77;36;-1353;0;0;0;14;1561;31.76;1350.93;0;-27;15;0;;;100;100;14;0;0;0;0;2;1;;;;
88.909637;139.977300;511;511;07.эюџ;444;590;590;рту.71;512;175970;2021-09-28 00:38:49.068;2021-09-28 08:38:49.068;16;0;0.00;22.513000;88.909079;139.979043;0.00;-6.26;ьр№.36;-7;3;-135;0;1;0;71;77;-12346;2073;22513;3056.00;93;NAVI;1;0;0;0;0;0;0;1,63279E+12;3716;3768;3738;3732;3793;3752;6;;;;;;;0;0;0;78;37;-1353;0;0;0;14;1560;31.76;1353.33;0;-27;15;0;;;100;100;14;0;0;0;0;2;1;;;;
88.909637;139.977296;511;511;07.эюџ;444;590;590;рту.71;512;176048;28.09.2021 0:38;28.09.2021 8:38;16;0;0.00;22.513000;88.909079;139.979043;0.00;-6.26;ьр№.36;-7;3;-135;0;1;0;71;77;-12346;2073;22513;3056.00;93;NAVI;1;0;0;0;0;0;0;1,63279E+12;3716;3768;3738;3732;3793;3752;6;;;;;;;0;0;0;79;39;-1353;0;0;0;14;1558;31.76;1355.74;0;-27;15;0;;;100;100;14;0;0;0;0;2;1;;;;
88.909637;139.977292;510;510;07.эюџ;445;590;590;рту.71;512;176167;28.09.2021 0:38;28.09.2021 8:38;16;0;0.00;22.584999;88.909079;139.979043;0.00;-6.26;ьр№.36;-7;4;-135;0;1;0;71;77;-11767;2044;22585;3057.00;93;NAVI;1;0;0;0;0;0;0;1,63279E+12;3716;3768;3738;3732;3793;3752;6;;;;;;;0;0;0;79;40;-1353;0;0;0;14;1556;31.76;1358.15;0;-27;15;0;;;100;100;14;0;0;0;0;2;1;;;;
88.909637;139.977288;510;510;07.эюџ;446;590;590;рту.71;512;176250;28.09.2021 0:38;28.09.2021 8:38;16;0;0.00;22.584999;88.909079;139.979043;0.00;-6.26;ьр№.36;-8;4;-135;0;1;0;71;77;-11767;2044;22585;3057.00;93;NAVI;1;0;0;0;0;0;0;1,63279E+12;3716;3768;3738;3732;3793;3752;6;;;;;;;0;0;0;80;40;-1353;0;0;0;14;1556;31.76;1360.54;0;-27;15;0;;;100;100;14;0;0;0;0;2;1;;;;
88.909637;139.977284;509;509;07.эюџ;447;590;590;рту.71;512;176552;28.09.2021 0:38;28.09.2021 8:38;16;0;0.00;22.584999;88.909079;139.979043;0.00;-6.49;ьр№.36;-8;4;-135;0;1;0;71;77;-11767;2044;22585;3057.00;93;NAVI;1;0;0;0;0;0;0;1,63279E+12;3716;3768;3738;3732;3793;3752;6;;;;;;;0;0;0;80;40;-1353;0;0;0;14;1553;31.76;1362.96;0;-29;15;0;;;100;100;14;0;0;0;0;2;1;;;;
88.909637;139.977276;508;508;шўы.30;448;590;590;рту.71;512;176578;28.09.2021 0:38;28.09.2021 8:38;16;0;0.00;22.584999;88.909079;139.979043;0.00;-6.49;ьр№.36;-8;3;-135;0;1;0;71;77;-11767;2044;22585;3057.00;93;NAVI;1;0;0;0;0;0;0;1,63279E+12;3716;3768;3738;3732;3793;3752;6;;;;;;;0;0;0;83;36;-1351;0;0;0;14;1551;32.65;1367.99;0;-29;15;0;;;100;100;14;0;0;0;0;2;1;;;;
88.909637;139.977276;508;508;шўы.30;448;590;590;рту.71;512;176581;28.09.2021 0:38;28.09.2021 8:38;16;0;0.00;22.584999;88.909079;139.979043;0.00;-6.49;ьр№.36;-8;3;-135;0;1;0;71;77;-11767;2044;22585;3057.00;93;NAVI;1;0;0;0;0;0;0;1,63279E+12;3716;3768;3738;3732;3793;3752;6;;;;;;;0;0;0;83;36;-1351;0;0;0;14;1551;32.65;1367.99;0;-29;15;0;;;100;100;14;0;0;0;0;2;1;;;;
88.909637;139.977272;508;508;шўы.30;449;590;590;рту.71;512;176669;28.09.2021 0:38;28.09.2021 8:38;16;0;0.00;22.584999;88.909079;139.979043;0.00;-6.49;ьр№.36;-8;3;-135;0;1;0;71;77;-11767;2044;22585;3057.00;93;NAVI;1;0;0;0;0;0;0;1,63279E+12;3716;3768;3738;3732;3793;3752;6;;;;;;;0;0;0;84;32;-1351;0;0;0;14;1550;32.65;1370.46;0;-29;15;0;;;100;100;14;0;0;0;0;2;1;;;;
88.909637;139.977268;507;507;шўы.30;450;590;590;рту.71;512;176767;28.09.2021 0:38;28.09.2021 8:38;16;0;0.00;22.584999;88.909079;139.979043;0.00;-6.49;ьр№.36;-8;2;-135;0;1;0;71;77;-11767;2044;22585;3057.00;93;NAVI;1;0;0;0;0;0;0;1,63279E+12;3716;3768;3738;3732;3793;3752;6;;;;;;;0;0;0;83;28;-1350;0;0;0;14;1548;32.65;1372.94;0;-29;15;0;;;100;100;14;0;0;0;0;2;1;;;;
88.909637;139.977264;507;507;шўы.30;451;590;590;рту.71;512;176871;28.09.2021 0:38;28.09.2021 8:38;16;0;0.00;22.584999;88.909079;139.979043;0.00;-6.49;ьр№.36;-8;2;-135;0;1;0;71;77;-11767;2044;22585;3057.00;93;NAVI;1;0;0;0;0;0;0;1,63279E+12;3716;3768;3738;3732;3793;3752;6;;;;;;;0;0;0;80;27;-1350;0;0;0;14;1546;32.65;1375.48;0;-29;15;0;;;100;100;14;0;0;0;0;2;1;;;;
88.909637;139.977260;506;506;шўы.30;452;590;590;рту.71;512;176971;2021-09-28 00:38:50.069;2021-09-28 08:38:50.069;16;0;0.00;22.584999;88.909079;139.979043;0.00;-6.49;ьр№.36;-8;2;-135;0;1;0;71;77;-11767;2044;22585;3057.00;93;NAVI;1;0;0;0;0;0;0;1,63279E+12;3716;3768;3738;3732;3793;3752;6;;;;;;;0;0;0;80;26;-1350;0;0;0;14;1545;32.65;1378.00;0;-29;15;0;;;100;100;14;0;0;0;0;2;1;;;;
88.909637;139.977256;506;506;шўы.41;452;590;590;рту.71;512;177069;28.09.2021 0:38;28.09.2021 8:38;16;0;0.00;22.584999;88.909079;139.979043;0.00;-6.49;ьр№.58;-7;2;-135;0;1;0;71;77;-11767;2044;22585;3057.00;93;NAVI;1;0;0;0;0;0;0;1,63279E+12;3716;3768;3738;3732;3793;3752;6;;;;;;;0;0;0;79;26;-1350;0;0;0;14;1543;33.12;1380.47;0;-29;16;0;;;100;100;14;0;0;0;0;2;1;;;;
88.909637;139.977252;505;505;шўы.30;453;590;590;рту.71;512;177180;28.09.2021 0:38;28.09.2021 8:38;16;0;0.00;22.570000;88.909079;139.979043;0.00;-6.49;ьр№.36;-7;2;-135;0;1;0;70;77;-11961;2044;22570;3057.00;93;NAVI;1;0;0;0;0;0;0;1,63279E+12;3716;3768;3738;3732;3793;3752;6;;;;;;;0;0;0;79;27;-1350;0;0;0;14;1541;32.65;1382.94;0;-29;15;0;;;100;100;14;0;0;0;0;2;1;;;;
88.909637;139.977248;505;505;шўы.30;454;590;590;рту.71;512;177287;28.09.2021 0:38;28.09.2021 8:38;16;0;0.00;22.570000;88.909079;139.979043;0.00;-6.49;ьр№.36;-8;3;-135;0;1;0;70;77;-11961;2044;22570;3057.00;93;NAVI;1;0;0;0;0;0;0;1,63279E+12;3716;3768;3738;3732;3793;3752;6;;;;;;;0;0;0;80;30;-1350;0;0;0;14;1540;32.65;1385.43;0;-29;15;0;;;100;100;14;0;0;0;0;2;1;;;;
88.909638;139.977244;504;504;шўы.30;455;590;590;рту.71;512;177558;28.09.2021 0:38;28.09.2021 8:38;16;0;0.00;22.570000;88.909079;139.979043;0.00;-6.49;ьр№.36;-8;3;-135;0;1;0;70;77;-11961;2044;22570;3057.00;93;NAVI;1;0;0;0;0;0;0;1,63279E+12;3729;3786;3753;3747;3810;3748;6;;;;;;;0;0;0;80;31;-1350;0;0;0;14;1538;32.65;1387.93;0;-29;15;0;;;100;100;14;0;0;0;0;2;1;;;;
88.909638;139.977235;503;503;шўы.30;457;590;590;рту.71;512;177597;28.09.2021 0:38;28.09.2021 8:38;16;0;0.00;22.570000;88.909079;139.979043;0.00;-6.49;ьр№.36;-8;2;-135;0;1;0;70;77;-11961;2044;22570;3057.00;93;NAVI;1;0;0;0;0;0;0;1,63279E+12;3729;3786;3753;3747;3810;3748;6;;;;;;;0;0;0;80;22;-1350;0;0;0;14;1535;32.65;1392.96;0;-29;15;0;;;100;100;14;0;0;0;0;2;1;;;;
88.909638;139.977235;503;503;шўы.30;457;590;590;рту.71;512;177600;28.09.2021 0:38;28.09.2021 8:38;16;0;0.00;22.570000;88.909079;139.979043;0.00;-6.49;ьр№.36;-8;2;-135;0;1;0;70;77;-11961;2044;22570;3057.00;93;NAVI;1;0;0;0;0;0;0;1,63279E+12;3729;3786;3753;3747;3810;3748;6;;;;;;;0;0;0;80;22;-1350;0;0;0;14;1535;32.65;1392.96;0;-29;15;0;;;100;100;14;0;0;0;0;2;1;;;;
88.909638;139.977231;503;503;шўы.41;457;590;590;рту.71;512;177688;28.09.2021 0:38;28.09.2021 8:38;16;0;0.00;22.570000;88.909079;139.979043;0.00;-6.49;ьр№.58;-7;1;-135;0;1;0;70;77;-11961;2044;22570;3057.00;93;NAVI;1;0;0;0;0;0;0;1,63279E+12;3729;3786;3753;3747;3810;3748;6;;;;;;;0;0;0;77;13;-1350;0;0;0;14;1533;33.12;1395.44;0;-29;16;0;;;100;100;14;0;0;0;0;2;1;;;;
88.909638;139.977227;502;502;шўы.33;458;590;590;рту.71;512;177788;28.09.2021 0:38;28.09.2021 8:38;15;0;0.00;22.570000;88.909079;139.979043;0.00;-6.26;ьр№.80;-7;1;-135;0;1;0;70;77;-11961;2044;22570;3057.00;93;NAVI;1;0;0;0;0;0;0;1,63279E+12;3729;3786;3753;3747;3810;3748;6;;;;;;;0;0;0;70;13;-1351;0;0;0;14;1531;32.76;1397.91;0;-27;17;0;;;100;100;14;0;0;0;0;2;1;;;;
88.909638;139.977224;501;501;шўы.33;459;590;590;рту.71;512;177902;2021-09-28 00:38:51.000;2021-09-28 08:38:51.000;15;0;0.00;22.570000;88.909079;139.979043;0.00;-6.26;ьр№.80;-6;1;-135;0;1;0;70;77;-11961;2044;22570;3057.00;93;NAVI;1;0;0;0;0;0;0;1,63279E+12;3729;3786;3753;3747;3810;3748;6;;;;;;;0;0;0;67;18;-1351;0;0;0;14;1530;32.76;1400.35;0;-27;17;0;;;100;100;14;0;0;0;0;2;1;;;;
88.909638;139.977220;501;501;шўы.21;460;590;590;рту.71;512;178015;28.09.2021 0:38;28.09.2021 8:38;15;0;0.00;22.570000;88.909079;139.979043;0.00;-6.26;ьр№.58;-6;2;-135;0;1;0;70;77;-11961;2044;22570;3057.00;93;NAVI;1;0;0;0;0;0;0;1,63279E+12;3729;3786;3753;3747;3810;3748;6;;;;;;;0;0;0;67;25;-1353;0;0;0;14;1528;32.25;1402.74;0;-27;16;0;;;100;100;14;0;0;0;0;2;1;;;;
88.909638;139.977216;500;500;шўы.33;460;590;590;рту.71;512;178098;28.09.2021 0:38;28.09.2021 8:38;15;0;0.00;22.570000;88.909079;139.979043;0.00;-6.26;ьр№.80;-7;2;-135;0;1;0;70;77;-11961;2044;22570;3057.00;93;NAVI;1;0;0;0;0;0;0;1,63279E+12;3729;3786;3753;3747;3810;3748;6;;;;;;;0;0;0;70;27;-1353;0;0;0;14;1526;32.76;1405.11;0;-27;17;0;;;100;100;14;0;0;0;0;2;1;;;;
88.909638;139.977212;500;500;шўы.14;461;590;590;рту.71;512;178198;28.09.2021 0:38;28.09.2021 8:38;15;0;0.00;22.573000;88.909079;139.979043;0.00;-6.04;ьр№.80;-7;2;-135;0;1;0;70;77;-11982;2044;22573;3058.00;93;NAVI;1;0;0;0;0;0;0;1,63279E+12;3729;3786;3753;3747;3810;3748;6;;;;;;;0;0;0;75;27;-1351;0;0;0;14;1525;31.91;1407.48;0;-27;17;0;;;100;100;14;0;0;0;0;2;1;;;;
88.909638;139.977208;499;499;07.єхт;462;590;590;рту.71;512;178298;28.09.2021 0:38;28.09.2021 8:38;15;0;0.00;22.573000;88.909079;139.979043;0.00;-6.04;ьр№.58;-7;2;-135;0;1;0;70;77;-11982;2044;22573;3058.00;93;NAVI;1;0;0;0;0;0;0;1,63279E+12;3729;3786;3753;3747;3810;3748;6;;;;;;;0;0;0;77;27;-1351;0;0;0;14;1523;31.38;1409.91;0;-27;16;0;;;100;100;14;0;0;0;0;2;1;;;;
88.909638;139.977204;499;499;07.єхт;463;590;590;рту.71;512;178339;28.09.2021 0:38;28.09.2021 8:38;15;0;0.00;22.573000;88.909079;139.979043;0.00;-6.04;ьр№.58;-7;2;-135;0;1;0;70;77;-11982;2044;22573;3058.00;93;NAVI;1;0;0;0;0;0;0;1,63279E+12;3729;3786;3753;3747;3810;3748;6;;;;;;;0;0;0;79;28;-1350;0;0;0;14;1521;31.38;1412.32;0;-27;16;0;;;100;100;14;0;0;0;0;2;1;;;;
88.909638;139.977200;498;498;07.єхт;464;590;590;рту.71;512;178687;28.09.2021 0:38;28.09.2021 8:38;15;0;0.00;22.573000;88.909079;139.979043;0.00;-6.04;ьр№.80;-8;2;-135;0;1;0;70;77;-11982;2044;22573;3058.00;93;NAVI;1;0;0;0;0;0;0;1,63279E+12;3729;3786;3753;3747;3810;3748;6;;;;;;;0;0;0;80;27;-1350;0;0;0;14;1520;31.38;1414.73;0;-27;17;0;;;100;100;14;0;0;0;0;2;1;;;;
88.909638;139.977193;497;497;шўы.14;465;590;590;рту.71;512;178728;28.09.2021 0:38;28.09.2021 8:38;15;0;0.00;22.573000;88.909079;139.979043;0.00;-6.04;ьр№.80;-8;2;-134;0;1;0;70;77;-11982;2044;22573;3058.00;93;NAVI;1;0;0;0;0;0;0;1,63279E+12;3729;3786;3753;3747;3810;3748;6;;;;;;;0;0;0;83;26;-1349;0;0;0;14;1516;31.91;1419.56;0;-27;17;0;;;100;100;14;0;0;0;0;2;1;;;;
88.909638;139.977193;497;497;шўы.14;465;590;590;рту.71;512;178730;28.09.2021 0:38;28.09.2021 8:38;15;0;0.00;22.573000;88.909079;139.979043;0.00;-6.04;ьр№.80;-8;2;-134;0;1;0;70;77;-11982;2044;22573;3058.00;93;NAVI;1;0;0;0;0;0;0;1,63279E+12;3729;3786;3753;3747;3810;3748;6;;;;;;;0;0;0;83;26;-1349;0;0;0;14;1516;31.91;1419.56;0;-27;17;0;;;100;100;14;0;0;0;0;2;1;;;;
88.909638;139.977189;497;497;шўы.14;466;590;590;рту.71;512;178820;28.09.2021 0:38;28.09.2021 8:38;15;0;0.00;22.573000;88.909079;139.979043;0.00;-6.04;ьр№.80;-8;2;-134;0;1;0;70;77;-11982;2044;22573;3058.00;93;NAVI;1;0;0;0;0;0;0;1,63279E+12;3729;3786;3753;3747;3810;3748;6;;;;;;;0;0;0;81;25;-1349;0;0;0;14;1515;31.91;1421.97;0;-27;17;0;;;100;100;14;0;0;0;0;2;1;;;;
88.909638;139.977185;496;496;шўы.14;467;590;590;рту.71;512;178849;28.09.2021 0:38;28.09.2021 8:38;15;0;0.00;22.573000;88.909079;139.979043;0.00;-6.04;ьр№.80;-8;2;-134;0;1;0;70;77;-11982;2044;22573;3058.00;93;NAVI;1;0;0;0;0;0;0;1,63279E+12;3729;3786;3753;3747;3810;3748;6;;;;;;;0;0;0;81;23;-1349;0;0;0;14;1513;31.91;1424.39;0;-27;17;0;;;100;100;14;0;0;0;0;2;1;;;;
88.909638;139.977181;495;495;шўы.14;468;590;590;рту.71;512;178937;2021-09-28 00:38:52.036;2021-09-28 08:38:52.036;16;0;0.00;22.573000;88.909079;139.979043;0.00;-6.04;ьр№.80;-8;2;-134;0;1;0;70;77;-11982;2044;22573;3058.00;93;NAVI;1;0;0;0;0;0;0;1,63279E+12;3729;3786;3753;3747;3810;3748;6;;;;;;;0;0;0;81;22;-1349;0;0;0;14;1511;31.91;1426.81;0;-27;17;0;;;100;100;14;0;0;0;0;2;1;;;;
88.909638;139.977177;495;495;шўы.14;468;590;590;рту.71;512;179017;28.09.2021 0:38;28.09.2021 8:38;16;0;0.00;22.573000;88.909079;139.979043;0.00;-6.04;ьр№.80;-8;2;-135;0;1;0;70;77;-11982;2044;22573;3058.00;93;NAVI;1;0;0;0;0;0;0;1,63279E+12;3729;3786;3753;3747;3810;3748;6;;;;;;;0;0;0;81;22;-1350;0;0;0;14;1508;31.91;1429.24;0;-27;17;0;;;100;100;14;0;0;0;0;2;1;;;;
88.909638;139.977173;494;494;шўы.14;469;590;590;рту.71;512;179142;28.09.2021 0:38;28.09.2021 8:38;16;0;0.00;22.629999;88.909079;139.979043;0.00;-6.04;ьр№.80;-8;2;-135;0;1;0;70;77;-11320;2044;22630;3058.00;93;NAVI;1;0;0;0;0;0;0;1,63279E+12;3729;3786;3753;3747;3810;3748;6;;;;;;;0;0;0;81;22;-1350;0;0;0;14;1508;31.91;1431.68;0;-27;17;0;;;100;100;14;0;0;0;0;2;1;;;;
88.909638;139.977169;494;494;шўы.33;470;590;590;рту.71;512;179229;28.09.2021 0:38;28.09.2021 8:38;16;0;0.00;22.629999;88.909079;139.979043;0.00;-6.26;ьр№.80;-8;2;-135;0;1;0;70;77;-11320;2044;22630;3058.00;93;NAVI;1;0;0;0;0;0;0;1,63279E+12;3729;3786;3753;3747;3810;3748;6;;;;;;;0;0;0;81;22;-1350;0;0;0;14;1506;32.76;1434.11;0;-27;17;0;;;100;100;14;0;0;0;0;2;1;;;;
88.909638;139.977166;493;493;шўы.33;471;590;590;рту.71;512;179338;28.09.2021 0:38;28.09.2021 8:38;16;0;0.00;22.629999;88.909079;139.979043;0.00;-6.26;ьр№.80;-8;2;-135;0;1;0;70;77;-11320;2044;22630;3058.00;93;NAVI;1;0;0;0;0;0;0;1,63279E+12;3729;3786;3753;3747;3810;3748;6;;;;;;;0;0;0;83;22;-1350;0;0;0;14;1503;32.76;1436.54;0;-27;17;0;;;100;100;14;0;0;0;0;2;1;;;;
88.909638;139.977162;492;492;шўы.33;472;590;590;рту.71;512;179437;28.09.2021 0:38;28.09.2021 8:38;16;0;0.00;22.629999;88.909079;139.979043;0.00;-6.26;ьр№.80;-8;2;-135;0;1;0;70;77;-11320;2044;22630;3058.00;93;NAVI;1;0;0;0;0;0;0;1,63279E+12;3729;3786;3753;3747;3810;3748;6;;;;;;;0;0;0;84;22;-1351;0;0;0;14;1501;32.76;1438.97;0;-27;17;0;;;100;100;14;0;0;0;0;2;1;;;;
88.909638;139.977158;492;492;шўы.33;472;590;590;рту.71;512;179699;28.09.2021 0:38;28.09.2021 8:38;16;0;0.00;22.629999;88.909079;139.979043;0.00;-6.26;ьр№.80;-8;2;-135;0;1;0;70;77;-11320;2044;22630;3058.00;93;NAVI;1;0;0;0;0;0;0;1,63279E+12;3729;3786;3753;3747;3810;3748;6;;;;;;;0;0;0;85;22;-1351;0;0;0;14;1501;32.76;1441.39;0;-27;17;0;;;100;100;14;0;0;0;0;2;1;;;;
88.909638;139.977154;491;491;шўы.33;473;590;590;рту.71;512;179727;28.09.2021 0:38;28.09.2021 8:38;16;0;0.00;22.629999;88.909079;139.979043;0.00;-6.26;ьр№.80;-8;2;-135;0;1;0;70;77;-11320;2044;22630;3058.00;93;NAVI;1;0;0;0;0;0;0;1,63279E+12;3729;3786;3753;3747;3810;3748;6;;;;;;;0;0;0;84;22;-1351;0;0;0;14;1498;32.76;1443.81;0;-27;17;0;;;100;100;14;0;0;0;0;2;1;;;;
88.909638;139.977150;491;491;шўы.33;474;590;590;рту.71;512;179767;28.09.2021 0:38;28.09.2021 8:38;16;0;0.00;22.629999;88.909079;139.979043;0.00;-6.26;ьр№.80;-8;2;-135;0;1;0;70;77;-11320;2044;22630;3058.00;93;NAVI;1;0;0;0;0;0;0;1,63279E+12;3729;3786;3753;3747;3810;3748;6;;;;;;;0;0;0;81;22;-1353;0;0;0;14;1496;32.76;1446.22;0;-27;17;0;;;100;100;14;0;0;0;0;2;1;;;;
88.909638;139.977146;490;490;шўы.33;475;590;590;рту.71;512;179837;28.09.2021 0:38;28.09.2021 8:38;16;0;0.00;22.629999;88.909079;139.979043;0.00;-6.26;ьр№.80;-8;2;-135;0;1;0;70;77;-11320;2044;22630;3058.00;93;NAVI;1;0;0;0;0;0;0;1,63279E+12;3729;3786;3753;3747;3810;3748;6;;;;;;;0;0;0;80;22;-1351;0;0;0;14;1495;32.76;1448.65;0;-27;17;0;;;100;100;14;0;0;0;0;2;1;;;;
88.909638;139.977142;490;490;шўы.14;476;590;590;рту.71;512;179947;2021-09-28 00:38:53.045;2021-09-28 08:38:53.046;16;0;0.00;22.629999;88.909079;139.979043;0.00;-6.04;ьр№.80;-8;2;-135;0;1;0;70;77;-11320;2044;22630;3058.00;93;NAVI;1;0;0;0;0;0;0;1,63279E+12;3729;3786;3753;3747;3810;3748;6;;;;;;;0;0;0;80;23;-1351;0;0;0;14;1493;31.91;1451.05;0;-27;17;0;;;100;100;14;0;0;0;0;2;1;;;;
88.909638;139.977139;489;489;шўы.14;476;590;590;рту.71;512;180048;28.09.2021 0:38;28.09.2021 8:38;16;0;0.00;22.629999;88.909079;139.979043;0.00;-6.04;ьр№.80;-8;2;-135;0;1;0;70;77;-11320;2044;22630;3058.00;93;NAVI;1;0;0;0;0;0;0;1,63279E+12;3729;3786;3753;3747;3810;3748;6;;;;;;;0;0;0;80;27;-1351;0;0;0;14;1491;31.91;1453.42;0;-27;17;0;;;100;100;14;0;0;0;0;2;1;;;;
88.909638;139.977135;488;488;шўы.14;477;590;590;рту.71;512;180158;28.09.2021 0:38;28.09.2021 8:38;16;0;0.00;22.621000;88.909079;139.979043;0.00;-6.04;ьр№.80;-8;2;-135;0;1;0;70;77;-11437;2044;22621;3058.00;93;NAVI;1;0;0;0;0;0;0;1,63279E+12;3729;3786;3753;3747;3810;3748;6;;;;;;;0;0;0;80;27;-1351;0;0;0;14;1490;31.91;1455.79;0;-27;17;0;;;100;100;14;0;0;0;0;2;1;;;;
88.909638;139.977131;488;488;шўы.33;478;590;590;рту.71;512;180267;28.09.2021 0:38;28.09.2021 8:38;16;0;0.00;22.621000;88.909079;139.979043;0.00;-6.26;ьр№.80;-8;2;-135;0;1;0;70;77;-11437;2044;22621;3058.00;93;NAVI;1;0;0;0;0;0;0;1,63279E+12;3729;3786;3753;3747;3810;3748;6;;;;;;;0;0;0;81;27;-1351;0;0;0;14;1488;32.76;1458.19;0;-27;17;0;;;100;100;14;0;0;0;0;2;1;;;;
88.909638;139.977127;487;487;шўы.33;479;590;590;рту.71;512;180357;28.09.2021 0:38;28.09.2021 8:38;16;0;0.00;22.621000;88.909079;139.979043;0.00;-6.26;ьр№.80;-8;2;-135;0;1;0;70;77;-11437;2044;22621;3058.00;93;NAVI;1;0;0;0;0;0;0;1,63279E+12;3729;3786;3753;3747;3810;3748;6;;;;;;;0;0;0;81;27;-1350;0;0;0;14;1486;32.76;1460.59;0;-27;17;0;;;100;100;14;0;0;0;0;2;1;;;;
88.909638;139.977123;487;487;шўы.33;479;590;590;рту.71;512;180467;28.09.2021 0:38;28.09.2021 8:38;16;0;0.00;22.621000;88.909079;139.979043;0.00;-6.26;ьр№.80;-8;2;-135;0;1;0;70;77;-11437;2044;22621;3058.00;93;NAVI;1;0;0;0;0;0;0;1,63279E+12;3729;3786;3753;3747;3810;3748;6;;;;;;;0;0;0;81;27;-1350;0;0;0;14;1485;32.76;1463.00;0;-27;17;0;;;100;100;14;0;0;0;0;2;1;;;;
88.909638;139.977119;486;486;шўы.33;480;590;590;рту.71;512;180730;28.09.2021 0:38;28.09.2021 8:38;16;0;0.00;22.621000;88.909079;139.979043;0.00;-6.26;ьр№.80;-8;2;-135;0;1;0;70;77;-11437;2044;22621;3058.00;93;NAVI;1;0;0;0;0;0;0;1,63279E+12;3729;3786;3753;3747;3810;3748;6;;;;;;;0;0;0;80;26;-1350;0;0;0;14;1483;32.76;1465.42;0;-27;17;0;;;100;100;14;0;0;0;0;2;1;;;;
88.909638;139.977112;485;485;шўы.45;482;590;590;рту.71;512;180777;28.09.2021 0:38;28.09.2021 8:38;16;0;0.00;22.621000;88.909079;139.979043;0.00;-6.26;04.ьр№;-7;2;-135;0;1;0;70;77;-11437;2044;22621;3058.00;93;NAVI;1;0;0;0;0;0;0;1,63279E+12;3729;3786;3753;3747;3810;3748;6;;;;;;;0;0;0;78;22;-1350;0;0;0;14;1478;33.29;1470.29;0;-27;17;0;;;100;100;14;0;0;0;0;2;1;;;;
88.909638;139.977112;485;485;шўы.45;482;590;590;рту.71;512;180780;28.09.2021 0:38;28.09.2021 8:38;16;0;0.00;22.621000;88.909079;139.979043;0.00;-6.26;04.ьр№;-7;2;-135;0;1;0;70;77;-11437;2044;22621;3058.00;93;NAVI;1;0;0;0;0;0;0;1,63279E+12;3729;3786;3753;3747;3810;3748;6;;;;;;;0;0;0;78;22;-1350;0;0;0;14;1478;33.29;1470.29;0;-27;17;0;;;100;100;14;0;0;0;0;2;1;;;;
88.909638;139.977108;484;484;шўы.33;483;590;590;рту.71;512;180906;2021-09-28 00:38:54.004;2021-09-28 08:38:54.005;16;0;0.00;22.621000;88.909079;139.979043;0.00;-6.26;ьр№.80;-7;2;-135;0;1;0;70;77;-11437;2044;22621;3058.00;93;NAVI;1;0;0;0;0;0;0;1,63279E+12;3729;3786;3753;3747;3810;3748;6;;;;;;;0;0;0;77;23;-1350;0;0;0;14;1478;32.76;1472.69;0;-27;17;0;;;100;100;14;0;0;0;0;2;1;;;;
88.909638;139.977104;484;484;шўы.45;483;590;590;рту.71;512;180980;2021-09-28 00:38:54.078;2021-09-28 08:38:54.078;16;0;0.00;22.621000;88.909079;139.979043;0.00;-6.26;04.ьр№;-7;2;-135;0;1;0;70;77;-11437;2044;22621;3058.00;93;NAVI;1;0;0;0;0;0;0;1,63279E+12;3729;3786;3753;3747;3810;3748;6;;;;;;;0;0;0;77;23;-1350;0;0;0;14;1476;33.29;1475.10;0;-27;17;0;;;100;100;14;0;0;0;0;2;1;;;;
88.909638;139.977100;483;483;шўы.33;484;590;590;рту.71;512;181079;28.09.2021 0:38;28.09.2021 8:38;16;0;0.00;22.621000;88.909079;139.979043;0.00;-6.26;ьр№.80;-7;2;-135;0;1;0;70;77;-11437;2044;22621;3058.00;93;NAVI;1;0;0;0;0;0;0;1,63279E+12;3729;3786;3753;3747;3810;3748;6;;;;;;;0;0;0;75;22;-1350;0;0;0;14;1473;32.76;1477.51;0;-27;17;0;;;100;100;14;0;0;0;0;2;1;;;;
88.909638;139.977096;482;482;шўы.14;485;590;590;рту.71;512;181188;28.09.2021 0:38;28.09.2021 8:38;16;0;0.00;22.624001;88.909079;139.979043;0.00;-6.04;ьр№.80;-7;1;-135;0;1;0;70;77;-11437;2044;22624;3058.00;93;NAVI;1;0;0;0;0;0;0;1,63279E+12;3729;3786;3753;3747;3810;3748;6;;;;;;;0;0;0;73;18;-1350;0;0;0;14;1471;31.91;1479.91;0;-27;17;0;;;100;100;14;0;0;0;0;2;1;;;;
88.909638;139.977092;482;482;шўы.14;486;590;590;рту.71;512;181278;28.09.2021 0:38;28.09.2021 8:38;16;0;0.00;22.624001;88.909079;139.979043;0.00;-6.04;ьр№.80;-7;1;-135;0;1;0;70;77;-11437;2044;22624;3058.00;93;NAVI;1;0;0;0;0;0;0;1,63279E+12;3729;3786;3753;3747;3810;3748;6;;;;;;;0;0;0;70;15;-1350;0;0;0;14;1470;31.91;1482.28;0;-27;17;0;;;100;100;14;0;0;0;0;2;1;;;;
88.909638;139.977089;481;481;шўы.26;487;590;590;рту.71;512;181417;28.09.2021 0:38;28.09.2021 8:38;16;0;0.00;22.624001;88.909079;139.979043;0.00;-6.04;04.ьр№;-6;1;-135;0;1;0;70;77;-11437;2044;22624;3058.00;93;NAVI;1;0;0;0;0;0;0;1,63279E+12;3729;3786;3753;3747;3810;3748;6;;;;;;;0;0;0;69;16;-1350;0;0;0;14;1468;32.45;1484.62;0;-27;17;0;;;100;100;14;0;0;0;0;2;1;;;;
88.909638;139.977085;481;481;шўы.26;487;590;590;рту.71;512;181489;28.09.2021 0:38;28.09.2021 8:38;16;0;0.00;22.624001;88.909079;139.979043;0.00;-6.04;04.ьр№;-7;1;-135;0;1;0;70;77;-11437;2044;22624;3058.00;93;NAVI;1;0;0;0;0;0;0;1,63279E+12;3729;3786;3753;3747;3810;3748;6;;;;;;;0;0;0;72;18;-1350;0;0;0;14;1466;32.45;1486.93;0;-27;17;0;;;100;100;14;0;0;0;0;2;1;;;;
88.909638;139.977081;480;480;07.шўы;488;590;590;рту.71;512;181757;28.09.2021 0:38;28.09.2021 8:38;16;0;0.00;22.624001;88.909079;139.979043;0.00;-5.82;04.ьр№;-7;1;-135;0;1;0;70;77;-11437;2044;22624;3058.00;93;NAVI;1;0;0;0;0;0;0;1,63279E+12;3729;3786;3753;3747;3810;3748;6;;;;;;;0;0;0;75;18;-1350;0;0;0;14;1465;31.62;1489.23;0;-25;17;0;;;100;100;14;0;0;0;0;2;1;;;;
88.909638;139.977074;479;479;07.шўы;490;590;590;рту.71;512;181788;28.09.2021 0:38;28.09.2021 8:38;16;0;0.00;22.624001;88.909079;139.979043;0.00;-5.82;04.ьр№;-8;1;-135;0;1;0;70;77;-11437;2044;22624;3058.00;93;NAVI;1;0;0;0;0;0;0;1,63279E+12;3729;3786;3753;3747;3810;3748;6;;;;;;;0;0;0;80;18;-1351;0;0;0;14;1461;31.62;1493.87;0;-25;17;0;;;100;100;14;0;0;0;0;2;1;;;;
88.909638;139.977074;479;479;07.шўы;490;590;590;рту.71;512;181790;28.09.2021 0:38;28.09.2021 8:38;16;0;0.00;22.624001;88.909079;139.979043;0.00;-5.82;04.ьр№;-8;1;-135;0;1;0;70;77;-11437;2044;22624;3058.00;93;NAVI;1;0;0;0;0;0;0;1,63279E+12;3729;3786;3753;3747;3810;3748;6;;;;;;;0;0;0;80;18;-1351;0;0;0;14;1461;31.62;1493.87;0;-25;17;0;;;100;100;14;0;0;0;0;2;1;;;;
88.909638;139.977070;478;478;07.шўы;490;590;590;рту.71;512;181904;2021-09-28 00:38:55.002;2021-09-28 08:38:55.003;16;0;0.00;22.624001;88.909079;139.979043;0.00;-5.82;04.ьр№;-7;2;-135;0;1;0;70;77;-11437;2044;22624;3058.00;93;NAVI;1;0;0;0;0;0;0;1,63279E+12;3729;3786;3753;3747;3810;3748;6;;;;;;;0;0;0;78;20;-1351;0;0;0;14;1458;31.62;1496.20;0;-25;17;0;;;100;100;14;0;0;0;0;2;1;;;;
88.909638;139.977066;478;478;шўы.26;491;590;590;рту.71;512;181997;2021-09-28 00:38:55.096;2021-09-28 08:38:55.096;16;0;0.00;22.624001;88.909079;139.979043;0.00;-6.04;04.ьр№;-7;2;-135;0;1;0;70;77;-11437;2044;22624;3058.00;93;NAVI;1;0;0;0;0;0;0;1,63279E+12;3729;3786;3753;3747;3810;3748;6;;;;;;;0;0;0;74;22;-1351;0;0;0;14;1458;32.45;1498.51;0;-27;17;0;;;100;100;14;0;0;0;0;2;1;;;;
88.909638;139.977063;477;477;07.шўы;492;590;590;рту.71;512;182097;28.09.2021 0:38;28.09.2021 8:38;16;0;0.00;22.624001;88.909079;139.979043;0.00;-5.82;04.ьр№;-7;2;-135;0;1;0;70;77;-11437;2044;22624;3058.00;93;NAVI;1;0;0;0;0;0;0;1,63279E+12;3729;3786;3753;3747;3810;3748;6;;;;;;;0;0;0;72;22;-1351;0;0;0;14;1456;31.62;1500.80;0;-25;17;0;;;100;100;14;0;0;0;0;2;1;;;;
88.909638;139.977059;477;477;шўы.20;493;590;590;рту.71;512;182200;28.09.2021 0:38;28.09.2021 8:38;16;0;0.00;22.624001;88.909079;139.979043;0.00;-5.82;ря№.25;-7;2;-135;0;1;0;70;77;-11600;2044;22624;3058.00;93;NAVI;1;0;0;0;0;0;0;1,63279E+12;3729;3786;3753;3747;3810;3748;6;;;;;;;0;0;0;70;27;-1351;0;0;0;14;1453;32.20;1503.07;0;-25;18;0;;;100;100;14;0;0;0;0;2;1;;;;
88.909638;139.977055;476;476;шўы.20;493;590;590;рту.71;512;182308;28.09.2021 0:38;28.09.2021 8:38;16;0;0.00;22.624001;88.909079;139.979043;0.00;-5.82;ря№.25;-6;3;-135;0;1;0;70;77;-11600;2044;22624;3058.00;93;NAVI;1;0;0;0;0;0;0;1,63279E+12;3729;3786;3753;3747;3810;3748;6;;;;;;;0;0;0;67;31;-1351;0;0;0;14;1451;32.20;1505.36;0;-25;18;0;;;100;100;14;0;0;0;0;2;1;;;;
88.909638;139.977052;475;475;07.шўы;494;590;590;рту.71;512;182400;28.09.2021 0:38;28.09.2021 8:38;16;0;0.00;22.624001;88.909079;139.979043;0.00;-5.82;04.ьр№;-6;3;-135;0;1;0;70;77;-11600;2044;22624;3058.00;93;NAVI;1;0;0;0;0;0;0;1,63279E+12;3729;3786;3753;3747;3810;3748;6;;;;;;;0;0;0;67;32;-1351;0;0;0;14;1450;31.62;1507.64;0;-25;17;0;;;100;100;14;0;0;0;0;2;1;;;;
88.909638;139.977048;475;475;шўы.20;495;590;590;рту.71;512;182500;28.09.2021 0:38;28.09.2021 8:38;16;0;0.00;22.624001;88.909079;139.979043;0.00;-5.82;ря№.25;-6;3;-135;0;1;0;70;77;-11600;2044;22624;3058.00;93;NAVI;1;0;0;0;0;0;0;1,63279E+12;3729;3786;3753;3747;3810;3748;6;;;;;;;0;0;0;69;31;-1351;0;0;0;14;1448;32.20;1509.92;0;-25;18;0;;;100;100;14;0;0;0;0;2;1;;;;
88.909638;139.977044;474;474;шўы.20;496;590;590;рту.71;512;182528;28.09.2021 0:38;28.09.2021 8:38;16;0;0.00;22.624001;88.909079;139.979043;0.00;-5.82;ря№.25;-7;2;-135;0;1;0;70;77;-11600;2044;22624;3058.00;93;NAVI;1;0;0;0;0;0;0;1,63279E+12;3729;3786;3753;3747;3810;3748;6;;;;;;;0;0;0;70;27;-1351;0;0;0;14;1446;32.20;1512.23;0;-25;18;0;;;100;100;14;0;0;0;0;2;1;;;;
88.909638;139.977041;473;473;шўы.20;496;590;590;рту.71;512;182879;28.09.2021 0:38;28.09.2021 8:38;16;0;0.00;22.624001;88.909079;139.979043;0.00;-5.82;04.ьр№;-7;2;-135;0;1;0;70;77;-11600;2044;22624;3058.00;93;NAVI;1;0;0;0;0;0;0;1,63279E+12;3729;3786;3753;3747;3810;3748;6;;;;;;;0;0;0;74;22;-1350;0;0;0;14;1443;32.20;1514.58;0;-25;17;0;;;100;100;14;0;0;0;0;2;1;;;;
88.909638;139.977037;473;473;07.шўы;497;590;590;рту.71;512;182911;2021-09-28 00:38:56.009;2021-09-28 08:38:56.009;16;0;0.00;22.624001;88.909079;139.979043;0.00;-5.82;ря№.25;-7;2;-135;0;1;0;70;77;-11600;2044;22624;3058.00;93;NAVI;1;0;0;0;0;0;0;1,63279E+12;3729;3786;3753;3747;3810;3748;6;;;;;;;0;0;0;75;22;-1350;0;0;0;14;1441;31.62;1516.93;0;-25;18;0;;;100;100;14;0;0;0;0;2;1;;;;
88.909638;139.977030;471;471;шўы.20;499;590;590;рту.71;512;182947;2021-09-28 00:38:56.046;2021-09-28 08:38:56.046;16;0;0.00;22.624001;88.909079;139.979043;0.00;-5.82;ря№.25;-7;2;-135;0;1;0;70;77;-11600;2044;22624;3058.00;93;NAVI;1;0;0;0;0;0;0;1,63279E+12;3729;3786;3753;3747;3810;3748;6;;;;;;;0;0;0;79;21;-1350;0;0;0;14;1438;32.20;1521.58;0;-25;18;0;;;100;100;14;0;0;0;0;2;1;;;;
88.909638;139.977030;471;471;шўы.20;499;590;590;рту.71;512;182950;2021-09-28 00:38:56.048;2021-09-28 08:38:56.048;16;0;0.00;22.624001;88.909079;139.979043;0.00;-5.82;ря№.25;-7;2;-135;0;1;0;70;77;-11600;2044;22624;3058.00;93;NAVI;1;0;0;0;0;0;0;1,63279E+12;3729;3786;3753;3747;3810;3748;6;;;;;;;0;0;0;79;21;-1350;0;0;0;14;1438;32.20;1521.58;0;-25;18;0;;;100;100;14;0;0;0;0;2;1;;;;
88.909638;139.977026;471;471;шўы.20;499;590;590;рту.71;512;183017;28.09.2021 0:38;28.09.2021 8:38;16;0;0.00;22.624001;88.909079;139.979043;0.00;-5.82;ря№.25;-7;2;-135;0;1;0;70;77;-11600;2044;22624;3058.00;93;NAVI;1;0;0;0;0;0;0;1,63279E+12;3729;3786;3753;3747;3810;3748;6;;;;;;;0;0;0;78;23;-1350;0;0;0;14;1436;32.20;1523.84;0;-25;18;0;;;100;100;14;0;0;0;0;2;1;;;;
88.909638;139.977022;470;470;шўы.20;500;590;590;рту.71;512;183127;28.09.2021 0:38;28.09.2021 8:38;16;0;0.00;22.598000;88.909079;139.979043;0.00;-5.82;ря№.25;-7;2;-135;0;1;0;70;77;-11411;2044;22598;3059.00;93;NAVI;1;0;0;0;0;0;0;1,63279E+12;3729;3786;3753;3747;3810;3748;6;;;;;;;0;0;0;78;26;-1350;0;0;0;14;1433;32.20;1526.10;0;-25;18;0;;;100;100;14;0;0;0;0;2;1;;;;
88.909638;139.977019;469;469;шўы.20;501;590;590;рту.71;512;183240;28.09.2021 0:38;28.09.2021 8:38;16;0;0.00;22.598000;88.909079;139.979043;0.00;-5.82;ря№.25;-7;2;-135;0;1;0;70;77;-11411;2044;22598;3059.00;93;NAVI;1;0;0;0;0;0;0;1,63279E+12;3729;3786;3753;3747;3810;3748;6;;;;;;;0;0;0;78;27;-1350;0;0;0;14;1431;32.20;1528.39;0;-25;18;0;;;100;100;14;0;0;0;0;2;1;;;;
88.909638;139.977015;469;469;шўы.20;502;590;590;рту.71;512;183328;28.09.2021 0:38;28.09.2021 8:38;16;0;0.00;22.598000;88.909079;139.979043;0.00;-5.82;ря№.25;-7;2;-135;0;1;0;70;77;-11411;2044;22598;3059.00;93;NAVI;1;0;0;0;0;0;0;1,63279E+12;3729;3786;3753;3747;3810;3748;6;;;;;;;0;0;0;79;27;-1350;0;0;0;14;1431;32.20;1530.68;0;-25;18;0;;;100;100;14;0;0;0;0;2;1;;;;
88.909638;139.977011;468;468;шўы.20;502;590;590;рту.71;512;183421;28.09.2021 0:38;28.09.2021 8:38;16;0;0.00;22.598000;88.909079;139.979043;0.00;-5.82;ря№.25;-7;2;-135;0;1;0;70;77;-11411;2044;22598;3059.00;93;NAVI;1;0;0;0;0;0;0;1,63279E+12;3729;3786;3753;3747;3810;3748;6;;;;;;;0;0;0;78;28;-1350;0;0;0;14;1428;32.20;1532.98;0;-25;18;0;;;100;100;14;0;0;0;0;2;1;;;;
88.909638;139.977008;468;468;07.шўы;503;590;590;рту.71;512;183538;28.09.2021 0:38;28.09.2021 8:38;16;0;0.00;22.598000;88.909079;139.979043;0.00;-5.82;04.ьр№;-8;2;-135;0;1;0;70;77;-11411;2044;22598;3059.00;93;NAVI;1;0;0;0;0;0;0;1,63279E+12;3729;3786;3753;3747;3810;3748;6;;;;;;;0;0;0;80;27;-1351;0;0;0;14;1426;31.62;1535.28;0;-25;17;0;;;100;100;14;0;0;0;0;2;1;;;;
88.909638;139.977004;467;467;07.шўы;504;590;590;рту.71;512;183628;28.09.2021 0:38;28.09.2021 8:38;16;0;0.00;22.598000;88.909079;139.979043;0.00;-5.82;04.ьр№;-8;2;-135;0;1;0;70;77;-11411;2044;22598;3059.00;93;NAVI;1;0;0;0;0;0;0;1,63279E+12;3729;3786;3753;3747;3810;3748;6;;;;;;;0;0;0;80;27;-1353;0;0;0;14;1425;31.62;1537.59;0;-25;17;0;;;100;100;14;0;0;0;0;2;1;;;;
88.909638;139.977000;466;466;07.шўы;505;590;590;рту.71;512;183923;2021-09-28 00:38:57.021;2021-09-28 08:38:57.021;16;0;0.00;22.598000;88.909079;139.979043;0.00;-5.82;ря№.25;-8;2;-135;0;1;0;70;77;-11411;2044;22598;3059.00;93;NAVI;1;0;0;0;0;0;0;1,63279E+12;3729;3786;3753;3747;3810;3748;6;;;;;;;0;0;0;80;27;-1353;0;0;0;14;1423;31.62;1539.90;0;-25;18;0;;;100;100;14;0;0;0;0;2;1;;;;
88.909638;139.976993;465;465;шўы.20;506;590;590;рту.71;512;183960;2021-09-28 00:38:57.058;2021-09-28 08:38:57.058;16;0;0.00;22.598000;88.909079;139.979043;0.00;-5.82;ря№.25;-8;2;-135;0;1;0;70;77;-11411;2044;22598;3059.00;93;NAVI;1;0;0;0;0;0;0;1,63279E+12;3729;3786;3753;3747;3810;3748;6;;;;;;;0;0;0;80;27;-1353;0;0;0;14;1418;32.20;1544.59;0;-25;18;0;;;100;100;14;0;0;0;0;2;1;;;;
88.909638;139.976993;465;465;шўы.20;506;590;590;рту.71;512;183963;2021-09-28 00:38:57.061;2021-09-28 08:38:57.061;16;0;0.00;22.598000;88.909079;139.979043;0.00;-5.82;ря№.25;-8;2;-135;0;1;0;70;77;-11411;2044;22598;3059.00;93;NAVI;1;0;0;0;0;0;0;1,63279E+12;3729;3786;3753;3747;3810;3748;6;;;;;;;0;0;0;80;27;-1353;0;0;0;14;1418;32.20;1544.59;0;-25;18;0;;;100;100;14;0;0;0;0;2;1;;;;
88.909638;139.976989;464;464;шўы.26;507;590;590;рту.71;512;184147;28.09.2021 0:38;28.09.2021 8:38;16;0;0.00;22.662001;88.909079;139.979043;0.00;-6.04;ря№.25;-8;2;-135;0;1;0;70;77;-11332;2014;22662;3059.00;93;NAVI;1;0;0;0;0;0;0;1,63279E+12;3729;3786;3753;3747;3810;3748;6;;;;;;;0;0;0;80;26;-1353;0;0;0;14;1416;32.45;1546.94;0;-27;18;0;;;100;100;14;0;0;0;0;2;1;;;;
88.909638;139.976986;464;464;шўы.39;508;590;590;рту.71;512;184192;28.09.2021 0:38;28.09.2021 8:38;16;0;0.00;22.662001;88.909079;139.979043;0.00;-6.04;ря№.25;-8;2;-135;0;1;0;70;77;-11332;2014;22662;3059.00;93;NAVI;1;0;0;0;0;0;0;1,63279E+12;3729;3786;3753;3747;3810;3748;6;;;;;;;0;0;0;81;25;-1353;0;0;0;14;1415;33.02;1549.28;0;-27;18;0;;;100;100;14;0;0;0;0;2;1;;;;
88.909638;139.976982;463;463;шўы.39;509;590;590;рту.71;512;184238;28.09.2021 0:38;28.09.2021 8:38;16;0;0.00;22.662001;88.909079;139.979043;0.00;-6.04;ря№.25;-8;2;-135;0;1;0;70;77;-11332;2014;22662;3059.00;93;NAVI;1;0;0;0;0;0;0;1,63279E+12;3729;3786;3753;3747;3810;3748;6;;;;;;;0;0;0;81;26;-1353;0;0;0;14;1413;33.02;1551.61;0;-27;18;0;;;100;100;14;0;0;0;0;2;1;;;;
88.909638;139.976978;462;462;шўы.39;509;590;590;рту.71;512;184347;28.09.2021 0:38;28.09.2021 8:38;16;0;0.00;22.662001;88.909079;139.979043;0.00;-6.04;ря№.25;-8;2;-135;0;1;0;70;77;-11332;2014;22662;3059.00;93;NAVI;1;0;0;0;0;0;0;1,63279E+12;3729;3786;3753;3747;3810;3748;6;;;;;;;0;0;0;83;23;-1351;0;0;0;14;1411;33.02;1553.94;0;-27;18;0;;;100;100;14;0;0;0;0;2;1;;;;
88.909638;139.976975;462;462;шўы.39;510;590;590;рту.71;512;184457;28.09.2021 0:38;28.09.2021 8:38;16;0;0.00;22.662001;88.909079;139.979043;0.00;-6.04;ря№.25;-8;2;-135;0;1;0;70;77;-11332;2014;22662;3059.00;93;NAVI;1;0;0;0;0;0;0;1,63279E+12;3729;3786;3753;3747;3810;3748;6;;;;;;;0;0;0;80;22;-1350;0;0;0;14;1408;33.02;1556.29;0;-27;18;0;;;100;100;14;0;0;0;0;2;1;;;;
88.909638;139.976971;461;461;шўы.26;511;590;590;рту.71;512;184561;28.09.2021 0:38;28.09.2021 8:38;16;0;0.00;22.662001;88.909079;139.979043;0.00;-6.04;04.ьр№;-7;2;-135;0;1;0;70;77;-11332;2014;22662;3059.00;93;NAVI;1;0;0;0;0;0;0;1,63279E+12;3729;3786;3753;3747;3810;3748;6;;;;;;;0;0;0;78;21;-1350;0;0;0;14;1406;32.45;1558.66;0;-27;17;0;;;100;100;14;0;0;0;0;2;1;;;;
88.909638;139.976967;460;460;шўы.26;512;590;590;рту.71;512;184650;28.09.2021 0:38;28.09.2021 8:38;16;0;0.00;22.662001;88.909079;139.979043;0.00;-6.04;04.ьр№;-7;1;-135;0;1;0;70;77;-11332;2014;22662;3059.00;93;NAVI;1;0;0;0;0;0;0;1,63279E+12;3729;3786;3753;3747;3810;3748;6;;;;;;;0;0;0;75;18;-1350;0;0;0;14;1405;32.45;1561.07;0;-27;17;0;;;100;100;14;0;0;0;0;2;1;;;;
88.909638;139.976963;460;460;шўы.26;512;590;590;рту.71;512;184929;2021-09-28 00:38:58.027;2021-09-28 08:38:58.027;16;0;0.00;22.662001;88.909079;139.979043;0.00;-6.04;ря№.25;-7;1;-135;0;1;0;70;77;-11332;2014;22662;3059.00;93;NAVI;1;0;0;0;0;0;0;1,63279E+12;3729;3786;3753;3747;3810;3748;6;;;;;;;0;0;0;74;13;-1351;0;0;0;14;1403;32.45;1563.46;0;-27;18;0;;;100;100;14;0;0;0;0;2;1;;;;
88.909638;139.976960;459;459;шўы.39;513;590;590;рту.71;513;184958;2021-09-28 00:38:58.056;2021-09-28 08:38:58.057;16;0;0.00;22.662001;88.909079;139.979043;0.00;-5.82;ря№.25;-7;0;-135;0;1;0;70;77;-11332;2014;22662;3059.00;93;NAVI;1;0;0;0;0;0;0;1,63279E+12;3729;3786;3753;3747;3810;3748;6;;;;;;;0;0;0;70;5;-1353;0;0;0;14;1401;33.02;1565.82;0;-25;18;0;;;100;100;14;0;0;0;0;2;1;;;;
88.909638;139.976956;458;458;шўы.20;514;590;590;рту.71;514;184990;2021-09-28 00:38:58.088;2021-09-28 08:38:58.088;16;0;0.00;22.662001;88.909079;139.979043;0.00;-5.82;ря№.25;-7;0;-135;0;1;0;70;77;-11332;2014;22662;3059.00;93;NAVI;1;0;0;0;0;0;0;1,63279E+12;3729;3786;3753;3747;3810;3748;6;;;;;;;0;0;0;70;0;-1353;0;0;0;14;1398;32.20;1568.17;0;-25;18;0;;;100;100;14;0;0;0;0;2;1;;;;
88.909639;139.976952;458;458;шўы.20;515;590;590;рту.71;515;185070;28.09.2021 0:38;28.09.2021 8:38;16;0;0.00;22.662001;88.909079;139.979043;0.00;-5.82;ря№.25;-6;0;-135;0;1;0;70;77;-11332;2014;22662;3059.00;93;NAVI;1;0;0;0;0;0;0;1,63279E+12;3729;3786;3753;3747;3810;3748;6;;;;;;;0;0;0;69;0;-1354;0;0;0;14;1398;32.20;1570.46;0;-25;18;0;;;100;100;14;0;0;0;0;2;1;;;;
88.909639;139.976949;457;457;шўы.20;515;590;590;рту.71;515;185168;28.09.2021 0:38;28.09.2021 8:38;16;0;0.00;22.608999;88.909079;139.979043;0.00;-5.82;ря№.25;-7;0;-135;0;1;0;69;77;-11718;2014;22609;3061.00;93;NAVI;1;0;0;0;0;0;0;1,63279E+12;3729;3786;3753;3747;3810;3748;6;;;;;;;0;0;0;73;0;-1354;0;0;0;14;1396;32.20;1572.72;0;-25;18;0;;;100;100;14;0;0;0;0;2;1;;;;
88.909639;139.976945;457;457;шўы.16;516;590;590;рту.71;516;185258;28.09.2021 0:38;28.09.2021 8:38;16;0;0.00;22.608999;88.909079;139.979043;0.00;-5.59;ря№.47;-7;0;-135;0;1;0;69;77;-11718;2014;22609;3061.00;93;NAVI;1;0;0;0;0;0;0;1,63279E+12;3729;3786;3753;3747;3810;3748;6;;;;;;;0;0;0;77;1;-1355;0;0;0;14;1393;32.02;1574.95;0;-25;20;0;;;100;100;14;0;0;0;0;2;1;;;;
88.909639;139.976942;456;456;07.єхт;517;590;590;рту.71;517;185370;28.09.2021 0:38;28.09.2021 8:38;16;0;0.00;22.608999;88.909079;139.979043;0.00;-5.59;ря№.25;-7;0;-135;0;1;0;69;77;-11718;2014;22609;3061.00;93;NAVI;1;0;0;0;0;0;0;1,63279E+12;3729;3786;3753;3747;3810;3748;6;;;;;;;0;0;0;78;6;-1358;0;0;0;14;1391;31.40;1577.17;0;-25;18;0;;;100;100;14;0;0;0;0;2;1;;;;
88.909638;139.976938;456;456;07.єхт;518;590;590;рту.71;518;185489;28.09.2021 0:38;28.09.2021 8:38;16;0;0.00;22.608999;88.909079;139.979043;0.00;-5.59;ря№.25;-7;1;-136;0;1;0;69;77;-11718;2014;22609;3061.00;93;NAVI;1;0;0;0;0;0;0;1,63279E+12;3729;3786;3753;3747;3810;3748;6;;;;;;;0;0;0;79;13;-1360;0;0;0;14;1390;31.40;1579.40;0;-25;18;0;;;100;100;14;0;0;0;0;2;1;;;;
88.909638;139.976935;455;455;шўы.16;518;590;590;рту.71;518;185577;28.09.2021 0:38;28.09.2021 8:38;16;0;0.00;22.608999;88.909079;139.979043;0.00;-5.59;ря№.47;-7;1;-136;0;1;0;69;77;-11718;2014;22609;3061.00;93;NAVI;1;0;0;0;0;0;0;1,63279E+12;3729;3786;3753;3747;3810;3748;6;;;;;;;0;0;0;75;18;-1361;0;0;0;14;1388;32.02;1581.62;0;-25;20;0;;;100;100;14;0;0;0;0;2;1;;;;
88.909638;139.976931;454;454;шўы.16;519;590;590;рту.71;519;185687;28.09.2021 0:38;28.09.2021 8:38;16;0;0.00;22.608999;88.909079;139.979043;0.00;-5.59;ря№.47;-7;2;-136;0;1;0;69;77;-11718;2014;22609;3061.00;93;NAVI;1;0;0;0;0;0;0;1,63279E+12;3729;3786;3753;3747;3810;3748;6;;;;;;;0;0;0;72;22;-1363;0;0;0;14;1386;32.02;1583.81;0;-25;20;0;;;100;100;14;0;0;0;0;2;1;;;;
88.909638;139.976928;454;454;шўы.16;520;590;590;рту.71;520;185960;2021-09-28 00:38:59.058;2021-09-28 08:38:59.058;16;0;0.00;22.608999;88.909079;139.979043;0.00;-5.59;ря№.70;-6;2;-136;0;1;0;69;77;-11718;2014;22609;3061.00;93;NAVI;1;0;0;0;0;0;0;1,63279E+12;3729;3786;3753;3747;3810;3748;6;;;;;;;0;0;0;68;25;-1363;0;0;0;14;1383;32.02;1586.00;0;-25;20;0;;;100;100;14;0;0;0;0;2;1;;;;
88.909638;139.976921;452;452;шўы.30;521;590;590;рту.71;521;185987;2021-09-28 00:38:59.085;2021-09-28 08:38:59.086;16;0;0.00;22.608999;88.909079;139.979043;0.00;-5.59;ря№.70;-6;2;-136;0;1;0;69;77;-11718;2014;22609;3061.00;93;NAVI;1;0;0;0;0;0;0;1,63279E+12;3729;3786;3753;3747;3810;3748;6;;;;;;;0;0;0;65;26;-1360;0;0;0;14;1380;32.65;1590.37;0;-25;20;0;;;100;100;14;0;0;0;0;2;1;;;;
88.909638;139.976921;452;452;шўы.30;521;590;590;рту.71;521;185990;2021-09-28 00:38:59.088;2021-09-28 08:38:59.088;16;0;0.00;22.608999;88.909079;139.979043;0.00;-5.59;ря№.70;-6;2;-136;0;1;0;69;77;-11718;2014;22609;3061.00;93;NAVI;1;0;0;0;0;0;0;1,63279E+12;3729;3786;3753;3747;3810;3748;6;;;;;;;0;0;0;65;26;-1360;0;0;0;14;1380;32.65;1590.37;0;-25;20;0;;;100;100;14;0;0;0;0;2;1;;;;
88.909638;139.976917;451;451;шўы.30;522;590;590;рту.71;522;186078;28.09.2021 0:38;28.09.2021 8:38;16;0;0.00;22.608999;88.909079;139.979043;0.00;-5.59;ря№.70;-6;2;-135;0;1;0;69;77;-11718;2014;22609;3061.00;93;NAVI;1;0;0;0;0;0;0;1,63279E+12;3729;3786;3753;3747;3810;3748;6;;;;;;;0;0;0;65;25;-1358;0;0;0;14;1376;32.65;1592.56;0;-25;20;0;;;100;100;14;0;0;0;0;2;1;;;;
88.909638;139.976914;451;451;шўы.30;523;590;590;рту.71;523;186197;28.09.2021 0:38;28.09.2021 8:38;16;0;0.00;22.646999;88.909079;139.979043;0.00;-5.59;ря№.70;-6;2;-135;0;1;0;69;77;-11309;2014;22647;3061.00;93;NAVI;1;0;0;0;0;0;0;1,63279E+12;3729;3786;3753;3747;3810;3748;6;;;;;;;0;0;0;65;25;-1355;0;0;0;14;1375;32.65;1594.76;0;-25;20;0;;;100;100;14;0;0;0;0;2;1;;;;
88.909638;139.976910;450;450;шўы.16;523;590;590;рту.71;523;186280;28.09.2021 0:38;28.09.2021 8:38;16;0;0.00;22.646999;88.909079;139.979043;0.00;-5.59;ря№.47;-6;2;-135;0;1;0;69;77;-11309;2014;22647;3061.00;93;NAVI;1;0;0;0;0;0;0;1,63279E+12;3729;3786;3753;3747;3810;3748;6;;;;;;;0;0;0;67;22;-1353;0;0;0;14;1373;32.02;1596.96;0;-25;20;0;;;100;100;14;0;0;0;0;2;1;;;;
88.909638;139.976907;449;449;шўы.16;524;590;590;рту.71;524;186387;28.09.2021 0:38;28.09.2021 8:38;16;0;0.00;22.646999;88.909079;139.979043;0.00;-5.59;ря№.47;-6;2;-135;0;1;0;69;77;-11309;2014;22647;3061.00;93;NAVI;1;0;0;0;0;0;0;1,63279E+12;3729;3786;3753;3747;3810;3748;6;;;;;;;0;0;0;69;22;-1350;0;0;0;14;1371;32.02;1599.16;0;-25;20;0;;;100;100;14;0;0;0;0;2;1;;;;
88.909638;139.976903;449;449;шўы.30;525;590;590;рту.71;525;186497;28.09.2021 0:38;28.09.2021 8:38;16;0;0.00;22.646999;88.909079;139.979043;0.00;-5.59;ря№.70;-7;2;-134;0;1;0;69;77;-11309;2014;22647;3061.00;93;NAVI;1;0;0;0;0;0;0;1,63279E+12;3729;3786;3753;3747;3810;3748;6;;;;;;;0;0;0;72;22;-1349;0;0;0;14;1368;32.65;1601.35;0;-25;20;0;;;100;100;14;0;0;0;0;2;1;;;;
88.909638;139.976900;448;448;шўы.30;526;590;590;рту.71;526;186597;28.09.2021 0:38;28.09.2021 8:38;16;0;0.00;22.646999;88.909079;139.979043;0.00;-5.59;ря№.70;-7;2;-134;0;1;0;69;77;-11309;2014;22647;3061.00;93;NAVI;1;0;0;0;0;0;0;1,63279E+12;3729;3786;3753;3747;3810;3748;6;;;;;;;0;0;0;75;22;-1349;0;0;0;14;1366;32.65;1603.53;0;-25;20;0;;;100;100;14;0;0;0;0;2;1;;;;
88.909638;139.976896;447;447;шўы.16;526;590;590;рту.71;526;186689;28.09.2021 0:38;28.09.2021 8:38;16;0;0.00;22.646999;88.909079;139.979043;0.00;-5.59;ря№.47;-7;2;-134;0;1;0;69;77;-11309;2014;22647;3061.00;93;NAVI;1;0;0;0;0;0;0;1,63279E+12;3729;3786;3753;3747;3810;3748;6;;;;;;;0;0;0;77;21;-1349;0;0;0;14;1365;32.02;1605.75;0;-25;20;0;;;100;100;14;0;0;0;0;2;1;;;;
88.909638;139.976893;446;446;шўы.16;527;590;590;рту.71;527;186978;2021-09-28 00:39:00.076;2021-09-28 08:39:00.076;16;0;0.00;22.646999;88.909079;139.979043;0.00;-5.59;ря№.47;-7;2;-134;0;1;0;69;77;-11309;2014;22647;3061.00;93;NAVI;1;0;0;0;0;0;0;1,63279E+12;3729;3786;3753;3747;3810;3748;6;;;;;;;0;0;0;78;21;-1349;0;0;0;14;1361;32.02;1607.96;0;-25;20;0;;;100;100;14;0;0;0;0;2;1;;;;
88.909638;139.976890;446;446;шўы.16;528;590;590;рту.71;528;187025;28.09.2021 0:39;28.09.2021 8:39;16;0;0.00;22.646999;88.909079;139.979043;0.00;-5.59;ря№.47;-7;2;-135;0;1;0;69;77;-11309;2014;22647;3061.00;93;NAVI;1;0;0;0;0;0;0;1,63279E+12;3729;3786;3753;3747;3810;3748;6;;;;;;;0;0;0;78;22;-1350;0;0;0;14;1360;32.02;1610.18;0;-25;20;0;;;100;100;14;0;0;0;0;2;1;;;;
88.909638;139.976886;445;445;шўы.16;528;590;590;рту.71;528;187097;28.09.2021 0:39;28.09.2021 8:39;16;0;0.00;22.646999;88.909079;139.979043;0.00;-5.59;ря№.47;-7;2;-135;0;1;0;69;77;-11309;2014;22647;3061.00;93;NAVI;1;0;0;0;0;0;0;1,63279E+12;3729;3786;3753;3747;3810;3748;6;;;;;;;0;0;0;77;23;-1350;0;0;0;14;1358;32.02;1612.38;0;-25;20;0;;;100;100;14;0;0;0;0;2;1;;;;
88.909638;139.976883;444;444;шўы.16;529;590;590;рту.71;529;187138;28.09.2021 0:39;28.09.2021 8:39;16;0;0.00;22.646999;88.909079;139.979043;0.00;-5.59;ря№.47;-7;2;-135;0;1;0;69;77;-11309;2014;22647;3061.00;93;NAVI;1;0;0;0;0;0;0;1,63279E+12;3729;3786;3753;3747;3810;3748;6;;;;;;;0;0;0;78;23;-1350;0;0;0;14;1356;32.02;1614.58;0;-25;20;0;;;100;100;14;0;0;0;0;2;1;;;;
88.909638;139.976879;444;444;шўы.30;530;590;590;рту.71;530;187220;28.09.2021 0:39;28.09.2021 8:39;16;0;0.00;22.610001;88.909079;139.979043;0.00;-5.59;ря№.47;-7;2;-135;0;1;0;69;77;-11660;2014;22610;3061.00;93;NAVI;1;0;0;0;0;0;0;1,63279E+12;3729;3786;3753;3747;3810;3748;6;;;;;;;0;0;0;77;23;-1350;0;0;0;14;1353;32.65;1616.78;0;-25;20;0;;;100;100;14;0;0;0;0;2;1;;;;
88.909638;139.976876;443;443;шўы.16;531;590;590;рту.71;531;187257;28.09.2021 0:39;28.09.2021 8:39;16;0;0.00;22.610001;88.909079;139.979043;0.00;-5.59;ря№.47;-7;2;-135;0;1;0;69;77;-11660;2014;22610;3061.00;93;NAVI;1;0;0;0;0;0;0;1,63279E+12;3729;3786;3753;3747;3810;3748;6;;;;;;;0;0;0;78;22;-1350;0;0;0;14;1351;32.02;1618.98;0;-25;20;0;;;100;100;14;0;0;0;0;2;1;;;;
88.909638;139.976872;442;442;шўы.30;531;590;590;рту.71;531;187327;28.09.2021 0:39;28.09.2021 8:39;16;0;0.00;22.610001;88.909079;139.979043;0.00;-5.59;ря№.70;-8;2;-135;0;1;0;69;77;-11660;2014;22610;3061.00;93;NAVI;1;0;0;0;0;0;0;1,63279E+12;3729;3786;3753;3747;3810;3748;6;;;;;;;0;0;0;80;23;-1350;0;0;0;14;1350;32.65;1621.17;0;-25;20;0;;;100;100;14;0;0;0;0;2;1;;;;
88.909638;139.976869;442;442;шўы.30;532;590;590;рту.71;532;187440;28.09.2021 0:39;28.09.2021 8:39;16;0;0.00;22.610001;88.909079;139.979043;0.00;-5.59;ря№.70;-8;2;-134;0;1;0;69;77;-11660;2014;22610;3061.00;93;NAVI;1;0;0;0;0;0;0;1,63279E+12;3729;3786;3753;3747;3810;3748;6;;;;;;;0;0;0;81;25;-1349;0;0;0;14;1348;32.65;1623.35;0;-25;20;0;;;100;100;14;0;0;0;0;2;1;;;;
88.909638;139.976865;441;441;шўы.30;533;590;590;рту.71;533;187527;28.09.2021 0:39;28.09.2021 8:39;16;0;0.00;22.610001;88.909079;139.979043;0.00;-5.59;ря№.70;-8;2;-134;0;1;0;69;77;-11660;2014;22610;3061.00;93;NAVI;1;0;0;0;0;0;0;1,63279E+12;3729;3786;3753;3747;3810;3748;6;;;;;;;0;0;0;84;26;-1349;0;0;0;14;1346;32.65;1625.52;0;-25;20;0;;;100;100;14;0;0;0;0;2;1;;;;
88.909638;139.976862;440;440;шўы.16;534;590;590;рту.71;534;187628;28.09.2021 0:39;28.09.2021 8:39;16;0;0.00;22.610001;88.909079;139.979043;0.00;-5.59;ря№.47;-8;2;-134;0;1;0;69;77;-11660;2014;22610;3061.00;93;NAVI;1;0;0;0;0;0;0;1,63279E+12;3730;3796;3753;3759;3811;3749;6;;;;;;;0;0;0;84;27;-1349;0;0;0;14;1343;32.02;1627.71;0;-25;20;0;;;100;100;14;0;0;0;0;2;1;;;;
88.909638;139.976859;439;439;шўы.16;534;590;590;рту.71;534;187768;28.09.2021 0:39;28.09.2021 8:39;16;0;0.00;22.610001;88.909079;139.979043;0.00;-5.59;ря№.47;-8;2;-135;0;1;0;69;77;-11660;2014;22610;3061.00;93;NAVI;1;0;0;0;0;0;0;1,63279E+12;3730;3796;3753;3759;3811;3749;6;;;;;;;0;0;0;84;27;-1350;0;0;0;14;1341;32.02;1629.92;0;-25;20;0;;;100;100;14;0;0;0;0;2;1;;;;
88.909638;139.976855;439;439;шўы.30;535;590;590;рту.71;535;188100;28.09.2021 0:39;28.09.2021 8:39;16;0;0.00;22.610001;88.909079;139.979043;0.00;-5.59;ря№.47;-8;2;-135;0;1;0;69;77;-11660;2014;22610;3061.00;93;NAVI;1;0;0;0;0;0;0;1,63279E+12;3730;3796;3753;3759;3811;3749;6;;;;;;;0;0;0;83;27;-1350;0;0;0;14;1338;32.65;1632.18;0;-25;20;0;;;100;100;14;0;0;0;0;2;1;;;;
88.909638;139.976848;437;437;шўы.16;536;590;590;рту.71;536;188148;28.09.2021 0:39;28.09.2021 8:39;16;0;0.00;22.580999;88.909079;139.979043;0.00;-5.59;ря№.47;-8;2;-135;0;1;0;69;77;-12021;2014;22581;3062.00;93;NAVI;1;0;0;0;0;0;0;1,63279E+12;3730;3796;3753;3759;3811;3749;6;;;;;;;0;0;0;80;22;-1350;0;0;0;14;1335;32.02;1636.73;0;-25;20;0;;;100;100;14;0;0;0;0;2;1;;;;
88.909638;139.976844;437;437;шўы.16;537;590;590;рту.71;537;188198;28.09.2021 0:39;28.09.2021 8:39;16;0;0.00;22.580999;88.909079;139.979043;0.00;-5.59;ря№.47;-8;2;-135;0;1;0;69;77;-12021;2014;22581;3062.00;93;NAVI;1;0;0;0;0;0;0;1,63279E+12;3730;3796;3753;3759;3811;3749;6;;;;;;;0;0;0;80;20;-1350;0;0;0;14;1333;32.02;1639.00;0;-25;20;0;;;100;100;14;0;0;0;0;2;1;;;;
88.909638;139.976841;436;436;шўы.16;538;590;590;рту.71;538;188327;28.09.2021 0:39;28.09.2021 8:39;16;0;0.00;22.580999;88.909079;139.979043;0.00;-5.59;ря№.47;-7;2;-135;0;1;0;69;77;-12021;2014;22581;3062.00;93;NAVI;1;0;0;0;0;0;0;1,63279E+12;3730;3796;3753;3759;3811;3749;6;;;;;;;0;0;0;79;20;-1350;0;0;0;14;1331;32.02;1641.27;0;-25;20;0;;;100;99;14;0;0;0;0;2;1;;;;
88.909638;139.976837;436;436;шўы.16;539;590;590;рту.71;539;188359;28.09.2021 0:39;28.09.2021 8:39;16;0;0.00;22.580999;88.909079;139.979043;0.00;-5.59;ря№.47;-7;1;-134;0;1;0;69;77;-12021;2014;22581;3062.00;93;NAVI;1;0;0;0;0;0;0;1,63279E+12;3730;3796;3753;3759;3811;3749;6;;;;;;;0;0;0;77;18;-1349;0;0;0;14;1328;32.02;1643.54;0;-25;20;0;;;100;99;14;0;0;0;0;2;1;;;;
88.909638;139.976837;436;436;шўы.16;539;590;590;рту.71;539;188362;28.09.2021 0:39;28.09.2021 8:39;16;0;0.00;22.580999;88.909079;139.979043;0.00;-5.59;ря№.47;-7;1;-134;0;1;0;69;77;-12021;2014;22581;3062.00;93;NAVI;1;0;0;0;0;0;0;1,63279E+12;3730;3796;3753;3759;3811;3749;6;;;;;;;0;0;0;77;18;-1349;0;0;0;14;1328;32.02;1643.54;0;-25;20;0;;;100;99;14;0;0;0;0;2;1;;;;
88.909638;139.976834;435;435;шўы.16;539;590;590;рту.71;539;188508;28.09.2021 0:39;28.09.2021 8:39;16;0;0.00;22.580999;88.909079;139.979043;0.00;-5.59;ря№.47;-7;1;-134;0;1;0;69;77;-12021;2014;22581;3062.00;93;NAVI;1;0;0;0;0;0;0;1,63279E+12;3730;3796;3753;3759;3811;3749;6;;;;;;;0;0;0;72;11;-1349;0;0;0;14;1326;32.02;1645.81;0;-25;20;0;;;100;99;14;0;0;0;0;2;1;;;;
88.909639;139.976830;434;434;шўы.16;540;590;590;рту.71;540;188627;28.09.2021 0:39;28.09.2021 8:39;16;0;0.00;22.580999;88.909079;139.979043;0.00;-5.59;ря№.47;-6;0;-134;0;1;0;69;77;-12021;2014;22581;3062.00;93;NAVI;1;0;0;0;0;0;0;1,63279E+12;3730;3796;3753;3759;3811;3749;6;;;;;;;0;0;0;65;5;-1348;0;0;0;14;1325;32.02;1648.06;0;-25;20;0;;;100;99;14;0;0;0;0;2;1;;;;
88.909639;139.976827;433;433;шўы.16;541;590;590;рту.71;541;188687;28.09.2021 0:39;28.09.2021 8:39;16;0;0.00;22.580999;88.909079;139.979043;0.00;-5.59;ря№.47;-6;0;-134;0;1;0;69;77;-12021;2014;22581;3062.00;93;NAVI;1;0;0;0;0;0;0;1,63279E+12;3730;3796;3753;3759;3811;3749;6;;;;;;;0;0;0;65;2;-1348;0;0;0;14;1321;32.02;1650.28;0;-25;20;0;;;100;99;14;0;0;0;0;2;1;;;;
88.909639;139.976824;433;433;шўы.13;542;590;590;рту.71;542;188767;28.09.2021 0:39;28.09.2021 8:39;16;0;0.00;22.580999;88.909079;139.979043;0.00;-5.37;ря№.70;-7;0;-134;0;1;0;69;77;-12021;2014;22581;3062.00;93;NAVI;1;0;0;0;0;0;0;1,63279E+12;3730;3796;3753;3759;3811;3749;6;;;;;;;0;0;0;70;0;-1349;0;0;0;14;1320;31.89;1652.47;0;-24;20;0;;;100;99;14;0;0;0;0;2;1;;;;
88.909639;139.976820;432;432;шўы.13;542;590;590;рту.71;542;189110;28.09.2021 0:39;28.09.2021 8:39;16;0;0.00;22.580999;88.909079;139.979043;0.00;-5.37;ря№.70;-7;0;-135;0;1;0;69;77;-12021;2014;22581;3062.00;93;NAVI;1;0;0;0;0;0;0;1,63279E+12;3730;3796;3753;3759;3811;3749;6;;;;;;;0;0;0;73;2;-1350;0;0;0;14;1318;31.89;1654.64;0;-24;20;0;;;100;99;14;0;0;0;0;2;1;;;;
88.909639;139.976813;431;431;шўы.13;544;590;590;рту.71;544;189147;28.09.2021 0:39;28.09.2021 8:39;16;0;0.00;22.549999;88.909079;139.979043;0.00;-5.37;ря№.70;-7;1;-135;0;1;0;69;77;-12342;2014;22550;3062.00;93;NAVI;1;0;0;0;0;0;0;1,63279E+12;3730;3796;3753;3759;3811;3749;6;;;;;;;0;0;0;73;11;-1355;0;0;0;14;1313;31.89;1658.94;0;-24;20;0;;;100;99;14;0;0;0;0;2;1;;;;
88.909639;139.976810;430;430;шўы.13;544;590;590;рту.71;544;189187;28.09.2021 0:39;28.09.2021 8:39;16;0;0.00;22.549999;88.909079;139.979043;0.00;-5.37;ря№.70;-7;1;-135;0;1;0;69;77;-12342;2014;22550;3062.00;93;NAVI;1;0;0;0;0;0;0;1,63279E+12;3730;3796;3753;3759;3811;3749;6;;;;;;;0;0;0;72;17;-1356;0;0;0;14;1311;31.89;1661.09;0;-24;20;0;;;100;99;14;0;0;0;0;2;1;;;;
88.909639;139.976810;430;430;шўы.13;544;590;590;рту.71;544;189190;28.09.2021 0:39;28.09.2021 8:39;16;0;0.00;22.549999;88.909079;139.979043;0.00;-5.37;ря№.70;-7;1;-135;0;1;0;69;77;-12342;2014;22550;3062.00;93;NAVI;1;0;0;0;0;0;0;1,63279E+12;3730;3796;3753;3759;3811;3749;6;;;;;;;0;0;0;72;17;-1356;0;0;0;14;1311;31.89;1661.09;0;-24;20;0;;;100;99;14;0;0;0;0;2;1;;;;
88.909639;139.976807;429;429;шўы.13;545;590;590;рту.71;545;189347;28.09.2021 0:39;28.09.2021 8:39;16;0;0.00;22.549999;88.909079;139.979043;0.00;-5.37;ря№.70;-7;2;-135;0;1;0;69;77;-12342;2014;22550;3062.00;93;NAVI;1;0;0;0;0;0;0;1,63279E+12;3730;3796;3753;3759;3811;3749;6;;;;;;;0;0;0;72;20;-1359;0;0;0;14;1310;31.89;1663.23;0;-24;20;0;;;100;99;14;0;0;0;0;2;1;;;;
88.909639;139.976803;429;429;шўы.13;546;590;590;рту.71;546;189414;28.09.2021 0:39;28.09.2021 8:39;16;0;0.00;22.549999;88.909079;139.979043;0.00;-5.37;ря№.70;-7;2;-136;0;1;0;69;77;-12342;2014;22550;3062.00;93;NAVI;1;0;0;0;0;0;0;1,63279E+12;3730;3796;3753;3759;3811;3749;6;;;;;;;0;0;0;72;20;-1360;0;0;0;14;1308;31.89;1665.38;0;-24;20;0;;;100;99;14;0;0;0;0;2;1;;;;
88.909639;139.976800;428;428;шўы.28;547;590;590;рту.71;547;189588;28.09.2021 0:39;28.09.2021 8:39;16;0;0.00;22.549999;88.909079;139.979043;0.00;-5.37;ьрщ.14;-7;1;-136;0;1;0;69;77;-12342;2014;22550;3062.00;93;NAVI;1;0;0;0;0;0;0;1,63279E+12;3730;3796;3753;3759;3811;3749;6;;;;;;;0;0;0;70;18;-1360;0;0;0;14;1306;32.56;1667.53;0;-24;22;0;;;100;99;14;0;0;0;0;2;1;;;;
88.909639;139.976797;427;427;шўы.44;547;590;590;рту.71;547;189657;28.09.2021 0:39;28.09.2021 8:39;16;0;0.00;22.549999;88.909079;139.979043;0.00;-5.37;ря№.92;-6;1;-136;0;1;0;69;77;-12342;2014;22550;3062.00;93;NAVI;1;0;0;0;0;0;0;1,63279E+12;3730;3796;3753;3759;3811;3749;6;;;;;;;0;0;0;69;18;-1360;0;0;0;14;1303;33.24;1669.68;0;-24;22;0;;;100;99;14;0;0;0;0;2;1;;;;
88.909639;139.976793;426;426;шўы.28;548;590;590;рту.71;548;189700;28.09.2021 0:39;28.09.2021 8:39;16;0;0.00;22.549999;88.909079;139.979043;0.00;-5.37;ря№.92;-6;1;-136;0;1;0;69;77;-12342;2014;22550;3062.00;93;NAVI;1;0;0;0;0;0;0;1,63279E+12;3730;3796;3753;3759;3811;3749;6;;;;;;;0;0;0;65;16;-1360;0;0;0;14;1301;32.56;1671.83;0;-24;22;0;;;100;99;14;0;0;0;0;2;1;;;;
88.909639;139.976790;426;426;шўы.28;549;590;590;рту.71;549;189808;28.09.2021 0:39;28.09.2021 8:39;16;0;0.00;22.549999;88.909079;139.979043;0.00;-5.37;ря№.92;-6;1;-135;0;1;0;69;77;-12342;2014;22550;3062.00;93;NAVI;1;0;0;0;0;0;0;1,63279E+12;3730;3796;3753;3759;3811;3749;6;;;;;;;0;0;0;65;16;-1358;0;0;0;14;1298;32.56;1673.96;0;-24;22;0;;;100;100;14;0;0;0;0;2;1;;;;
88.909638;139.976787;425;425;шўы.28;549;590;590;рту.71;549;190070;28.09.2021 0:39;28.09.2021 8:39;16;0;0.00;22.549999;88.909079;139.979043;0.00;-5.37;ря№.92;-6;1;-135;0;1;0;69;77;-12342;2014;22550;3062.00;93;NAVI;1;0;0;0;0;0;0;1,63279E+12;3730;3796;3753;3759;3811;3749;6;;;;;;;0;0;0;67;15;-1355;0;0;0;14;1296;32.56;1676.06;0;-24;22;0;;;100;100;14;0;0;0;0;2;1;;;;
88.909638;139.976780;423;423;шўы.28;551;590;590;рту.71;551;190122;28.09.2021 0:39;28.09.2021 8:39;16;0;0.00;22.549999;88.909079;139.979043;0.00;-5.37;ря№.92;-6;1;-135;0;1;0;69;77;-12342;2014;22550;3062.00;93;NAVI;1;0;0;0;0;0;0;1,63279E+12;3730;3796;3753;3759;3811;3749;6;;;;;;;0;0;0;69;18;-1354;0;0;0;14;1291;32.56;1680.22;0;-24;22;0;;;100;100;14;0;0;0;0;2;1;;;;
88.909638;139.976780;423;423;шўы.28;551;590;590;рту.71;551;190126;28.09.2021 0:39;28.09.2021 8:39;16;0;0.00;22.549999;88.909079;139.979043;0.00;-5.37;ря№.92;-6;1;-135;0;1;0;69;77;-12342;2014;22550;3062.00;93;NAVI;1;0;0;0;0;0;0;1,63279E+12;3730;3796;3753;3759;3811;3749;6;;;;;;;0;0;0;69;18;-1354;0;0;0;14;1291;32.56;1680.22;0;-24;22;0;;;100;100;14;0;0;0;0;2;1;;;;
88.909638;139.976777;423;423;шўэ.97;551;590;590;рту.71;551;190250;28.09.2021 0:39;28.09.2021 8:39;16;0;0.00;22.622999;88.909079;139.979043;0.00;-5.14;ря№.70;-7;2;-135;0;1;0;69;77;-11240;2014;22623;3062.00;93;NAVI;1;0;0;0;0;0;0;1,63279E+12;3730;3796;3753;3759;3811;3749;6;;;;;;;0;0;0;70;22;-1353;0;0;0;14;1290;31.14;1682.30;0;-22;20;0;;;100;100;14;0;0;0;0;2;1;;;;
88.909638;139.976774;422;422;шўэ.97;552;590;590;рту.71;552;190297;28.09.2021 0:39;28.09.2021 8:39;16;0;0.00;22.622999;88.909079;139.979043;0.00;-5.14;ря№.70;-7;2;-135;0;1;0;69;77;-11240;2014;22623;3062.00;93;NAVI;1;0;0;0;0;0;0;1,63279E+12;3730;3796;3753;3759;3811;3749;6;;;;;;;0;0;0;72;25;-1351;0;0;0;14;1286;31.14;1684.38;0;-22;20;0;;;100;100;14;0;0;0;0;2;1;;;;
88.909638;139.976770;421;421;07.фхъ;553;590;590;рту.71;553;190438;28.09.2021 0:39;28.09.2021 8:39;16;0;0.00;22.622999;88.909079;139.979043;0.00;-5.14;ря№.92;-7;2;-135;0;1;0;69;77;-11240;2014;22623;3062.00;93;NAVI;1;0;0;0;0;0;0;1,63279E+12;3730;3796;3753;3759;3811;3749;6;;;;;;;0;0;0;75;26;-1351;0;0;0;14;1285;31.83;1686.46;0;-22;22;0;;;100;100;14;0;0;0;0;2;1;;;;
88.909638;139.976767;420;420;07.фхъ;553;590;590;рту.71;553;190517;28.09.2021 0:39;28.09.2021 8:39;16;0;0.00;22.622999;88.909079;139.979043;0.00;-5.14;ря№.92;-7;2;-135;0;1;0;69;77;-11240;2014;22623;3062.00;93;NAVI;1;0;0;0;0;0;0;1,63279E+12;3730;3796;3753;3759;3811;3749;6;;;;;;;0;0;0;75;26;-1350;0;0;0;14;1283;31.83;1688.54;0;-22;22;0;;;100;100;14;0;0;0;0;2;1;;;;
88.909638;139.976764;420;420;шўы.13;554;590;590;рту.71;554;190578;28.09.2021 0:39;28.09.2021 8:39;16;0;0.00;22.622999;88.909079;139.979043;0.00;-5.37;ря№.70;-7;2;-135;0;1;0;69;77;-11240;2014;22623;3062.00;93;NAVI;1;0;0;0;0;0;0;1,63279E+12;3730;3796;3753;3759;3811;3749;6;;;;;;;0;0;0;75;25;-1350;0;0;0;14;1281;31.89;1690.63;0;-24;20;0;;;100;100;14;0;0;0;0;2;1;;;;
88.909638;139.976760;419;419;шўы.13;555;590;590;рту.71;555;190808;28.09.2021 0:39;28.09.2021 8:39;16;0;0.00;22.622999;88.909079;139.979043;0.00;-5.37;ря№.92;-7;2;-135;0;1;0;69;77;-11240;2014;22623;3062.00;93;NAVI;1;0;0;0;0;0;0;1,63279E+12;3730;3796;3753;3759;3811;3749;6;;;;;;;0;0;0;75;22;-1350;0;0;0;14;1279;31.89;1692.74;0;-24;22;0;;;100;100;14;0;0;0;0;2;1;;;;
88.909638;139.976757;418;418;шўы.28;556;590;590;рту.71;556;190887;28.09.2021 0:39;28.09.2021 8:39;16;0;0.00;22.622999;88.909079;139.979043;0.00;-5.37;ря№.92;-7;2;-135;0;1;0;69;77;-11240;2014;22623;3062.00;93;NAVI;1;0;0;0;0;0;0;1,63279E+12;3730;3796;3753;3759;3811;3749;6;;;;;;;0;0;0;77;21;-1350;0;0;0;14;1276;32.56;1694.85;0;-24;22;0;;;100;100;14;0;0;0;0;2;1;;;;
88.909638;139.976754;418;418;шўы.28;556;590;590;рту.71;556;191107;28.09.2021 0:39;28.09.2021 8:39;16;0;0.00;22.622999;88.909079;139.979043;0.00;-5.37;ря№.92;-7;2;-135;0;1;0;69;77;-11240;2014;22623;3062.00;93;NAVI;1;0;0;0;0;0;0;1,63279E+12;3730;3796;3753;3759;3811;3749;6;;;;;;;0;0;0;78;20;-1350;0;0;0;14;1275;32.56;1696.95;0;-24;22;0;;;100;100;14;0;0;0;0;2;1;;;;
88.909638;139.976747;416;416;шўы.28;558;590;590;рту.71;558;191220;28.09.2021 0:39;28.09.2021 8:39;16;0;0.00;22.563999;88.909079;139.979043;0.00;-5.37;ря№.92;-7;2;-135;0;1;0;69;77;-11903;2014;22564;3062.00;93;NAVI;1;0;0;0;0;0;0;1,63279E+12;3730;3796;3753;3759;3811;3749;6;;;;;;;0;0;0;79;21;-1350;0;0;0;14;1270;32.56;1701.12;0;-24;22;0;;;100;100;14;0;0;0;0;2;1;;;;
88.909638;139.976744;416;416;шўы.28;558;590;590;рту.71;558;191248;28.09.2021 0:39;28.09.2021 8:39;16;0;0.00;22.563999;88.909079;139.979043;0.00;-5.37;ря№.92;-8;2;-135;0;1;0;69;77;-11903;2014;22564;3062.00;93;NAVI;1;0;0;0;0;0;0;1,63279E+12;3730;3796;3753;3759;3811;3749;6;;;;;;;0;0;0;80;21;-1350;0;0;0;14;1268;32.56;1703.21;0;-24;22;0;;;100;100;14;0;0;0;0;2;1;;;;
88.909638;139.976744;416;416;шўы.28;558;590;590;рту.71;558;191250;28.09.2021 0:39;28.09.2021 8:39;16;0;0.00;22.563999;88.909079;139.979043;0.00;-5.37;ря№.92;-8;2;-135;0;1;0;69;77;-11903;2014;22564;3062.00;93;NAVI;1;0;0;0;0;0;0;1,63279E+12;3730;3796;3753;3759;3811;3749;6;;;;;;;0;0;0;80;21;-1350;0;0;0;14;1268;32.56;1703.21;0;-24;22;0;;;100;100;14;0;0;0;0;2;1;;;;
88.909638;139.976741;415;415;шўы.28;559;590;590;рту.71;559;191308;28.09.2021 0:39;28.09.2021 8:39;16;0;0.00;22.563999;88.909079;139.979043;0.00;-5.37;ря№.92;-7;2;-135;0;1;0;69;77;-11903;2014;22564;3062.00;93;NAVI;1;0;0;0;0;0;0;1,63279E+12;3730;3796;3753;3759;3811;3749;6;;;;;;;0;0;0;78;22;-1350;0;0;0;14;1265;32.56;1705.29;0;-24;22;0;;;100;100;14;0;0;0;0;2;1;;;;
88.909638;139.976738;414;414;шўы.28;560;590;590;рту.71;560;191478;28.09.2021 0:39;28.09.2021 8:39;16;0;0.00;22.563999;88.909079;139.979043;0.00;-5.37;ря№.92;-7;2;-135;0;1;0;69;77;-11903;2014;22564;3062.00;93;NAVI;1;0;0;0;0;0;0;1,63279E+12;3730;3796;3753;3759;3811;3749;6;;;;;;;0;0;0;78;23;-1350;0;0;0;14;1263;32.56;1707.38;0;-24;22;0;;;100;100;14;0;0;0;0;2;1;;;;
88.909638;139.976734;413;413;шўы.28;560;590;590;рту.71;560;191508;28.09.2021 0:39;28.09.2021 8:39;16;0;0.00;22.563999;88.909079;139.979043;0.00;-5.37;ря№.92;-7;2;-134;0;1;0;69;77;-11903;2014;22564;3062.00;93;NAVI;1;0;0;0;0;0;0;1,63279E+12;3730;3796;3753;3759;3811;3749;6;;;;;;;0;0;0;78;25;-1349;0;0;0;14;1260;32.56;1709.51;0;-24;22;0;;;100;100;14;0;0;0;0;2;1;;;;
88.909638;139.976731;413;413;шўы.28;561;590;590;рту.71;561;191538;28.09.2021 0:39;28.09.2021 8:39;16;0;0.00;22.563999;88.909079;139.979043;0.00;-5.37;ря№.92;-7;2;-134;0;1;0;69;77;-11903;2014;22564;3062.00;93;NAVI;1;0;0;0;0;0;0;1,63279E+12;3730;3796;3753;3759;3811;3749;6;;;;;;;0;0;0;75;25;-1349;0;0;0;14;1259;32.56;1711.64;0;-24;22;0;;;100;100;14;0;0;0;0;2;1;;;;
88.909638;139.976728;412;412;шўы.28;562;590;590;рту.71;562;191690;28.09.2021 0:39;28.09.2021 8:39;16;0;0.00;22.563999;88.909079;139.979043;0.00;-5.37;ря№.92;-7;2;-134;0;1;0;69;77;-11903;2014;22564;3062.00;93;NAVI;1;0;0;0;0;0;0;1,63279E+12;3730;3796;3753;3759;3811;3749;6;;;;;;;0;0;0;73;25;-1348;0;0;0;14;1256;32.56;1713.76;0;-24;22;0;;;100;100;14;0;0;0;0;2;1;;;;
88.909638;139.976724;411;411;шўы.28;562;590;590;рту.71;562;191737;28.09.2021 0:39;28.09.2021 8:39;16;0;0.00;22.563999;88.909079;139.979043;0.00;-5.37;ря№.92;-7;2;-134;0;1;0;69;77;-11903;2014;22564;3062.00;93;NAVI;1;0;0;0;0;0;0;1,63279E+12;3730;3796;3753;3759;3811;3749;6;;;;;;;0;0;0;70;25;-1348;0;0;0;14;1254;32.56;1715.88;0;-24;22;0;;;100;100;14;0;0;0;0;2;1;;;;
88.909638;139.976721;410;410;шўы.28;563;590;590;рту.71;563;191817;28.09.2021 0:39;28.09.2021 8:39;16;0;0.00;22.563999;88.909079;139.979043;0.00;-5.37;ря№.92;-7;2;-134;0;1;0;69;77;-11903;2014;22564;3062.00;93;NAVI;1;0;0;0;0;0;0;1,63279E+12;3730;3796;3753;3759;3811;3749;6;;;;;;;0;0;0;72;22;-1348;0;0;0;14;1251;32.56;1718.03;0;-24;22;0;;;100;100;14;0;0;0;0;2;1;;;;
88.909638;139.976718;410;410;шўы.28;564;590;590;рту.71;564;192157;28.09.2021 0:39;28.09.2021 8:39;16;0;0.00;22.573999;88.909079;139.979043;0.00;-5.37;ьрщ.14;-7;1;-134;0;1;0;69;77;-11903;2014;22574;3063.00;93;NAVI;1;0;0;0;0;0;0;1,63279E+12;3730;3796;3753;3759;3811;3749;6;;;;;;;0;0;0;70;18;-1349;0;0;0;14;1250;32.56;1720.19;0;-24;22;0;;;100;100;14;0;0;0;0;2;1;;;;
88.909638;139.976711;408;408;шўы.44;565;590;590;рту.71;565;192197;28.09.2021 0:39;28.09.2021 8:39;16;0;0.00;22.573999;88.909079;139.979043;0.00;-5.37;ьрщ.14;-6;0;-135;0;1;0;69;77;-11903;2014;22574;3063.00;93;NAVI;1;0;0;0;0;0;0;1,63279E+12;3730;3796;3753;3759;3811;3749;6;;;;;;;0;0;0;64;2;-1350;0;0;0;14;1245;33.24;1724.53;0;-24;22;0;;;100;100;14;0;0;0;0;2;1;;;;
88.909638;139.976711;408;408;шўы.44;565;590;590;рту.71;565;192200;28.09.2021 0:39;28.09.2021 8:39;16;0;0.00;22.573999;88.909079;139.979043;0.00;-5.37;ьрщ.14;-6;0;-135;0;1;0;69;77;-11903;2014;22574;3063.00;93;NAVI;1;0;0;0;0;0;0;1,63279E+12;3730;3796;3753;3759;3811;3749;6;;;;;;;0;0;0;64;2;-1350;0;0;0;14;1245;33.24;1724.53;0;-24;22;0;;;100;100;14;0;0;0;0;2;1;;;;
88.909639;139.976708;407;407;шўы.28;566;590;590;рту.71;566;192398;28.09.2021 0:39;28.09.2021 8:39;16;0;0.00;22.573999;88.909079;139.979043;0.00;-5.14;ря№.92;-6;0;-135;0;1;0;69;77;-11903;2014;22574;3063.00;93;NAVI;1;0;0;0;0;0;0;1,63279E+12;3730;3796;3753;3759;3811;3749;6;;;;;;;0;0;0;60;-2;-1350;0;0;0;14;1243;32.53;1726.67;0;-22;22;0;;;100;100;14;0;0;0;0;2;1;;;;
88.909639;139.976701;406;406;07.фхъ;567;590;590;рту.71;567;192534;28.09.2021 0:39;28.09.2021 8:39;16;0;0.00;22.573999;88.909079;139.979043;0.00;-4.92;ря№.92;-6;0;-135;0;1;0;69;77;-11903;2014;22574;3063.00;93;NAVI;1;0;0;0;0;0;0;1,63279E+12;3730;3796;3753;3759;3811;3749;6;;;;;;;0;0;0;64;-2;-1350;0;0;0;14;1238;31.83;1730.81;0;-22;22;0;;;100;100;14;0;0;0;0;2;1;;;;
88.909639;139.976698;405;405;шўэ.96;568;590;590;рту.71;568;192610;28.09.2021 0:39;28.09.2021 8:39;16;0;0.00;22.573999;88.909079;139.979043;0.00;-4.92;ря№.92;-6;0;-135;0;1;0;69;77;-11903;2014;22574;3063.00;93;NAVI;1;0;0;0;0;0;0;1,63279E+12;3730;3796;3753;3759;3811;3749;6;;;;;;;0;0;0;68;2;-1351;0;0;0;14;1235;31.11;1732.81;0;-22;22;0;;;100;100;14;0;0;0;0;2;1;;;;
88.909639;139.976695;404;404;шўэ.96;569;590;590;рту.71;569;192650;28.09.2021 0:39;28.09.2021 8:39;16;0;0.00;22.573999;88.909079;139.979043;0.00;-4.92;ря№.92;-7;0;-135;0;1;0;69;77;-11903;2014;22574;3063.00;93;NAVI;1;0;0;0;0;0;0;1,63279E+12;3730;3796;3753;3759;3811;3749;6;;;;;;;0;0;0;72;8;-1351;0;0;0;14;1234;31.11;1734.79;0;-22;22;0;;;100;100;14;0;0;0;0;2;1;;;;
88.909639;139.976695;404;404;шўэ.96;569;590;590;рту.71;569;192652;28.09.2021 0:39;28.09.2021 8:39;16;0;0.00;22.573999;88.909079;139.979043;0.00;-4.92;ря№.92;-7;0;-135;0;1;0;69;77;-11903;2014;22574;3063.00;93;NAVI;1;0;0;0;0;0;0;1,63279E+12;3730;3796;3753;3759;3811;3749;6;;;;;;;0;0;0;72;8;-1351;0;0;0;14;1234;31.11;1734.79;0;-22;22;0;;;100;100;14;0;0;0;0;2;1;;;;
88.909639;139.976692;403;403;07.фхъ;569;590;590;рту.71;569;192897;28.09.2021 0:39;28.09.2021 8:39;16;0;0.00;22.573999;88.909079;139.979043;0.00;-4.92;ьрщ.14;-7;1;-135;0;1;0;69;77;-11903;2014;22574;3063.00;93;NAVI;1;0;0;0;0;0;0;1,63279E+12;3730;3796;3753;3759;3811;3749;6;;;;;;;0;0;0;75;11;-1351;0;0;0;14;1230;31.83;1736.75;0;-22;22;0;;;100;99;14;0;0;0;0;2;1;;;;
88.909639;139.976689;403;403;07.фхъ;570;590;590;рту.71;570;193039;28.09.2021 0:39;28.09.2021 8:39;16;0;0.00;22.573999;88.909079;139.979043;0.00;-4.92;ьрщ.14;-7;1;-135;0;1;0;69;77;-11903;2014;22574;3063.00;93;NAVI;1;0;0;0;0;0;0;1,63279E+12;3730;3796;3753;3759;3811;3749;6;;;;;;;0;0;0;75;15;-1351;0;0;0;14;1229;31.83;1738.73;0;-22;22;0;;;100;99;14;0;0;0;0;2;1;;;;
88.909639;139.976686;402;402;07.фхъ;571;590;590;рту.71;571;193220;28.09.2021 0:39;28.09.2021 8:39;16;0;0.00;22.573999;88.909079;139.979043;0.00;-4.92;ьрщ.14;-7;1;-135;0;1;0;69;77;-11841;2014;22574;3063.00;93;NAVI;1;0;0;0;0;0;0;1,63279E+12;3730;3796;3753;3759;3811;3749;6;;;;;;;0;0;0;74;15;-1351;0;0;0;14;1226;31.83;1740.70;0;-22;22;0;;;100;99;14;0;0;0;0;2;1;;;;
88.909639;139.976677;400;400;07.фхъ;573;590;590;рту.71;573;193351;28.09.2021 0:39;28.09.2021 8:39;16;0;0.00;22.573999;88.909079;139.979043;0.00;-4.92;ьрщ.37;-7;1;-135;0;1;0;69;77;-11841;2014;22574;3063.00;93;NAVI;1;0;0;0;0;0;0;1,63279E+12;3730;3796;3753;3759;3811;3749;6;;;;;;;0;0;0;74;13;-1354;0;0;0;14;1220;31.83;1746.62;0;-22;24;0;;;100;99;14;0;0;0;0;2;1;;;;
88.909639;139.976674;399;399;шўы.28;573;590;590;рту.71;573;193468;28.09.2021 0:39;28.09.2021 8:39;16;0;0.00;22.573999;88.909079;139.979043;0.00;-4.92;ьрщ.37;-7;1;-135;0;1;0;69;77;-11841;2014;22574;3063.00;93;NAVI;1;0;0;0;0;0;0;1,63279E+12;3730;3796;3753;3759;3811;3749;6;;;;;;;0;0;0;75;15;-1355;0;0;0;14;1216;32.56;1748.59;0;-22;24;0;;;100;99;14;0;0;0;0;2;1;;;;
88.909639;139.976671;398;398;шўы.28;574;590;590;рту.71;574;193548;28.09.2021 0:39;28.09.2021 8:39;16;0;0.00;22.573999;88.909079;139.979043;0.00;-4.92;ьрщ.37;-7;1;-135;0;1;0;69;77;-11841;2014;22574;3063.00;93;NAVI;1;0;0;0;0;0;0;1,63279E+12;3730;3796;3753;3759;3811;3749;6;;;;;;;0;0;0;70;18;-1355;0;0;0;14;1215;32.56;1750.56;0;-22;24;0;;;100;99;14;0;0;0;0;2;1;;;;
88.909638;139.976668;397;397;шўы.28;574;590;590;рту.71;574;193607;28.09.2021 0:39;28.09.2021 8:39;16;0;0.00;22.573999;88.909079;139.979043;0.00;-4.92;ьрщ.37;-6;1;-135;0;1;0;69;77;-11841;2014;22574;3063.00;93;NAVI;1;0;0;0;0;0;0;1,63279E+12;3730;3796;3753;3759;3811;3749;6;;;;;;;0;0;0;68;18;-1356;0;0;0;14;1211;32.56;1752.52;0;-22;24;0;;;100;99;14;0;0;0;0;2;1;;;;
88.909638;139.976668;397;397;шўы.28;574;590;590;рту.71;574;193610;28.09.2021 0:39;28.09.2021 8:39;16;0;0.00;22.573999;88.909079;139.979043;0.00;-4.92;ьрщ.37;-6;1;-135;0;1;0;69;77;-11841;2014;22574;3063.00;93;NAVI;1;0;0;0;0;0;0;1,63279E+12;3730;3796;3753;3759;3811;3749;6;;;;;;;0;0;0;68;18;-1356;0;0;0;14;1211;32.56;1752.52;0;-22;24;0;;;100;99;14;0;0;0;0;2;1;;;;
88.909638;139.976668;397;397;шўы.28;574;590;590;рту.71;574;193614;28.09.2021 0:39;28.09.2021 8:39;16;0;0.00;22.573999;88.909079;139.979043;0.00;-4.92;ьрщ.37;-6;1;-135;0;1;0;69;77;-11841;2014;22574;3063.00;93;NAVI;1;0;0;0;0;0;0;1,63279E+12;3730;3796;3753;3759;3811;3749;6;;;;;;;0;0;0;68;18;-1356;0;0;0;14;1211;32.56;1752.52;0;-22;24;0;;;100;99;14;0;0;0;0;2;1;;;;
88.909638;139.976664;396;396;07.фхъ;575;590;590;рту.71;575;193667;28.09.2021 0:39;28.09.2021 8:39;16;0;0.00;22.573999;88.909079;139.979043;0.00;-4.92;ьрщ.14;-6;1;-135;0;1;0;69;77;-11841;2014;22574;3063.00;93;NAVI;1;0;0;0;0;0;0;1,63279E+12;3730;3796;3753;3759;3811;3749;6;;;;;;;0;0;0;65;17;-1356;0;0;0;14;1210;31.83;1754.49;0;-22;22;0;;;100;99;14;0;0;0;0;2;1;;;;
88.909638;139.976661;395;395;07.фхъ;576;590;590;рту.71;576;193761;28.09.2021 0:39;28.09.2021 8:39;16;0;0.00;22.573999;88.909079;139.979043;0.00;-4.92;ьрщ.14;-6;1;-135;0;1;0;69;77;-11841;2014;22574;3063.00;93;NAVI;1;0;0;0;0;0;0;1,63279E+12;3730;3796;3753;3759;3811;3749;6;;;;;;;0;0;0;67;17;-1356;0;0;0;14;1206;31.83;1756.45;0;-22;22;0;;;100;100;14;0;0;0;0;2;1;;;;
88.909638;139.976658;395;395;07.фхъ;576;590;590;рту.71;576;193963;2021-09-28 00:39:07.061;2021-09-28 08:39:07.061;16;0;0.00;22.573999;88.909079;139.979043;0.00;-4.92;ьрщ.14;-6;1;-135;0;1;0;69;77;-11841;2014;22574;3063.00;93;NAVI;1;0;0;0;0;0;0;1,63279E+12;3730;3796;3753;3759;3811;3749;6;;;;;;;0;0;0;69;18;-1356;0;0;0;14;1205;31.83;1758.41;0;-22;22;0;;;100;100;14;0;0;0;0;2;1;;;;
88.909638;139.976655;394;394;07.фхъ;577;590;590;рту.71;577;194194;28.09.2021 0:39;28.09.2021 8:39;16;0;0.00;22.573999;88.909079;139.979043;0.00;-4.92;ьрщ.37;-7;2;-135;0;1;0;69;77;-11841;2014;22574;3063.00;93;NAVI;1;0;0;0;0;0;0;1,63279E+12;3730;3796;3753;3759;3811;3749;6;;;;;;;0;0;0;70;20;-1355;0;0;0;14;1203;31.83;1760.37;0;-22;24;0;;;100;100;14;0;0;0;0;2;1;;;;
88.909638;139.976652;393;393;шўы.28;578;590;590;рту.71;578;194228;28.09.2021 0:39;28.09.2021 8:39;16;0;0.00;22.584000;88.909079;139.979043;0.00;-4.92;ьрщ.14;-7;2;-135;0;1;0;68;77;-11889;1985;22584;3064.00;93;NAVI;1;0;0;0;0;0;0;1,63279E+12;3730;3796;3753;3759;3811;3749;6;;;;;;;0;0;0;70;21;-1355;0;0;0;14;1200;32.56;1762.32;0;-22;22;0;;;100;100;14;0;0;0;0;2;1;;;;
88.909638;139.976649;393;393;07.фхъ;578;590;590;рту.71;578;194267;28.09.2021 0:39;28.09.2021 8:39;16;0;0.00;22.584000;88.909079;139.979043;0.00;-4.92;ьрщ.14;-7;1;-135;0;1;0;68;77;-11889;1985;22584;3064.00;93;NAVI;1;0;0;0;0;0;0;1,63279E+12;3730;3796;3753;3759;3811;3749;6;;;;;;;0;0;0;73;18;-1353;0;0;0;14;1198;31.83;1764.27;0;-22;22;0;;;100;100;14;0;0;0;0;2;1;;;;
88.909638;139.976646;392;392;07.фхъ;579;590;590;рту.71;579;194307;28.09.2021 0:39;28.09.2021 8:39;16;0;0.00;22.584000;88.909079;139.979043;0.00;-4.92;ьрщ.14;-7;1;-135;0;1;0;68;77;-11889;1985;22584;3064.00;93;NAVI;1;0;0;0;0;0;0;1,63279E+12;3730;3796;3753;3759;3811;3749;6;;;;;;;0;0;0;73;18;-1351;0;0;0;14;1195;31.83;1766.23;0;-22;22;0;;;100;100;14;0;0;0;0;2;1;;;;
88.909638;139.976643;391;391;07.фхъ;580;590;590;рту.71;580;194398;28.09.2021 0:39;28.09.2021 8:39;16;0;0.00;22.584000;88.909079;139.979043;0.00;-4.92;ьрщ.14;-7;1;-135;0;1;0;68;77;-11889;1985;22584;3064.00;93;NAVI;1;0;0;0;0;0;0;1,63279E+12;3730;3796;3753;3759;3811;3749;6;;;;;;;0;0;0;75;18;-1350;0;0;0;14;1193;31.83;1768.17;0;-22;22;0;;;100;100;14;0;0;0;0;2;1;;;;
88.909638;139.976640;390;390;07.фхъ;580;590;590;рту.71;580;194619;28.09.2021 0:39;28.09.2021 8:39;16;0;0.00;22.584000;88.909079;139.979043;0.00;-4.92;ьрщ.37;-7;2;-135;0;1;0;68;77;-11889;1985;22584;3064.00;93;NAVI;1;0;0;0;0;0;0;1,63279E+12;3730;3796;3753;3759;3811;3749;6;;;;;;;0;0;0;75;21;-1350;0;0;0;14;1190;31.83;1770.08;0;-22;24;0;;;100;100;14;0;0;0;0;2;1;;;;
88.909638;139.976637;389;389;шўы.28;581;590;590;рту.71;581;194657;28.09.2021 0:39;28.09.2021 8:39;16;0;0.00;22.584000;88.909079;139.979043;0.00;-4.92;ьрщ.14;-7;2;-134;0;1;0;68;77;-11889;1985;22584;3064.00;93;NAVI;1;0;0;0;0;0;0;1,63279E+12;3730;3796;3753;3759;3811;3749;6;;;;;;;0;0;0;72;25;-1348;0;0;0;14;1188;32.56;1772.00;0;-22;22;0;;;100;100;14;0;0;0;0;2;1;;;;
88.909638;139.976634;389;389;07.фхъ;581;590;590;рту.71;581;194780;28.09.2021 0:39;28.09.2021 8:39;16;0;0.00;22.584000;88.909079;139.979043;0.00;-4.92;ьрщ.14;-7;2;-134;0;1;0;68;77;-11889;1985;22584;3064.00;93;NAVI;1;0;0;0;0;0;0;1,63279E+12;3730;3796;3753;3759;3811;3749;6;;;;;;;0;0;0;70;27;-1346;0;0;0;14;1185;31.83;1773.93;0;-22;22;0;;;100;100;14;0;0;0;0;2;1;;;;
88.909638;139.976631;388;388;07.фхъ;582;590;590;рту.71;582;194827;28.09.2021 0:39;28.09.2021 8:39;16;0;0.00;22.584000;88.909079;139.979043;0.00;-4.92;ьрщ.14;-7;2;-134;0;1;0;68;77;-11889;1985;22584;3064.00;93;NAVI;1;0;0;0;0;0;0;1,63279E+12;3730;3796;3753;3759;3811;3749;6;;;;;;;0;0;0;72;28;-1345;0;0;0;14;1183;31.83;1775.87;0;-22;22;0;;;100;100;14;0;0;0;0;2;1;;;;
88.909638;139.976628;387;387;07.фхъ;583;590;590;рту.71;583;194893;28.09.2021 0:39;28.09.2021 8:39;16;0;0.00;22.584000;88.909079;139.979043;0.00;-4.92;ьрщ.14;-7;2;-134;0;1;0;68;77;-11889;1985;22584;3064.00;93;NAVI;1;0;0;0;0;0;0;1,63279E+12;3730;3796;3753;3759;3811;3749;6;;;;;;;0;0;0;74;28;-1345;0;0;0;14;1180;31.83;1777.80;0;-22;22;0;;;100;100;14;0;0;0;0;2;1;;;;
88.909638;139.976625;386;386;шўы.28;583;590;590;рту.71;583;195258;28.09.2021 0:39;28.09.2021 8:39;16;0;0.00;22.587000;88.909079;139.979043;0.00;-4.92;ьрщ.14;-7;3;-134;0;1;0;68;77;-11957;1985;22587;3064.00;93;NAVI;1;0;0;0;0;0;0;1,63279E+12;3730;3796;3753;3759;3811;3749;6;;;;;;;0;0;0;73;30;-1345;0;0;0;14;1179;32.56;1779.75;0;-22;22;0;;;100;100;14;0;0;0;0;2;1;;;;
88.909638;139.976616;384;384;шўы.28;585;590;590;рту.71;585;195300;28.09.2021 0:39;28.09.2021 8:39;16;0;0.00;22.587000;88.909079;139.979043;0.00;-4.92;ьрщ.37;-7;2;-134;0;1;0;68;77;-11957;1985;22587;3064.00;93;NAVI;1;0;0;0;0;0;0;1,63279E+12;3730;3796;3753;3759;3811;3749;6;;;;;;;0;0;0;75;23;-1345;0;0;0;14;1170;32.56;1785.69;0;-22;24;0;;;100;100;14;0;0;0;0;2;1;;;;
88.909638;139.976616;384;384;шўы.28;585;590;590;рту.71;585;195302;28.09.2021 0:39;28.09.2021 8:39;16;0;0.00;22.587000;88.909079;139.979043;0.00;-4.92;ьрщ.37;-7;2;-134;0;1;0;68;77;-11957;1985;22587;3064.00;93;NAVI;1;0;0;0;0;0;0;1,63279E+12;3730;3796;3753;3759;3811;3749;6;;;;;;;0;0;0;75;23;-1345;0;0;0;14;1170;32.56;1785.69;0;-22;24;0;;;100;100;14;0;0;0;0;2;1;;;;
88.909638;139.976616;384;384;шўы.28;585;590;590;рту.71;585;195304;28.09.2021 0:39;28.09.2021 8:39;16;0;0.00;22.587000;88.909079;139.979043;0.00;-4.92;ьрщ.37;-7;2;-134;0;1;0;68;77;-11957;1985;22587;3064.00;93;NAVI;1;0;0;0;0;0;0;1,63279E+12;3730;3796;3753;3759;3811;3749;6;;;;;;;0;0;0;75;23;-1345;0;0;0;14;1170;32.56;1785.69;0;-22;24;0;;;100;100;14;0;0;0;0;2;1;;;;
88.909638;139.976613;383;383;шўы.28;586;590;590;рту.71;586;195391;28.09.2021 0:39;28.09.2021 8:39;16;0;0.00;22.587000;88.909079;139.979043;0.00;-4.92;ьрщ.37;-7;2;-134;0;1;0;68;77;-11957;1985;22587;3064.00;93;NAVI;1;0;0;0;0;0;0;1,63279E+12;3730;3796;3753;3759;3811;3749;6;;;;;;;0;0;0;75;21;-1345;0;0;0;14;1169;32.56;1787.69;0;-22;24;0;;;100;100;14;0;0;0;0;2;1;;;;
88.909638;139.976610;382;382;07.фхъ;587;590;590;рту.71;587;195592;28.09.2021 0:39;28.09.2021 8:39;16;0;0.00;22.587000;88.909079;139.979043;0.00;-4.92;ьрщ.14;-7;2;-134;0;1;0;68;77;-11957;1985;22587;3064.00;93;NAVI;1;0;0;0;0;0;0;1,63279E+12;3730;3796;3753;3759;3811;3749;6;;;;;;;0;0;0;75;20;-1346;0;0;0;14;1165;31.83;1789.70;0;-22;22;0;;;100;100;14;0;0;0;0;2;1;;;;
88.909638;139.976607;381;381;07.фхъ;587;590;590;рту.71;587;195807;28.09.2021 0:39;28.09.2021 8:39;16;0;0.00;22.587000;88.909079;139.979043;0.00;-4.70;ьрщ.37;-7;1;-134;0;1;0;68;77;-11957;1985;22587;3064.00;93;NAVI;1;0;0;0;0;0;0;1,63279E+12;3730;3796;3753;3759;3811;3749;6;;;;;;;0;0;0;78;18;-1346;0;0;0;14;1164;31.83;1791.70;0;-20;24;0;;;100;100;14;0;0;0;0;2;1;;;;
88.909638;139.976598;379;379;шўы.13;589;590;590;рту.71;589;195970;2021-09-28 00:39:09.068;2021-09-28 08:39:09.068;16;0;0.00;22.587000;88.909079;139.979043;0.00;-4.70;ьрщ.37;-6;0;-134;0;1;0;68;77;-11957;1985;22587;3064.00;93;NAVI;1;0;0;0;0;0;0;1,63279E+12;3730;3796;3753;3759;3811;3749;6;;;;;;;0;0;0;65;5;-1348;0;0;0;14;1156;31.89;1797.66;0;-20;24;0;;;100;100;14;0;0;0;0;2;1;;;;
88.909638;139.976598;379;379;шўы.13;589;590;590;рту.71;589;195976;2021-09-28 00:39:09.074;2021-09-28 08:39:09.074;16;0;0.00;22.587000;88.909079;139.979043;0.00;-4.70;ьрщ.37;-6;0;-134;0;1;0;68;77;-11957;1985;22587;3064.00;93;NAVI;1;0;0;0;0;0;0;1,63279E+12;3730;3796;3753;3759;3811;3749;6;;;;;;;0;0;0;65;5;-1348;0;0;0;14;1156;31.89;1797.66;0;-20;24;0;;;100;100;14;0;0;0;0;2;1;;;;
88.909638;139.976598;379;379;шўы.13;589;590;590;рту.71;589;196019;28.09.2021 0:39;28.09.2021 8:39;16;0;0.00;22.587000;88.909079;139.979043;0.00;-4.70;ьрщ.37;-6;0;-134;0;1;0;68;77;-11957;1985;22587;3064.00;93;NAVI;1;0;0;0;0;0;0;1,63279E+12;3730;3796;3753;3759;3811;3749;6;;;;;;;0;0;0;65;5;-1348;0;0;0;14;1156;31.89;1797.66;0;-20;24;0;;;100;100;14;0;0;0;0;2;1;;;;
88.909638;139.976595;378;378;шўы.13;590;590;590;рту.71;590;196181;28.09.2021 0:39;28.09.2021 8:39;16;0;0.00;22.527000;88.909079;139.979043;0.00;-4.70;ьрщ.14;-6;0;-134;0;1;0;68;77;-12351;1985;22527;3064.00;93;NAVI;1;0;0;0;0;0;0;1,63279E+12;3730;3796;3753;3759;3811;3749;6;;;;;;;0;0;0;67;2;-1349;0;0;0;14;1154;31.89;1799.61;0;-20;22;0;;;100;100;14;0;0;0;0;2;1;;;;
88.909638;139.976589;376;376;шўэ.97;591;590;590;рту.71;591;196240;28.09.2021 0:39;28.09.2021 8:39;16;0;0.00;22.527000;88.909079;139.979043;0.00;-4.70;ьрщ.14;-6;0;-135;0;1;0;68;77;-12351;1985;22527;3064.00;93;NAVI;1;0;0;0;0;0;0;1,63279E+12;3730;3796;3753;3759;3811;3749;6;;;;;;;0;0;0;69;6;-1350;0;0;0;14;1149;31.14;1803.43;0;-20;22;0;;;100;100;14;0;0;0;0;2;1;;;;
88.909638;139.976586;376;376;шўэ.97;592;590;590;рту.71;592;196277;28.09.2021 0:39;28.09.2021 8:39;16;0;0.00;22.527000;88.909079;139.979043;0.00;-4.70;ьрщ.14;-7;1;-135;0;1;0;68;77;-12351;1985;22527;3064.00;93;NAVI;1;0;0;0;0;0;0;1,63279E+12;3730;3796;3753;3759;3811;3749;6;;;;;;;0;0;0;72;11;-1351;0;0;0;14;1146;31.14;1805.33;0;-20;22;0;;;100;99;14;0;0;0;0;2;1;;;;
88.909638;139.976586;376;376;шўэ.97;592;590;590;рту.71;592;196283;28.09.2021 0:39;28.09.2021 8:39;16;0;0.00;22.527000;88.909079;139.979043;0.00;-4.70;ьрщ.14;-7;1;-135;0;1;0;68;77;-12351;1985;22527;3064.00;93;NAVI;1;0;0;0;0;0;0;1,63279E+12;3730;3796;3753;3759;3811;3749;6;;;;;;;0;0;0;72;11;-1351;0;0;0;14;1146;31.14;1805.33;0;-20;22;0;;;100;99;14;0;0;0;0;2;1;;;;
88.909638;139.976580;374;374;шўы.13;593;590;590;рту.71;593;196447;28.09.2021 0:39;28.09.2021 8:39;16;0;0.00;22.527000;88.909079;139.979043;0.00;-4.70;ьрщ.37;-7;1;-135;0;1;0;68;77;-12351;1985;22527;3064.00;93;NAVI;1;0;0;0;0;0;0;1,63279E+12;3730;3796;3753;3759;3811;3749;6;;;;;;;0;0;0;73;15;-1354;0;0;0;14;1141;31.89;1809.15;0;-20;24;0;;;100;99;14;0;0;0;0;2;1;;;;
88.909638;139.976577;374;374;шўы.13;594;590;590;рту.71;594;196527;28.09.2021 0:39;28.09.2021 8:39;16;0;0.00;22.527000;88.909079;139.979043;0.00;-4.70;ьрщ.37;-7;1;-135;0;1;0;68;77;-12351;1985;22527;3064.00;93;NAVI;1;0;0;0;0;0;0;1,63279E+12;3730;3796;3753;3759;3811;3749;6;;;;;;;0;0;0;70;15;-1355;0;0;0;14;1140;31.89;1811.05;0;-20;24;0;;;100;99;14;0;0;0;0;2;1;;;;
88.909638;139.976574;373;373;шўы.13;594;590;590;рту.71;594;196660;28.09.2021 0:39;28.09.2021 8:39;16;0;0.00;22.527000;88.909079;139.979043;0.00;-4.70;ьрщ.37;-6;1;-135;0;1;0;68;77;-12351;1985;22527;3064.00;93;NAVI;1;0;0;0;0;0;0;1,63279E+12;3730;3796;3753;3759;3811;3749;6;;;;;;;0;0;0;69;13;-1355;0;0;0;14;1138;31.89;1812.94;0;-20;24;0;;;100;99;14;0;0;0;0;2;1;;;;
88.909638;139.976571;372;372;шўы.13;595;590;590;рту.71;595;196732;28.09.2021 0:39;28.09.2021 8:39;16;0;0.00;22.527000;88.909079;139.979043;0.00;-4.70;ьрщ.37;-6;1;-135;0;1;0;68;77;-12351;1985;22527;3064.00;93;NAVI;1;0;0;0;0;0;0;1,63279E+12;3730;3796;3753;3759;3811;3749;6;;;;;;;0;0;0;69;13;-1355;0;0;0;14;1135;31.89;1814.82;0;-20;24;0;;;100;93;14;0;0;0;0;2;1;;;;
88.909638;139.976568;371;371;шўы.13;596;590;590;рту.71;596;196836;28.09.2021 0:39;28.09.2021 8:39;16;0;0.00;22.527000;88.909079;139.979043;0.00;-4.70;ьрщ.37;-7;1;-135;0;1;0;68;77;-12351;1985;22527;3064.00;93;NAVI;1;0;0;0;0;0;0;1,63279E+12;3730;3796;3753;3759;3811;3749;6;;;;;;;0;0;0;70;13;-1355;0;0;0;14;1133;31.89;1816.69;0;-20;24;0;;;100;93;14;0;0;0;0;2;1;;;;
88.909638;139.976565;370;370;шўы.13;596;590;590;рту.71;596;197027;28.09.2021 0:39;28.09.2021 8:39;16;0;0.00;22.527000;88.909079;139.979043;0.00;-4.70;ьрщ.37;-7;1;-135;0;1;0;68;77;-12351;1985;22527;3064.00;93;NAVI;1;0;0;0;0;0;0;1,63279E+12;3730;3796;3753;3759;3811;3749;6;;;;;;;0;0;0;70;13;-1355;0;0;0;14;1130;31.89;1818.55;0;-20;24;0;;;100;93;14;0;0;0;0;2;1;;;;
88.909638;139.976563;370;370;шўэ.99;597;590;590;рту.71;597;197259;28.09.2021 0:39;28.09.2021 8:39;16;0;0.00;22.486000;88.909079;139.979043;0.00;-4.47;ьрщ.37;-7;1;-135;0;1;0;68;77;-11732;1985;22486;3064.00;93;NAVI;1;0;0;0;0;0;0;1,63279E+12;3730;3796;3753;3759;3811;3749;6;;;;;;;0;0;0;72;15;-1354;0;0;0;14;1128;31.24;1820.39;0;-20;24;0;;;100;93;14;0;0;0;0;2;1;;;;
88.909638;139.976557;368;368;шўэ.99;598;590;590;рту.71;598;197300;28.09.2021 0:39;28.09.2021 8:39;16;0;0.00;22.486000;88.909079;139.979043;0.00;-4.47;ьрщ.37;-7;2;-135;0;1;0;68;77;-11732;1985;22486;3064.00;93;NAVI;1;0;0;0;0;0;0;1,63279E+12;3730;3796;3753;3759;3811;3749;6;;;;;;;0;0;0;72;20;-1351;0;0;0;14;1123;31.24;1824.07;0;-20;24;0;;;100;93;14;0;0;0;0;2;1;;;;
88.909638;139.976557;368;368;шўэ.99;598;590;590;рту.71;598;197302;28.09.2021 0:39;28.09.2021 8:39;16;0;0.00;22.486000;88.909079;139.979043;0.00;-4.47;ьрщ.37;-7;2;-135;0;1;0;68;77;-11732;1985;22486;3064.00;93;NAVI;1;0;0;0;0;0;0;1,63279E+12;3730;3796;3753;3759;3811;3749;6;;;;;;;0;0;0;72;20;-1351;0;0;0;14;1123;31.24;1824.07;0;-20;24;0;;;100;93;14;0;0;0;0;2;1;;;;
88.909638;139.976554;367;367;шўы.16;599;590;590;рту.71;599;197377;28.09.2021 0:39;28.09.2021 8:39;16;0;0.00;22.486000;88.909079;139.979043;0.00;-4.47;ьрщ.59;-7;2;-135;0;1;0;68;77;-11732;1985;22486;3064.00;93;NAVI;1;0;0;0;0;0;0;1,63279E+12;3730;3796;3753;3759;3811;3749;6;;;;;;;0;0;0;72;21;-1350;0;0;0;14;1120;32.02;1825.89;0;-20;25;0;;;100;93;14;0;0;0;0;2;1;;;;
88.909638;139.976551;366;366;шўы.16;599;590;590;рту.71;599;197520;28.09.2021 0:39;28.09.2021 8:39;16;0;0.00;22.486000;88.909079;139.979043;0.00;-4.47;ьрщ.37;-7;2;-135;0;1;0;68;77;-11732;1985;22486;3064.00;93;NAVI;1;0;0;0;0;0;0;1,63279E+12;3730;3796;3753;3759;3811;3749;6;;;;;;;0;0;0;72;21;-1350;0;0;0;14;1118;32.02;1827.68;0;-20;24;0;;;100;93;14;0;0;0;0;2;1;;;;
88.909638;139.976548;366;366;шўэ.99;600;590;590;рту.71;600;197558;28.09.2021 0:39;28.09.2021 8:39;16;0;0.00;22.486000;88.909079;139.979043;0.00;-4.47;ьрщ.37;-7;2;-134;0;1;0;68;77;-11732;1985;22486;3064.00;93;NAVI;1;0;0;0;0;0;0;1,63279E+12;3730;3796;3753;3759;3811;3749;6;;;;;;;0;0;0;72;20;-1349;0;0;0;14;1115;31.24;1829.46;0;-20;24;0;;;100;93;14;0;0;0;0;2;1;;;;
88.909638;139.976546;365;365;шўэ.99;600;590;590;рту.71;600;197698;28.09.2021 0:39;28.09.2021 8:39;16;0;0.00;22.486000;88.909079;139.979043;0.00;-4.47;ьрщ.37;-7;2;-134;0;1;0;68;77;-11732;1985;22486;3064.00;93;NAVI;1;0;0;0;0;0;0;1,63279E+12;3734;3785;3737;3741;3801;3733;6;;;;;;;0;0;0;72;22;-1348;0;0;0;14;1113;31.24;1831.27;0;-20;24;0;;;100;93;14;0;0;0;0;2;1;;;;
88.909638;139.976543;364;364;шўы.16;601;590;590;рту.71;601;197805;28.09.2021 0:39;28.09.2021 8:39;16;0;0.00;22.486000;88.909079;139.979043;0.00;-4.47;ьрщ.59;-7;2;-134;0;1;0;68;77;-11732;1985;22486;3064.00;93;NAVI;1;0;0;0;0;0;0;1,63279E+12;3734;3785;3737;3741;3801;3733;6;;;;;;;0;0;0;75;21;-1346;0;0;0;14;1110;32.02;1833.09;0;-20;25;0;;;100;95;14;0;0;0;0;2;1;;;;
88.909638;139.976540;363;363;шўы.16;601;590;590;рту.71;601;197887;28.09.2021 0:39;28.09.2021 8:39;16;0;0.00;22.486000;88.909079;139.979043;0.00;-4.47;ьрщ.59;-7;2;-134;0;1;0;68;77;-11732;1985;22486;3064.00;93;NAVI;1;0;0;0;0;0;0;1,63279E+12;3734;3785;3737;3741;3801;3733;6;;;;;;;0;0;0;75;21;-1346;0;0;0;14;1108;32.02;1834.89;0;-20;25;0;;;100;95;14;0;0;0;0;2;1;;;;
88.909638;139.976537;362;362;шўы.16;602;590;590;рту.71;602;198062;28.09.2021 0:39;28.09.2021 8:39;16;0;0.00;22.486000;88.909079;139.979043;0.00;-4.47;ьрщ.59;-7;2;-134;0;1;0;68;77;-11732;1985;22486;3064.00;93;NAVI;1;0;0;0;0;0;0;1,63279E+12;3734;3785;3737;3741;3801;3733;6;;;;;;;0;0;0;75;21;-1346;0;0;0;14;1105;32.02;1836.70;0;-20;25;0;;;100;95;14;0;0;0;0;2;1;;;;
88.909638;139.976534;361;361;шўы.16;603;590;590;рту.71;603;198260;28.09.2021 0:39;28.09.2021 8:39;16;0;0.00;22.555000;88.909079;139.979043;0.00;-4.47;ьрщ.37;-7;2;-134;0;1;0;68;77;-11939;1985;22555;3065.00;93;NAVI;1;0;0;0;0;0;0;1,63279E+12;3734;3785;3737;3741;3801;3733;6;;;;;;;0;0;0;74;21;-1346;0;0;0;14;1103;32.02;1838.53;0;-20;24;0;;;100;95;14;0;0;0;0;2;1;;;;
88.909638;139.976529;360;360;шўэ.99;604;590;590;рту.71;604;198312;28.09.2021 0:39;28.09.2021 8:39;16;0;0.00;22.555000;88.909079;139.979043;0.00;-4.47;ьрщ.37;-8;2;-134;0;1;0;68;77;-11939;1985;22555;3065.00;93;NAVI;1;0;0;0;0;0;0;1,63279E+12;3734;3785;3737;3741;3801;3733;6;;;;;;;0;0;0;80;20;-1348;0;0;0;14;1098;31.24;1842.15;0;-20;24;0;;;100;100;14;0;0;0;0;2;1;;;;
88.909638;139.976529;360;360;шўэ.99;604;590;590;рту.71;604;198315;28.09.2021 0:39;28.09.2021 8:39;16;0;0.00;22.555000;88.909079;139.979043;0.00;-4.47;ьрщ.37;-8;2;-134;0;1;0;68;77;-11939;1985;22555;3065.00;93;NAVI;1;0;0;0;0;0;0;1,63279E+12;3734;3785;3737;3741;3801;3733;6;;;;;;;0;0;0;80;20;-1348;0;0;0;14;1098;31.24;1842.15;0;-20;24;0;;;100;100;14;0;0;0;0;2;1;;;;
88.909638;139.976526;359;359;шўы.16;604;590;590;рту.71;604;198457;28.09.2021 0:39;28.09.2021 8:39;16;0;0.00;22.555000;88.909079;139.979043;0.00;-4.47;ьрщ.59;-8;1;-134;0;1;0;68;77;-11939;1985;22555;3065.00;93;NAVI;1;0;0;0;0;0;0;1,63279E+12;3734;3785;3737;3741;3801;3733;6;;;;;;;0;0;0;84;18;-1348;0;0;0;14;1095;32.02;1843.96;0;-20;25;0;;;100;100;14;0;0;0;0;2;1;;;;
88.909638;139.976523;358;358;шўы.16;605;590;590;рту.71;605;198497;28.09.2021 0:39;28.09.2021 8:39;16;0;0.00;22.555000;88.909079;139.979043;0.00;-4.47;ьрщ.59;-8;2;-134;0;1;0;68;77;-11939;1985;22555;3065.00;93;NAVI;1;0;0;0;0;0;0;1,63279E+12;3734;3785;3737;3741;3801;3733;6;;;;;;;0;0;0;84;22;-1348;0;0;0;14;1093;32.02;1845.78;0;-20;25;0;;;100;100;14;0;0;0;0;2;1;;;;
88.909638;139.976521;357;357;шўэ.99;606;590;590;рту.71;606;198578;28.09.2021 0:39;28.09.2021 8:39;16;0;0.00;22.555000;88.909079;139.979043;0.00;-4.47;ьрщ.37;-8;2;-134;0;1;0;68;77;-11939;1985;22555;3065.00;93;NAVI;1;0;0;0;0;0;0;1,63279E+12;3734;3785;3737;3741;3801;3733;6;;;;;;;0;0;0;81;23;-1348;0;0;0;14;1090;31.24;1847.60;0;-20;24;0;;;100;100;14;0;0;0;0;2;1;;;;
88.909638;139.976518;356;356;шўы.16;606;590;590;рту.71;606;198758;28.09.2021 0:39;28.09.2021 8:39;16;0;0.00;22.555000;88.909079;139.979043;0.00;-4.70;ьрщ.59;-8;2;-134;0;1;0;68;77;-11939;1985;22555;3065.00;93;NAVI;1;0;0;0;0;0;0;1,63279E+12;3734;3785;3737;3741;3801;3733;6;;;;;;;0;0;0;80;23;-1348;0;0;0;14;1088;32.02;1849.40;0;-20;25;0;;;100;100;14;0;0;0;0;2;1;;;;
88.909638;139.976515;355;355;шўы.30;607;590;590;рту.71;607;198798;28.09.2021 0:39;28.09.2021 8:39;16;0;0.00;22.555000;88.909079;139.979043;0.00;-4.70;ьрщ.59;-8;2;-134;0;1;0;68;77;-11939;1985;22555;3065.00;93;NAVI;1;0;0;0;0;0;0;1,63279E+12;3734;3785;3737;3741;3801;3733;6;;;;;;;0;0;0;80;22;-1348;0;0;0;14;1085;32.65;1851.22;0;-20;25;0;;;100;100;14;0;0;0;0;2;1;;;;
88.909638;139.976512;355;355;шўы.30;607;590;590;рту.71;607;198878;28.09.2021 0:39;28.09.2021 8:39;16;0;0.00;22.555000;88.909079;139.979043;0.00;-4.70;ьрщ.59;-8;2;-134;0;1;0;68;77;-11939;1985;22555;3065.00;93;NAVI;1;0;0;0;0;0;0;1,63279E+12;3734;3785;3737;3741;3801;3733;6;;;;;;;0;0;0;81;22;-1348;0;0;0;14;1083;32.65;1853.05;0;-20;25;0;;;100;100;14;0;0;0;0;2;1;;;;
88.909638;139.976509;354;354;шўы.30;608;590;590;рту.71;608;199291;28.09.2021 0:39;28.09.2021 8:39;16;0;0.00;22.516001;88.909079;139.979043;0.00;-4.70;ьрщ.59;-8;2;-134;0;1;0;68;77;-12328;1985;22516;3066.00;93;NAVI;1;0;0;0;0;0;0;1,63279E+12;3734;3785;3737;3741;3801;3733;6;;;;;;;0;0;0;83;22;-1346;0;0;0;14;1080;32.65;1854.89;0;-20;25;0;;;100;100;14;0;0;0;0;2;1;;;;
88.909638;139.976501;352;352;шўы.30;610;590;590;рту.71;610;199332;28.09.2021 0:39;28.09.2021 8:39;16;0;0.00;22.516001;88.909079;139.979043;0.00;-4.70;ьрщ.59;-7;1;-134;0;1;0;68;77;-12328;1985;22516;3066.00;93;NAVI;1;0;0;0;0;0;0;1,63279E+12;3734;3785;3737;3741;3801;3733;6;;;;;;;0;0;0;75;17;-1345;0;0;0;14;1073;32.65;1860.46;0;-20;25;0;;;100;100;14;0;0;0;0;2;1;;;;
88.909638;139.976501;352;352;шўы.30;610;590;590;рту.71;610;199335;28.09.2021 0:39;28.09.2021 8:39;16;0;0.00;22.516001;88.909079;139.979043;0.00;-4.70;ьрщ.59;-7;1;-134;0;1;0;68;77;-12328;1985;22516;3066.00;93;NAVI;1;0;0;0;0;0;0;1,63279E+12;3734;3785;3737;3741;3801;3733;6;;;;;;;0;0;0;75;17;-1345;0;0;0;14;1073;32.65;1860.46;0;-20;25;0;;;100;100;14;0;0;0;0;2;1;;;;
88.909638;139.976501;352;352;шўы.30;610;590;590;рту.71;610;199337;28.09.2021 0:39;28.09.2021 8:39;16;0;0.00;22.516001;88.909079;139.979043;0.00;-4.70;ьрщ.59;-7;1;-134;0;1;0;68;77;-12328;1985;22516;3066.00;93;NAVI;1;0;0;0;0;0;0;1,63279E+12;3734;3785;3737;3741;3801;3733;6;;;;;;;0;0;0;75;17;-1345;0;0;0;14;1073;32.65;1860.46;0;-20;25;0;;;100;100;14;0;0;0;0;2;1;;;;
88.909638;139.976498;351;351;шўы.30;610;590;590;рту.71;610;199398;28.09.2021 0:39;28.09.2021 8:39;16;0;0.00;22.516001;88.909079;139.979043;0.00;-4.70;ьрщ.59;-6;0;-134;0;1;0;68;77;-12328;1985;22516;3066.00;93;NAVI;1;0;0;0;0;0;0;1,63279E+12;3734;3785;3737;3741;3801;3733;6;;;;;;;0;0;0;67;9;-1345;0;0;0;14;1070;32.65;1862.31;0;-20;25;0;;;100;100;14;0;0;0;0;2;1;;;;
88.909638;139.976495;350;350;шўы.16;611;590;590;рту.71;611;199490;28.09.2021 0:39;28.09.2021 8:39;16;0;0.00;22.516001;88.909079;139.979043;0.00;-4.47;ьрщ.59;-6;0;-134;0;1;0;68;77;-12328;1985;22516;3066.00;93;NAVI;1;0;0;0;0;0;0;1,63279E+12;3734;3785;3737;3741;3801;3733;6;;;;;;;0;0;0;62;1;-1344;0;0;0;14;1066;32.02;1864.12;0;-20;25;0;;;100;100;14;0;0;0;0;2;1;;;;
88.909638;139.976492;349;349;шўэ.99;612;590;590;рту.71;612;199598;28.09.2021 0:39;28.09.2021 8:39;16;0;0.00;22.516001;88.909079;139.979043;0.00;-4.47;ьрщ.37;-6;0;-134;0;1;0;68;77;-12328;1985;22516;3066.00;93;NAVI;1;0;0;0;0;0;0;1,63279E+12;3734;3785;3737;3741;3801;3733;6;;;;;;;0;0;0;64;-2;-1344;0;0;0;14;1065;31.24;1865.90;0;-20;24;0;;;100;100;14;0;0;0;0;2;1;;;;
88.909638;139.976490;348;348;шўэ.85;612;590;590;рту.71;612;199782;28.09.2021 0:39;28.09.2021 8:39;16;0;0.00;22.516001;88.909079;139.979043;0.00;-4.25;ьрщ.37;-6;0;-134;0;1;0;68;77;-12328;1985;22516;3066.00;93;NAVI;1;0;0;0;0;0;0;1,63279E+12;3734;3785;3737;3741;3801;3733;6;;;;;;;0;0;0;69;-2;-1345;0;0;0;14;1063;30.61;1867.65;0;-18;24;0;;;100;100;14;0;0;0;0;2;1;;;;
88.909638;139.976484;347;347;шўэ.85;613;590;590;рту.71;613;199833;28.09.2021 0:39;28.09.2021 8:39;16;0;0.00;22.516001;88.909079;139.979043;0.00;-4.25;ьрщ.37;-7;1;-134;0;1;0;68;77;-12328;1985;22516;3066.00;93;NAVI;1;0;0;0;0;0;0;1,63279E+12;3734;3785;3737;3741;3801;3733;6;;;;;;;0;0;0;74;11;-1349;0;0;0;14;1058;30.61;1871.06;0;-18;24;0;;;100;100;14;0;0;0;0;2;1;;;;
88.909638;139.976484;347;347;шўэ.85;613;590;590;рту.71;613;199835;28.09.2021 0:39;28.09.2021 8:39;16;0;0.00;22.516001;88.909079;139.979043;0.00;-4.25;ьрщ.37;-7;1;-134;0;1;0;68;77;-12328;1985;22516;3066.00;93;NAVI;1;0;0;0;0;0;0;1,63279E+12;3734;3785;3737;3741;3801;3733;6;;;;;;;0;0;0;74;11;-1349;0;0;0;14;1058;30.61;1871.06;0;-18;24;0;;;100;100;14;0;0;0;0;2;1;;;;
88.909638;139.976482;346;346;07.єхт;614;590;590;рту.71;614;199911;2021-09-28 00:39:13.009;2021-09-28 08:39:13.010;16;0;0.00;22.516001;88.909079;139.979043;0.00;-4.25;ьрщ.59;-7;1;-135;0;1;0;68;77;-12328;1985;22516;3066.00;93;NAVI;1;0;0;0;0;0;0;1,63279E+12;3734;3785;3737;3741;3801;3733;6;;;;;;;0;0;0;74;17;-1350;0;0;0;14;1055;31.40;1872.75;0;-18;25;0;;;100;100;14;0;0;0;0;2;1;;;;
88.909638;139.976479;345;345;07.єхт;614;590;590;рту.71;614;200108;28.09.2021 0:39;28.09.2021 8:39;16;0;0.00;22.516001;88.909079;139.979043;0.00;-4.25;ьрщ.59;-7;2;-135;0;1;0;68;77;-12328;1985;22516;3066.00;93;NAVI;1;0;0;0;0;0;0;1,63279E+12;3734;3785;3737;3741;3801;3733;6;;;;;;;0;0;0;74;20;-1353;0;0;0;14;1053;31.40;1874.43;0;-18;25;0;;;100;100;14;0;0;0;0;2;1;;;;
88.909638;139.976476;344;344;07.єхт;615;590;590;рту.71;615;200408;28.09.2021 0:39;28.09.2021 8:39;17;0;0.00;22.506001;88.909079;139.979043;0.00;-4.25;ьрщ.82;-7;2;-135;0;1;0;68;77;-12316;1985;22506;3066.00;93;NAVI;1;0;0;0;0;0;0;1,63279E+12;3734;3785;3737;3741;3801;3733;6;;;;;;;0;0;0;73;21;-1354;0;0;0;14;1050;31.40;1876.12;0;-18;25;0;;;100;100;14;0;0;0;0;2;1;;;;
88.909638;139.976468;342;342;шўы.20;617;590;590;рту.71;617;200440;28.09.2021 0:39;28.09.2021 8:39;17;0;0.00;22.506001;88.909079;139.979043;0.00;-4.25;ьрщ.82;-6;1;-135;0;1;0;68;77;-12316;1985;22506;3066.00;93;NAVI;1;0;0;0;0;0;0;1,63279E+12;3734;3785;3737;3741;3801;3733;6;;;;;;;0;0;0;69;18;-1356;0;0;0;14;1043;32.20;1881.25;0;-18;25;0;;;100;100;14;0;0;0;0;2;1;;;;
88.909638;139.976468;342;342;шўы.20;617;590;590;рту.71;617;200442;28.09.2021 0:39;28.09.2021 8:39;17;0;0.00;22.506001;88.909079;139.979043;0.00;-4.25;ьрщ.82;-6;1;-135;0;1;0;68;77;-12316;1985;22506;3066.00;93;NAVI;1;0;0;0;0;0;0;1,63279E+12;3734;3785;3737;3741;3801;3733;6;;;;;;;0;0;0;69;18;-1356;0;0;0;14;1043;32.20;1881.25;0;-18;25;0;;;100;100;14;0;0;0;0;2;1;;;;
88.909638;139.976468;342;342;шўы.20;617;590;590;рту.71;617;200445;28.09.2021 0:39;28.09.2021 8:39;17;0;0.00;22.506001;88.909079;139.979043;0.00;-4.25;ьрщ.82;-6;1;-135;0;1;0;68;77;-12316;1985;22506;3066.00;93;NAVI;1;0;0;0;0;0;0;1,63279E+12;3734;3785;3737;3741;3801;3733;6;;;;;;;0;0;0;69;18;-1356;0;0;0;14;1043;32.20;1881.25;0;-18;25;0;;;100;100;14;0;0;0;0;2;1;;;;
88.909638;139.976466;341;341;шўы.20;617;590;590;рту.71;617;200589;28.09.2021 0:39;28.09.2021 8:39;16;0;0.00;22.506001;88.909079;139.979043;0.00;-4.25;ьрщ.82;-6;1;-135;0;1;0;68;77;-12316;1985;22506;3066.00;93;NAVI;1;0;0;0;0;0;0;1,63279E+12;3734;3785;3737;3741;3801;3733;6;;;;;;;0;0;0;68;18;-1358;0;0;0;14;1040;32.20;1882.96;0;-18;25;0;;;100;100;14;0;0;0;0;2;1;;;;
88.909638;139.976463;340;340;шўы.20;618;590;590;рту.71;618;200620;28.09.2021 0:39;28.09.2021 8:39;16;0;0.00;22.506001;88.909079;139.979043;0.00;-4.25;ьрщ.82;-6;1;-135;0;1;0;68;77;-12316;1985;22506;3066.00;93;NAVI;1;0;0;0;0;0;0;1,63279E+12;3734;3785;3737;3741;3801;3733;6;;;;;;;0;0;0;69;18;-1358;0;0;0;14;1038;32.20;1884.67;0;-18;25;0;;;100;100;14;0;0;0;0;2;1;;;;
88.909638;139.976460;339;339;шўы.20;618;590;590;рту.71;618;200728;28.09.2021 0:39;28.09.2021 8:39;17;0;0.00;22.506001;88.909079;139.979043;0.00;-4.25;ьрщ.82;-6;2;-135;0;1;0;68;77;-12316;1985;22506;3066.00;93;NAVI;1;0;0;0;0;0;0;1,63279E+12;3734;3785;3737;3741;3801;3733;6;;;;;;;0;0;0;68;20;-1359;0;0;0;14;1035;32.20;1886.38;0;-18;25;0;;;100;100;14;0;0;0;0;2;1;;;;
88.909638;139.976458;338;338;шўы.20;619;590;590;рту.71;619;200902;2021-09-28 00:39:14.000;2021-09-28 08:39:14.001;17;0;0.00;22.506001;88.909079;139.979043;0.00;-4.25;06.ря№;-6;2;-135;0;1;0;68;77;-12316;1985;22506;3066.00;93;NAVI;1;0;0;0;0;0;0;1,63279E+12;3734;3785;3737;3741;3801;3733;6;;;;;;;0;0;0;67;20;-1359;0;0;0;14;1033;32.20;1888.09;0;-18;27;0;;;100;100;14;0;0;0;0;2;1;;;;
88.909637;139.976455;337;337;шўы.39;620;590;590;рту.71;620;200937;2021-09-28 00:39:14.035;2021-09-28 08:39:14.036;17;0;0.00;22.506001;88.909079;139.979043;0.00;-4.25;06.ря№;-6;1;-136;0;1;0;68;77;-12316;1985;22506;3066.00;93;NAVI;1;0;0;0;0;0;0;1,63279E+12;3734;3785;3737;3741;3801;3733;6;;;;;;;0;0;0;65;18;-1360;0;0;0;14;1030;33.02;1889.81;0;-18;27;0;;;100;100;14;0;0;0;0;2;1;;;;
88.909637;139.976453;336;336;шўы.20;620;590;590;рту.71;620;201032;28.09.2021 0:39;28.09.2021 8:39;17;0;0.00;22.506001;88.909079;139.979043;0.00;-4.25;ьрщ.82;-6;1;-136;0;1;0;68;77;-12316;1985;22506;3066.00;93;NAVI;1;0;0;0;0;0;0;1,63279E+12;3734;3785;3737;3741;3801;3733;6;;;;;;;0;0;0;65;18;-1360;0;0;0;14;1026;32.20;1891.53;0;-18;25;0;;;100;100;14;0;0;0;0;2;1;;;;
88.909637;139.976450;336;336;шўы.39;621;590;590;рту.71;621;201222;28.09.2021 0:39;28.09.2021 8:39;17;0;0.00;22.601999;88.909079;139.979043;0.00;-4.25;06.ря№;-6;2;-136;0;1;0;68;77;-10889;1985;22602;3066.00;93;NAVI;1;0;0;0;0;0;0;1,63279E+12;3734;3785;3737;3741;3801;3733;6;;;;;;;0;0;0;64;21;-1360;0;0;0;14;1025;33.02;1893.23;0;-18;27;0;;;100;100;14;0;0;0;0;2;1;;;;
88.909637;139.976447;335;335;шўы.39;621;590;590;рту.71;621;201392;28.09.2021 0:39;28.09.2021 8:39;17;0;0.00;22.601999;88.909079;139.979043;0.00;-4.25;06.ря№;-6;2;-136;0;1;0;68;77;-10889;1985;22602;3066.00;93;NAVI;1;0;0;0;0;0;0;1,63279E+12;3734;3785;3737;3741;3801;3733;6;;;;;;;0;0;0;65;22;-1360;0;0;0;14;1021;33.02;1894.90;0;-18;27;0;;;100;100;14;0;0;0;0;2;1;;;;
88.909637;139.976445;334;334;шўы.39;622;590;590;рту.71;622;201430;28.09.2021 0:39;28.09.2021 8:39;17;0;0.00;22.601999;88.909079;139.979043;0.00;-4.25;06.ря№;-6;2;-136;0;1;0;68;77;-10889;1985;22602;3066.00;93;NAVI;1;0;0;0;0;0;0;1,63279E+12;3734;3785;3737;3741;3801;3733;6;;;;;;;0;0;0;67;23;-1360;0;0;0;14;1019;33.02;1896.58;0;-18;27;0;;;100;100;14;0;0;0;0;2;1;;;;
88.909637;139.976442;333;333;шўы.39;622;590;590;рту.71;622;201477;28.09.2021 0:39;28.09.2021 8:39;17;0;0.00;22.601999;88.909079;139.979043;0.00;-4.25;06.ря№;-6;2;-136;0;1;0;68;77;-10889;1985;22602;3066.00;93;NAVI;1;0;0;0;0;0;0;1,63279E+12;3734;3785;3737;3741;3801;3733;6;;;;;;;0;0;0;68;25;-1360;0;0;0;14;1015;33.02;1898.30;0;-18;27;0;;;100;100;14;0;0;0;0;2;1;;;;
88.909637;139.976439;332;332;шўы.39;623;590;590;рту.71;623;201557;28.09.2021 0:39;28.09.2021 8:39;17;0;0.00;22.601999;88.909079;139.979043;0.00;-4.25;06.ря№;-6;2;-135;0;1;0;68;77;-10889;1985;22602;3066.00;93;NAVI;1;0;0;0;0;0;0;1,63279E+12;3734;3785;3737;3741;3801;3733;6;;;;;;;0;0;0;68;25;-1359;0;0;0;14;1014;33.02;1900.02;0;-18;27;0;;;100;100;14;0;0;0;0;2;1;;;;
88.909637;139.976437;331;331;шўы.20;623;590;590;рту.71;623;201753;28.09.2021 0:39;28.09.2021 8:39;17;0;0.00;22.601999;88.909079;139.979043;0.00;-4.25;ьрщ.82;-6;2;-135;0;1;0;68;77;-10889;1985;22602;3066.00;93;NAVI;1;0;0;0;0;0;0;1,63279E+12;3734;3785;3737;3741;3801;3733;6;;;;;;;0;0;0;69;22;-1359;0;0;0;14;1010;32.20;1901.74;0;-18;25;0;;;100;100;14;0;0;0;0;2;1;;;;
88.909637;139.976434;330;330;шўы.20;624;590;590;рту.71;624;201798;28.09.2021 0:39;28.09.2021 8:39;17;0;0.00;22.601999;88.909079;139.979043;0.00;-4.25;ьрщ.82;-6;2;-135;0;1;0;68;77;-10889;1985;22602;3066.00;93;NAVI;1;0;0;0;0;0;0;1,63279E+12;3734;3785;3737;3741;3801;3733;6;;;;;;;0;0;0;69;22;-1356;0;0;0;14;1008;32.20;1903.47;0;-18;25;0;;;100;100;14;0;0;0;0;2;1;;;;
88.909637;139.976432;330;330;шўы.20;625;590;590;рту.71;625;201858;28.09.2021 0:39;28.09.2021 8:39;17;0;0.00;22.601999;88.909079;139.979043;0.00;-4.25;ьрщ.82;-7;2;-135;0;1;0;68;77;-10889;1985;22602;3066.00;93;NAVI;1;0;0;0;0;0;0;1,63279E+12;3734;3785;3737;3741;3801;3733;6;;;;;;;0;0;0;70;21;-1355;0;0;0;14;1005;32.20;1905.18;0;-18;25;0;;;100;100;14;0;0;0;0;2;1;;;;
88.909637;139.976429;329;329;шўы.20;625;590;590;рту.71;625;202054;28.09.2021 0:39;28.09.2021 8:39;17;0;0.00;22.601999;88.909079;139.979043;0.00;-4.25;ьрщ.82;-7;2;-135;0;1;0;68;77;-10889;1985;22602;3066.00;93;NAVI;1;0;0;0;0;0;0;1,63279E+12;3734;3785;3737;3741;3801;3733;6;;;;;;;0;0;0;70;22;-1353;0;0;0;14;1003;32.20;1906.89;0;-18;25;0;;;100;100;14;0;0;0;0;2;1;;;;
88.909638;139.976426;328;328;шўы.20;626;590;590;рту.71;626;202098;28.09.2021 0:39;28.09.2021 8:39;17;0;0.00;22.601999;88.909079;139.979043;0.00;-4.25;ьрщ.82;-7;2;-135;0;1;0;68;77;-10889;1985;22602;3066.00;93;NAVI;1;0;0;0;0;0;0;1,63279E+12;3734;3785;3737;3741;3801;3733;6;;;;;;;0;0;0;70;22;-1350;0;0;0;14;1000;32.20;1908.57;0;-18;25;0;;;100;100;14;0;0;0;0;2;1;;;;
88.909638;139.976424;327;327;шўы.20;626;590;590;рту.71;626;202159;28.09.2021 0:39;28.09.2021 8:39;17;0;0.00;22.565001;88.909079;139.979043;0.00;-4.25;ьрщ.82;-7;2;-134;0;1;0;68;77;-11734;1927;22565;3066.00;93;NAVI;1;0;0;0;0;0;0;1,63279E+12;3734;3785;3737;3741;3801;3733;6;;;;;;;0;0;0;72;22;-1348;0;0;0;14;998;32.20;1910.25;0;-18;25;0;;;100;100;14;0;0;0;0;2;1;;;;
88.909638;139.976421;326;326;шўы.20;627;590;590;рту.71;627;202459;28.09.2021 0:39;28.09.2021 8:39;17;0;0.00;22.565001;88.909079;139.979043;0.00;-4.25;ьрщ.82;-7;2;-134;0;1;0;68;77;-11734;1927;22565;3066.00;93;NAVI;1;0;0;0;0;0;0;1,63279E+12;3734;3785;3737;3741;3801;3733;6;;;;;;;0;0;0;72;22;-1345;0;0;0;14;995;32.20;1911.91;0;-18;25;0;;;100;100;14;0;0;0;0;2;1;;;;
88.909638;139.976416;324;324;шўы.20;628;590;590;рту.71;628;202488;28.09.2021 0:39;28.09.2021 8:39;17;0;0.00;22.565001;88.909079;139.979043;0.00;-4.25;ьрщ.82;-7;2;-134;0;1;0;68;77;-11734;1927;22565;3066.00;93;NAVI;1;0;0;0;0;0;0;1,63279E+12;3734;3785;3737;3741;3801;3733;6;;;;;;;0;0;0;77;23;-1345;0;0;0;14;990;32.20;1915.23;0;-18;25;0;;;100;100;14;0;0;0;0;2;1;;;;
88.909638;139.976416;324;324;шўы.20;628;590;590;рту.71;628;202491;28.09.2021 0:39;28.09.2021 8:39;17;0;0.00;22.565001;88.909079;139.979043;0.00;-4.25;ьрщ.82;-7;2;-134;0;1;0;68;77;-11734;1927;22565;3066.00;93;NAVI;1;0;0;0;0;0;0;1,63279E+12;3734;3785;3737;3741;3801;3733;6;;;;;;;0;0;0;77;23;-1345;0;0;0;14;990;32.20;1915.23;0;-18;25;0;;;100;100;14;0;0;0;0;2;1;;;;
88.909638;139.976414;324;324;шўы.20;628;590;590;рту.71;628;202568;28.09.2021 0:39;28.09.2021 8:39;16;0;0.00;22.565001;88.909079;139.979043;0.00;-4.25;ьрщ.82;-7;2;-134;0;1;0;68;77;-11734;1927;22565;3066.00;93;NAVI;1;0;0;0;0;0;0;1,63279E+12;3734;3785;3737;3741;3801;3733;6;;;;;;;0;0;0;78;23;-1346;0;0;0;14;988;32.20;1916.90;0;-18;25;0;;;100;100;14;0;0;0;0;2;1;;;;
88.909638;139.976411;323;323;шўы.20;629;590;590;рту.71;629;202658;28.09.2021 0:39;28.09.2021 8:39;16;0;0.00;22.565001;88.909079;139.979043;0.00;-4.25;ьрщ.82;-7;2;-134;0;1;0;68;77;-11734;1927;22565;3066.00;93;NAVI;1;0;0;0;0;0;0;1,63279E+12;3734;3785;3737;3741;3801;3733;6;;;;;;;0;0;0;79;22;-1349;0;0;0;14;985;32.20;1918.61;0;-18;25;0;;;100;100;14;0;0;0;0;2;1;;;;
88.909638;139.976408;322;322;шўы.20;630;590;590;рту.71;630;202778;28.09.2021 0:39;28.09.2021 8:39;16;0;0.00;22.565001;88.909079;139.979043;0.00;-4.25;ьрщ.82;-7;2;-135;0;1;0;68;77;-11734;1927;22565;3066.00;93;NAVI;1;0;0;0;0;0;0;1,63279E+12;3734;3785;3737;3741;3801;3733;6;;;;;;;0;0;0;78;22;-1350;0;0;0;14;981;32.20;1920.33;0;-18;25;0;;;100;100;14;0;0;0;0;2;1;;;;
88.909638;139.976403;320;320;шўы.39;631;590;590;рту.71;631;203050;28.09.2021 0:39;28.09.2021 8:39;17;0;0.00;22.565001;88.909079;139.979043;0.00;-4.25;ьрщ.82;-6;1;-135;0;1;0;68;77;-11734;1927;22565;3066.00;93;NAVI;1;0;0;0;0;0;0;1,63279E+12;3734;3785;3737;3741;3801;3733;6;;;;;;;0;0;0;67;13;-1350;0;0;0;14;976;33.02;1923.77;0;-18;25;0;;;100;100;14;0;0;0;0;2;1;;;;
88.909638;139.976401;319;319;шўы.20;631;590;590;рту.71;631;203081;28.09.2021 0:39;28.09.2021 8:39;17;0;0.00;22.565001;88.909079;139.979043;0.00;-4.25;ьрщ.82;-5;0;-134;0;1;0;68;77;-11734;1927;22565;3066.00;93;NAVI;1;0;0;0;0;0;0;1,63279E+12;3734;3785;3737;3741;3801;3733;6;;;;;;;0;0;0;59;4;-1349;0;0;0;14;974;32.20;1925.48;0;-18;25;0;;;100;100;14;0;0;0;0;2;1;;;;
88.909638;139.976398;318;318;07.шўы;632;590;590;рту.71;632;203178;28.09.2021 0:39;28.09.2021 8:39;16;0;0.00;22.565001;88.909079;139.979043;0.00;-4.03;ьрщ.82;-6;0;-134;0;1;0;66;77;-11734;1927;22565;3067.00;93;NAVI;1;0;0;0;0;0;0;1,63279E+12;3734;3785;3737;3741;3801;3733;6;;;;;;;0;0;0;60;-1;-1348;0;0;0;14;971;31.62;1927.15;0;-17;25;0;;;100;100;14;0;0;0;0;2;1;;;;
88.909638;139.976396;317;317;07.шўы;632;590;590;рту.71;632;203467;28.09.2021 0:39;28.09.2021 8:39;17;0;0.00;22.565001;88.909079;139.979043;0.00;-3.80;06.ря№;-6;0;-134;0;1;0;66;77;-11734;1927;22565;3067.00;93;NAVI;1;0;0;0;0;0;0;1,63279E+12;3734;3785;3737;3741;3801;3733;6;;;;;;;0;0;0;68;-5;-1345;0;0;0;14;969;31.62;1928.79;0;-17;27;0;;;100;100;14;0;0;0;0;2;1;;;;
88.909638;139.976391;316;316;шўы.14;633;590;590;рту.71;633;203599;28.09.2021 0:39;28.09.2021 8:39;17;0;0.00;22.565001;88.909079;139.979043;0.00;-3.80;ьрщ.82;-7;0;-134;0;1;0;66;77;-11734;1927;22565;3067.00;93;NAVI;1;0;0;0;0;0;0;1,63279E+12;3734;3785;3737;3741;3801;3733;6;;;;;;;0;0;0;72;-1;-1346;0;0;0;14;964;31.91;1932.01;0;-17;25;0;;;100;100;14;0;0;0;0;2;1;;;;
88.909638;139.976388;315;315;шўэ.95;634;590;590;рту.71;634;203650;28.09.2021 0:39;28.09.2021 8:39;17;0;0.00;22.565001;88.909079;139.979043;0.00;-3.80;ьрщ.82;-7;0;-134;0;1;0;66;77;-11734;1927;22565;3067.00;93;NAVI;1;0;0;0;0;0;0;1,63279E+12;3734;3785;3737;3741;3801;3733;6;;;;;;;0;0;0;70;4;-1349;0;0;0;14;960;31.06;1933.58;0;-17;25;0;;;100;100;14;0;0;0;0;2;1;;;;
88.909638;139.976388;315;315;шўэ.95;634;590;590;рту.71;634;203652;28.09.2021 0:39;28.09.2021 8:39;17;0;0.00;22.565001;88.909079;139.979043;0.00;-3.80;ьрщ.82;-7;0;-134;0;1;0;66;77;-11734;1927;22565;3067.00;93;NAVI;1;0;0;0;0;0;0;1,63279E+12;3734;3785;3737;3741;3801;3733;6;;;;;;;0;0;0;70;4;-1349;0;0;0;14;960;31.06;1933.58;0;-17;25;0;;;100;100;14;0;0;0;0;2;1;;;;
88.909638;139.976386;314;314;шўэ.95;634;590;590;рту.71;634;203713;28.09.2021 0:39;28.09.2021 8:39;17;0;0.00;22.565001;88.909079;139.979043;0.00;-3.80;ьрщ.82;-7;1;-135;0;1;0;66;77;-11734;1927;22565;3067.00;93;NAVI;1;0;0;0;0;0;0;1,63279E+12;3734;3785;3737;3741;3801;3733;6;;;;;;;0;0;0;72;10;-1350;0;0;0;14;959;31.06;1935.10;0;-17;25;0;;;100;100;14;0;0;0;0;2;1;;;;
88.909638;139.976384;313;313;шўэ.95;635;590;590;рту.71;635;203798;28.09.2021 0:39;28.09.2021 8:39;16;0;0.00;22.565001;88.909079;139.979043;0.00;-3.80;ьрщ.82;-7;1;-135;0;1;0;66;77;-11734;1927;22565;3067.00;93;NAVI;1;0;0;0;0;0;0;1,63279E+12;3734;3785;3737;3741;3801;3733;6;;;;;;;0;0;0;72;15;-1353;0;0;0;14;955;31.06;1936.62;0;-17;25;0;;;100;100;14;0;0;0;0;2;1;;;;
88.909638;139.976381;312;312;шўы.14;635;590;590;рту.71;635;203907;2021-09-28 00:39:17.005;2021-09-28 08:39:17.006;16;0;0.00;22.565001;88.909079;139.979043;0.00;-3.80;06.ря№;-7;2;-135;0;1;0;66;77;-11734;1927;22565;3067.00;93;NAVI;1;0;0;0;0;0;0;1,63279E+12;3734;3785;3737;3741;3801;3733;6;;;;;;;0;0;0;70;21;-1354;0;0;0;14;954;31.91;1938.15;0;-17;27;0;;;100;100;14;0;0;0;0;2;1;;;;
88.909638;139.976379;312;312;шўы.14;636;590;590;рту.71;636;204087;28.09.2021 0:39;28.09.2021 8:39;17;0;0.00;22.565001;88.909079;139.979043;0.00;-3.80;06.ря№;-6;2;-135;0;1;0;66;77;-11734;1927;22565;3067.00;93;NAVI;1;0;0;0;0;0;0;1,63279E+12;3734;3785;3737;3741;3801;3733;6;;;;;;;0;0;0;68;22;-1355;0;0;0;14;950;31.91;1939.69;0;-17;27;0;;;100;100;14;0;0;0;0;2;1;;;;
88.909638;139.976374;310;310;шўы.14;637;590;590;рту.71;637;204122;28.09.2021 0:39;28.09.2021 8:39;17;0;0.00;22.565001;88.909079;139.979043;0.00;-3.80;06.ря№;-7;2;-135;0;1;0;66;77;-11734;1927;22565;3067.00;93;NAVI;1;0;0;0;0;0;0;1,63279E+12;3734;3785;3737;3741;3801;3733;6;;;;;;;0;0;0;78;21;-1355;0;0;0;14;945;31.91;1942.74;0;-17;27;0;;;100;100;14;0;0;0;0;2;1;;;;
88.909638;139.976374;310;310;шўы.14;637;590;590;рту.71;637;204125;28.09.2021 0:39;28.09.2021 8:39;17;0;0.00;22.565001;88.909079;139.979043;0.00;-3.80;06.ря№;-7;2;-135;0;1;0;66;77;-11734;1927;22565;3067.00;93;NAVI;1;0;0;0;0;0;0;1,63279E+12;3734;3785;3737;3741;3801;3733;6;;;;;;;0;0;0;78;21;-1355;0;0;0;14;945;31.91;1942.74;0;-17;27;0;;;100;100;14;0;0;0;0;2;1;;;;
88.909638;139.976372;309;309;шўы.33;637;590;590;рту.71;637;204210;28.09.2021 0:39;28.09.2021 8:39;17;0;0.00;22.530001;88.909079;139.979043;0.00;-3.80;шўэ.26;-8;1;-135;0;1;0;66;77;-11996;1927;22530;3067.00;93;NAVI;1;0;0;0;0;0;0;1,63279E+12;3734;3785;3737;3741;3801;3733;6;;;;;;;0;0;0;81;18;-1355;0;0;0;14;943;32.76;1944.29;0;-17;27;0;;;100;100;14;0;0;0;0;2;1;;;;
88.909638;139.976370;308;308;шўы.33;638;590;590;рту.71;638;204767;28.09.2021 0:39;28.09.2021 8:39;16;0;0.00;22.530001;88.909079;139.979043;0.00;-3.80;06.ря№;-7;1;-135;0;1;0;66;77;-11996;1927;22530;3067.00;93;NAVI;1;0;0;0;0;0;0;1,63279E+12;3734;3785;3737;3741;3801;3733;6;;;;;;;0;0;0;78;18;-1355;0;0;0;14;940;32.76;1945.85;0;-17;27;0;;;100;100;14;0;0;0;0;2;1;;;;
88.909638;139.976360;304;304;шўы.14;640;590;590;рту.71;640;204807;28.09.2021 0:39;28.09.2021 8:39;16;0;0.00;22.530001;88.909079;139.979043;0.00;-3.80;шўэ.26;-7;1;-135;0;1;0;66;77;-11996;1927;22530;3067.00;93;NAVI;1;0;0;0;0;0;0;1,63279E+12;3734;3785;3737;3741;3801;3733;6;;;;;;;0;0;0;72;11;-1351;0;0;0;14;929;31.91;1952.09;0;-17;27;0;;;100;100;14;0;0;0;0;2;1;;;;
88.909638;139.976358;304;304;шўы.33;640;590;590;рту.71;640;204858;28.09.2021 0:39;28.09.2021 8:39;16;0;0.00;22.530001;88.909079;139.979043;0.00;-3.80;шўэ.26;-7;1;-135;0;1;0;66;77;-11996;1927;22530;3067.00;93;NAVI;1;0;0;0;0;0;0;1,63279E+12;3734;3785;3737;3741;3801;3733;6;;;;;;;0;0;0;72;13;-1351;0;0;0;14;926;32.76;1953.65;0;-17;27;0;;;100;100;14;0;0;0;0;2;1;;;;
88.909638;139.976358;304;304;шўы.33;640;590;590;рту.71;640;204861;28.09.2021 0:39;28.09.2021 8:39;16;0;0.00;22.530001;88.909079;139.979043;0.00;-3.80;шўэ.26;-7;1;-135;0;1;0;66;77;-11996;1927;22530;3067.00;93;NAVI;1;0;0;0;0;0;0;1,63279E+12;3734;3785;3737;3741;3801;3733;6;;;;;;;0;0;0;72;13;-1351;0;0;0;14;926;32.76;1953.65;0;-17;27;0;;;100;100;14;0;0;0;0;2;1;;;;
88.909638;139.976358;304;304;шўы.33;640;590;590;рту.71;640;204863;28.09.2021 0:39;28.09.2021 8:39;16;0;0.00;22.530001;88.909079;139.979043;0.00;-3.80;шўэ.26;-7;1;-135;0;1;0;66;77;-11996;1927;22530;3067.00;93;NAVI;1;0;0;0;0;0;0;1,63279E+12;3734;3785;3737;3741;3801;3733;6;;;;;;;0;0;0;72;13;-1351;0;0;0;14;926;32.76;1953.65;0;-17;27;0;;;100;100;14;0;0;0;0;2;1;;;;
88.909638;139.976358;304;304;шўы.33;640;590;590;рту.71;640;204868;28.09.2021 0:39;28.09.2021 8:39;16;0;0.00;22.530001;88.909079;139.979043;0.00;-3.80;шўэ.26;-7;1;-135;0;1;0;66;77;-11996;1927;22530;3067.00;93;NAVI;1;0;0;0;0;0;0;1,63279E+12;3734;3785;3737;3741;3801;3733;6;;;;;;;0;0;0;72;13;-1351;0;0;0;14;926;32.76;1953.65;0;-17;27;0;;;100;100;14;0;0;0;0;2;1;;;;
88.909638;139.976355;303;303;шўы.33;641;590;590;рту.71;641;204941;2021-09-28 00:39:18.039;2021-09-28 08:39:18.040;16;0;0.00;22.530001;88.909079;139.979043;0.00;-3.80;шўэ.26;-7;1;-135;0;1;0;66;77;-11996;1927;22530;3067.00;93;NAVI;1;0;0;0;0;0;0;1,63279E+12;3734;3785;3737;3741;3801;3733;6;;;;;;;0;0;0;72;13;-1351;0;0;0;14;924;32.76;1955.19;0;-17;27;0;;;100;100;14;0;0;0;0;2;1;;;;
88.909638;139.976353;302;302;шўы.33;641;590;590;рту.71;641;205156;28.09.2021 0:39;28.09.2021 8:39;16;0;0.00;22.579000;88.909079;139.979043;0.00;-3.80;06.ря№;-7;1;-135;0;1;0;66;77;-11567;1927;22579;3067.00;93;NAVI;1;0;0;0;0;0;0;1,63279E+12;3734;3785;3737;3741;3801;3733;6;;;;;;;0;0;0;70;18;-1351;0;0;0;14;920;32.76;1956.71;0;-17;27;0;;;100;100;14;0;0;0;0;2;1;;;;
88.909638;139.976351;301;301;шўы.14;642;590;590;рту.71;642;205192;28.09.2021 0:39;28.09.2021 8:39;16;0;0.00;22.579000;88.909079;139.979043;0.00;-3.80;06.ря№;-7;2;-135;0;1;0;66;77;-11567;1927;22579;3067.00;93;NAVI;1;0;0;0;0;0;0;1,63279E+12;3734;3785;3737;3741;3801;3733;6;;;;;;;0;0;0;70;20;-1351;0;0;0;14;918;31.91;1958.22;0;-17;27;0;;;100;100;14;0;0;0;0;2;1;;;;
88.909638;139.976348;300;300;шўы.14;642;590;590;рту.71;642;205307;28.09.2021 0:39;28.09.2021 8:39;17;0;0.00;22.579000;88.909079;139.979043;0.00;-3.80;шўэ.26;-7;2;-135;0;1;0;66;77;-11567;1927;22579;3067.00;93;NAVI;1;0;0;0;0;0;0;1,63279E+12;3734;3785;3737;3741;3801;3733;6;;;;;;;0;0;0;70;21;-1351;0;0;0;14;915;31.91;1959.76;0;-17;27;0;;;100;100;14;0;0;0;0;2;1;;;;
88.909638;139.976346;299;299;шўы.33;643;590;590;рту.71;643;205350;28.09.2021 0:39;28.09.2021 8:39;17;0;0.00;22.579000;88.909079;139.979043;0.00;-3.80;шўэ.26;-7;2;-135;0;1;0;66;77;-11567;1927;22579;3067.00;93;NAVI;1;0;0;0;0;0;0;1,63279E+12;3734;3785;3737;3741;3801;3733;6;;;;;;;0;0;0;70;21;-1351;0;0;0;14;913;32.76;1961.29;0;-17;27;0;;;100;100;14;0;0;0;0;2;1;;;;
88.909638;139.976344;298;298;шўы.33;643;590;590;рту.71;643;205600;28.09.2021 0:39;28.09.2021 8:39;16;0;0.00;22.579000;88.909079;139.979043;0.00;-3.80;06.ря№;-7;2;-135;0;1;0;66;77;-11567;1927;22579;3067.00;93;NAVI;1;0;0;0;0;0;0;1,63279E+12;3734;3785;3737;3741;3801;3733;6;;;;;;;0;0;0;70;22;-1351;0;0;0;14;910;32.76;1962.83;0;-17;27;0;;;100;100;14;0;0;0;0;2;1;;;;
88.909638;139.976341;297;297;шўы.14;644;590;590;рту.71;644;205688;28.09.2021 0:39;28.09.2021 8:39;16;0;0.00;22.579000;88.909079;139.979043;0.00;-3.80;06.ря№;-7;2;-135;0;1;0;66;77;-11567;1927;22579;3067.00;93;NAVI;1;0;0;0;0;0;0;1,63279E+12;3734;3785;3737;3741;3801;3733;6;;;;;;;0;0;0;70;22;-1351;0;0;0;14;908;31.91;1964.36;0;-17;27;0;;;100;100;14;0;0;0;0;2;1;;;;
88.909638;139.976339;296;296;шўы.14;644;590;590;рту.71;644;205727;28.09.2021 0:39;28.09.2021 8:39;16;0;0.00;22.579000;88.909079;139.979043;0.00;-3.80;шўэ.26;-7;2;-135;0;1;0;66;77;-11567;1927;22579;3067.00;93;NAVI;1;0;0;0;0;0;0;1,63279E+12;3734;3785;3737;3741;3801;3733;6;;;;;;;0;0;0;70;21;-1350;0;0;0;14;905;31.91;1965.88;0;-17;27;0;;;100;100;14;0;0;0;0;2;1;;;;
88.909638;139.976337;295;295;шўы.33;645;590;590;рту.71;645;205767;28.09.2021 0:39;28.09.2021 8:39;16;0;0.00;22.579000;88.909079;139.979043;0.00;-3.80;шўэ.26;-7;2;-135;0;1;0;66;77;-11567;1927;22579;3067.00;93;NAVI;1;0;0;0;0;0;0;1,63279E+12;3734;3785;3737;3741;3801;3733;6;;;;;;;0;0;0;73;21;-1350;0;0;0;14;901;32.76;1967.40;0;-17;27;0;;;100;100;14;0;0;0;0;2;1;;;;
88.909638;139.976334;294;294;шўы.33;645;590;590;рту.71;645;205877;28.09.2021 0:39;28.09.2021 8:39;16;0;0.00;22.579000;88.909079;139.979043;0.00;-3.80;шўэ.26;-7;2;-135;0;1;0;66;77;-11567;1927;22579;3067.00;93;NAVI;1;0;0;0;0;0;0;1,63279E+12;3734;3785;3737;3741;3801;3733;6;;;;;;;0;0;0;75;21;-1350;0;0;0;14;899;32.76;1968.95;0;-17;27;0;;;100;100;14;0;0;0;0;2;1;;;;
88.909638;139.976332;294;294;шўы.33;646;590;590;рту.71;646;205938;2021-09-28 00:39:19.036;2021-09-28 08:39:19.036;16;0;0.00;22.579000;88.909079;139.979043;0.00;-3.80;шўэ.26;-7;2;-135;0;1;0;66;77;-11567;1927;22579;3067.00;93;NAVI;1;0;0;0;0;0;0;1,63279E+12;3734;3785;3737;3741;3801;3733;6;;;;;;;0;0;0;77;20;-1350;0;0;0;14;896;32.76;1970.49;0;-17;27;0;;;100;100;14;0;0;0;0;2;1;;;;
88.909638;139.976330;293;293;шўы.33;646;590;590;рту.71;646;206047;28.09.2021 0:39;28.09.2021 8:39;16;0;0.00;22.579000;88.909079;139.979043;0.00;-3.80;шўэ.26;-7;1;-135;0;1;0;66;77;-11567;1927;22579;3067.00;93;NAVI;1;0;0;0;0;0;0;1,63279E+12;3734;3785;3737;3741;3801;3733;6;;;;;;;0;0;0;75;18;-1350;0;0;0;14;894;32.76;1972.01;0;-17;27;0;;;100;100;14;0;0;0;0;2;1;;;;
88.909638;139.976327;292;292;шўы.33;647;590;590;рту.71;647;206169;28.09.2021 0:39;28.09.2021 8:39;16;0;0.00;22.606001;88.909079;139.979043;0.00;-3.80;шўэ.26;-7;1;-135;0;1;0;66;77;-11004;1927;22606;3067.00;93;NAVI;1;0;0;0;0;0;0;1,63279E+12;3734;3785;3737;3741;3801;3733;6;;;;;;;0;0;0;75;17;-1350;0;0;0;14;890;32.76;1973.55;0;-17;27;0;;;100;100;14;0;0;0;0;2;1;;;;
88.909638;139.976325;291;291;шўы.33;647;590;590;рту.71;647;206248;28.09.2021 0:39;28.09.2021 8:39;16;0;0.00;22.606001;88.909079;139.979043;0.00;-3.80;шўэ.26;-7;1;-135;0;1;0;66;77;-11004;1927;22606;3067.00;93;NAVI;1;0;0;0;0;0;0;1,63279E+12;3734;3785;3737;3741;3801;3733;6;;;;;;;0;0;0;75;16;-1350;0;0;0;14;888;32.76;1975.13;0;-17;27;0;;;100;100;14;0;0;0;0;2;1;;;;
88.909638;139.976322;290;290;шўы.33;648;590;590;рту.71;648;206368;28.09.2021 0:39;28.09.2021 8:39;16;0;0.00;22.606001;88.909079;139.979043;0.00;-3.80;шўэ.26;-7;1;-135;0;1;0;66;77;-11004;1927;22606;3067.00;93;NAVI;1;0;0;0;0;0;0;1,63279E+12;3734;3785;3737;3741;3801;3733;6;;;;;;;0;0;0;75;15;-1350;0;0;0;14;885;32.76;1976.69;0;-17;27;0;;;100;100;14;0;0;0;0;2;1;;;;
88.909638;139.976320;289;289;шўы.33;649;590;590;рту.71;649;206630;28.09.2021 0:39;28.09.2021 8:39;16;0;0.00;22.606001;88.909079;139.979043;0.00;-3.80;шўэ.26;-7;1;-135;0;1;0;66;77;-11004;1927;22606;3067.00;93;NAVI;1;0;0;0;0;0;0;1,63279E+12;3734;3785;3737;3741;3801;3733;6;;;;;;;0;0;0;73;13;-1350;0;0;0;14;883;32.76;1978.23;0;-17;27;0;;;100;100;14;0;0;0;0;2;1;;;;
88.909638;139.976315;287;287;шўы.33;650;590;590;рту.71;650;206667;28.09.2021 0:39;28.09.2021 8:39;16;0;0.00;22.606001;88.909079;139.979043;0.00;-3.80;шўэ.26;-6;0;-135;0;1;0;66;77;-11004;1927;22606;3067.00;93;NAVI;1;0;0;0;0;0;0;1,63279E+12;3734;3785;3737;3741;3801;3733;6;;;;;;;0;0;0;60;1;-1351;0;0;0;14;876;32.76;1981.28;0;-17;27;0;;;100;100;14;0;0;0;0;2;1;;;;
88.909638;139.976315;287;287;шўы.33;650;590;590;рту.71;650;206671;28.09.2021 0:39;28.09.2021 8:39;16;0;0.00;22.606001;88.909079;139.979043;0.00;-3.80;шўэ.26;-6;0;-135;0;1;0;66;77;-11004;1927;22606;3067.00;93;NAVI;1;0;0;0;0;0;0;1,63279E+12;3734;3785;3737;3741;3801;3733;6;;;;;;;0;0;0;60;1;-1351;0;0;0;14;876;32.76;1981.28;0;-17;27;0;;;100;100;14;0;0;0;0;2;1;;;;
88.909638;139.976313;287;287;шўы.14;650;590;590;рту.71;650;206777;28.09.2021 0:39;28.09.2021 8:39;16;0;0.00;22.606001;88.909079;139.979043;0.00;-3.80;06.ря№;-5;0;-135;0;1;0;66;77;-11004;1927;22606;3067.00;93;NAVI;1;0;0;0;0;0;0;1,63279E+12;3734;3785;3737;3741;3801;3733;6;;;;;;;0;0;0;57;-2;-1351;0;0;0;14;875;31.91;1982.77;0;-17;27;0;;;100;100;14;0;0;0;0;2;1;;;;
88.909638;139.976311;286;286;шўы.21;650;590;590;рту.71;650;206942;2021-09-28 00:39:20.040;2021-09-28 08:39:20.041;16;0;0.00;22.606001;88.909079;139.979043;0.00;-3.58;шўэ.26;-5;0;-135;0;1;0;66;77;-11004;1927;22606;3067.00;93;NAVI;1;0;0;0;0;0;0;1,63279E+12;3734;3785;3737;3741;3801;3733;6;;;;;;;0;0;0;57;-2;-1351;0;0;0;14;871;32.25;1984.24;0;-16;27;0;;;100;100;14;0;0;0;0;2;1;;;;
88.909638;139.976309;285;285;шўы.21;651;590;590;рту.71;651;206990;2021-09-28 00:39:20.088;2021-09-28 08:39:20.088;16;0;0.00;22.606001;88.909079;139.979043;0.00;-3.58;шўэ.26;-6;0;-135;0;1;0;66;77;-11004;1927;22606;3067.00;93;NAVI;1;0;0;0;0;0;0;1,63279E+12;3734;3785;3737;3741;3801;3733;6;;;;;;;0;0;0;60;0;-1351;0;0;0;14;869;32.25;1985.66;0;-16;27;0;;;100;100;14;0;0;0;0;2;1;;;;
88.909638;139.976307;284;284;07.эюџ;651;590;590;рту.71;651;207060;28.09.2021 0:39;28.09.2021 8:39;16;0;0.00;22.606001;88.909079;139.979043;0.00;-3.36;шўэ.26;-6;0;-135;0;1;0;66;77;-11004;1927;22606;3067.00;93;NAVI;1;0;0;0;0;0;0;1,63279E+12;3734;3785;3737;3741;3801;3733;6;;;;;;;0;0;0;64;5;-1350;0;0;0;14;866;31.76;1987.03;0;-15;27;0;;;100;100;14;0;0;0;0;2;1;;;;
88.909638;139.976304;283;283;шўы.30;652;590;590;рту.71;652;207178;28.09.2021 0:39;28.09.2021 8:39;16;0;0.00;22.596001;88.909079;139.979043;0.00;-3.36;шўэ.49;-6;1;-135;0;1;0;66;77;-11244;1927;22596;3067.00;93;NAVI;1;0;0;0;0;0;0;1,63279E+12;3734;3785;3737;3741;3801;3733;6;;;;;;;0;0;0;65;13;-1350;0;0;0;14;864;32.65;1988.37;0;-15;29;0;;;100;100;14;0;0;0;0;2;1;;;;
88.909638;139.976302;282;282;07.эюџ;652;590;590;рту.71;652;207277;28.09.2021 0:39;28.09.2021 8:39;16;0;0.00;22.596001;88.909079;139.979043;0.00;-3.36;шўэ.26;-6;1;-134;0;1;0;66;77;-11244;1927;22596;3067.00;93;NAVI;1;0;0;0;0;0;0;1,63279E+12;3734;3785;3737;3741;3801;3733;6;;;;;;;0;0;0;67;17;-1349;0;0;0;14;860;31.76;1989.71;0;-15;27;0;;;100;100;14;0;0;0;0;2;1;;;;
88.909638;139.976300;281;281;07.эюџ;653;590;590;рту.71;653;207437;28.09.2021 0:39;28.09.2021 8:39;16;0;0.00;22.596001;88.909079;139.979043;0.00;-3.36;шўэ.26;-6;1;-134;0;1;0;66;77;-11244;1927;22596;3067.00;93;NAVI;1;0;0;0;0;0;0;1,63279E+12;3734;3785;3737;3741;3801;3733;6;;;;;;;0;0;0;68;17;-1349;0;0;0;14;858;31.76;1991.05;0;-15;27;0;;;100;100;14;0;0;0;0;2;1;;;;
88.909638;139.976298;280;280;07.эюџ;653;590;590;рту.71;653;207650;28.09.2021 0:39;28.09.2021 8:39;16;0;0.00;22.596001;88.909079;139.979043;0.00;-3.36;шўэ.26;-6;1;-134;0;1;0;66;77;-11244;1927;22596;3067.00;93;NAVI;1;0;0;0;0;0;0;1,63279E+12;3734;3785;3737;3741;3801;3733;6;;;;;;;0;0;0;68;18;-1349;0;0;0;14;855;31.76;1992.39;0;-15;27;0;;;100;100;14;0;0;0;0;2;1;;;;
88.909638;139.976294;278;278;07.эюџ;654;590;590;рту.71;654;207697;28.09.2021 0:39;28.09.2021 8:39;16;0;0.00;22.596001;88.909079;139.979043;0.00;-3.36;шўэ.26;-6;2;-135;0;1;0;66;77;-11244;1927;22596;3067.00;93;NAVI;1;0;0;0;0;0;0;1,63279E+12;3730;3795;3758;3744;3816;3757;6;;;;;;;0;0;0;68;21;-1350;0;0;0;14;850;31.76;1995.10;0;-15;27;0;;;100;100;14;0;0;0;0;2;1;;;;
88.909638;139.976294;278;278;07.эюџ;654;590;590;рту.71;654;207700;28.09.2021 0:39;28.09.2021 8:39;16;0;0.00;22.596001;88.909079;139.979043;0.00;-3.36;шўэ.26;-6;2;-135;0;1;0;66;77;-11244;1927;22596;3067.00;93;NAVI;1;0;0;0;0;0;0;1,63279E+12;3730;3795;3758;3744;3816;3757;6;;;;;;;0;0;0;68;21;-1350;0;0;0;14;850;31.76;1995.10;0;-15;27;0;;;100;100;14;0;0;0;0;2;1;;;;
88.909638;139.976292;277;277;шўы.30;654;590;590;рту.71;654;207807;28.09.2021 0:39;28.09.2021 8:39;17;0;0.00;22.596001;88.909079;139.979043;0.00;-3.36;шўэ.49;-6;2;-135;0;1;0;66;77;-11244;1927;22596;3067.00;93;NAVI;1;0;0;0;0;0;0;1,63279E+12;3730;3795;3758;3744;3816;3757;6;;;;;;;0;0;0;68;22;-1350;0;0;0;14;846;32.65;1996.45;0;-15;29;0;;;100;100;14;0;0;0;0;2;1;;;;
88.909638;139.976290;276;276;шўы.30;655;590;590;рту.71;655;207897;28.09.2021 0:39;28.09.2021 8:39;17;0;0.00;22.596001;88.909079;139.979043;0.00;-3.36;шўэ.49;-6;2;-135;0;1;0;66;77;-11244;1927;22596;3067.00;93;NAVI;1;0;0;0;0;0;0;1,63279E+12;3730;3795;3758;3744;3816;3757;6;;;;;;;0;0;0;68;22;-1350;0;0;0;14;844;32.65;1997.79;0;-15;29;0;;;100;100;14;0;0;0;0;2;1;;;;
88.909637;139.976288;275;275;шўы.30;655;590;590;рту.71;655;208087;28.09.2021 0:39;28.09.2021 8:39;17;0;0.00;22.596001;88.909079;139.979043;0.00;-3.36;шўэ.49;-6;2;-135;0;1;0;66;77;-11244;1927;22596;3067.00;93;NAVI;1;0;0;0;0;0;0;1,63279E+12;3730;3795;3758;3744;3816;3757;6;;;;;;;0;0;0;65;25;-1351;0;0;0;14;840;32.65;1999.14;0;-15;29;0;;;100;100;14;0;0;0;0;2;1;;;;
88.909637;139.976286;274;274;шўы.30;656;590;590;рту.71;656;208654;28.09.2021 0:39;28.09.2021 8:39;16;0;0.00;22.583000;88.909079;139.979043;0.00;-3.36;шўэ.26;-6;2;-135;0;1;0;66;77;-11409;1927;22583;3067.00;93;NAVI;1;0;0;0;0;0;0;1,63279E+12;3730;3795;3758;3744;3816;3757;6;;;;;;;0;0;0;62;25;-1353;0;0;0;14;838;32.65;2000.50;0;-15;27;0;;;100;100;14;0;0;0;0;2;1;;;;
88.909637;139.976280;271;271;07.эюџ;657;590;590;рту.71;657;208707;28.09.2021 0:39;28.09.2021 8:39;16;0;0.00;22.583000;88.909079;139.979043;0.00;-3.36;шўэ.26;-6;2;-135;0;1;0;66;77;-11409;1927;22583;3067.00;93;NAVI;1;0;0;0;0;0;0;1,63279E+12;3730;3795;3758;3744;3816;3757;6;;;;;;;0;0;0;67;20;-1354;0;0;0;14;829;31.76;2004.58;0;-15;27;0;;;100;100;14;0;0;0;0;2;1;;;;
88.909637;139.976280;271;271;07.эюџ;657;590;590;рту.71;657;208711;28.09.2021 0:39;28.09.2021 8:39;16;0;0.00;22.583000;88.909079;139.979043;0.00;-3.36;шўэ.26;-6;2;-135;0;1;0;66;77;-11409;1927;22583;3067.00;93;NAVI;1;0;0;0;0;0;0;1,63279E+12;3730;3795;3758;3744;3816;3757;6;;;;;;;0;0;0;67;20;-1354;0;0;0;14;829;31.76;2004.58;0;-15;27;0;;;100;100;14;0;0;0;0;2;1;;;;
88.909637;139.976280;271;271;07.эюџ;657;590;590;рту.71;657;208714;28.09.2021 0:39;28.09.2021 8:39;16;0;0.00;22.583000;88.909079;139.979043;0.00;-3.36;шўэ.26;-6;2;-135;0;1;0;66;77;-11409;1927;22583;3067.00;93;NAVI;1;0;0;0;0;0;0;1,63279E+12;3730;3795;3758;3744;3816;3757;6;;;;;;;0;0;0;67;20;-1354;0;0;0;14;829;31.76;2004.58;0;-15;27;0;;;100;100;14;0;0;0;0;2;1;;;;
88.909637;139.976277;271;271;07.эюџ;658;590;590;рту.71;658;208947;2021-09-28 00:39:22.045;2021-09-28 08:39:22.046;16;0;0.00;22.583000;88.909079;139.979043;0.00;-3.36;шўэ.49;-6;2;-135;0;1;0;66;77;-11409;1927;22583;3067.00;93;NAVI;1;0;0;0;0;0;0;1,63279E+12;3730;3795;3758;3744;3816;3757;6;;;;;;;0;0;0;69;21;-1354;0;0;0;14;826;31.76;2005.95;0;-15;29;0;;;100;100;14;0;0;0;0;2;1;;;;
88.909637;139.976269;267;267;шўы.30;659;590;590;рту.71;659;208988;2021-09-28 00:39:22.090;2021-09-28 08:39:22.090;16;0;0.00;22.583000;88.909079;139.979043;0.00;-3.36;шўэ.49;-6;2;-135;0;1;0;66;77;-11409;1927;22583;3067.00;93;NAVI;1;0;0;0;0;0;0;1,63279E+12;3730;3795;3758;3744;3816;3757;6;;;;;;;0;0;0;68;23;-1354;0;0;0;14;815;32.65;2011.43;0;-15;29;0;;;100;100;14;0;0;0;0;2;1;;;;
88.909637;139.976265;265;265;шўы.30;660;590;590;рту.71;660;209027;28.09.2021 0:39;28.09.2021 8:39;16;0;0.00;22.583000;88.909079;139.979043;0.00;-3.36;шўэ.49;-6;2;-135;0;1;0;66;77;-11409;1927;22583;3067.00;93;NAVI;1;0;0;0;0;0;0;1,63279E+12;3730;3795;3758;3744;3816;3757;6;;;;;;;0;0;0;65;20;-1354;0;0;0;14;809;32.65;2014.19;0;-15;29;0;;;100;100;14;0;0;0;0;2;1;;;;
88.909637;139.976265;265;265;шўы.30;660;590;590;рту.71;660;209030;28.09.2021 0:39;28.09.2021 8:39;16;0;0.00;22.583000;88.909079;139.979043;0.00;-3.36;шўэ.49;-6;2;-135;0;1;0;66;77;-11409;1927;22583;3067.00;93;NAVI;1;0;0;0;0;0;0;1,63279E+12;3730;3795;3758;3744;3816;3757;6;;;;;;;0;0;0;65;20;-1354;0;0;0;14;809;32.65;2014.19;0;-15;29;0;;;100;100;14;0;0;0;0;2;1;;;;
88.909637;139.976265;265;265;шўы.30;660;590;590;рту.71;660;209033;28.09.2021 0:39;28.09.2021 8:39;16;0;0.00;22.583000;88.909079;139.979043;0.00;-3.36;шўэ.49;-6;2;-135;0;1;0;66;77;-11409;1927;22583;3067.00;93;NAVI;1;0;0;0;0;0;0;1,63279E+12;3730;3795;3758;3744;3816;3757;6;;;;;;;0;0;0;65;20;-1354;0;0;0;14;809;32.65;2014.19;0;-15;29;0;;;100;100;14;0;0;0;0;2;1;;;;
88.909637;139.976265;265;265;шўы.30;660;590;590;рту.71;660;209036;28.09.2021 0:39;28.09.2021 8:39;16;0;0.00;22.583000;88.909079;139.979043;0.00;-3.36;шўэ.49;-6;2;-135;0;1;0;66;77;-11409;1927;22583;3067.00;93;NAVI;1;0;0;0;0;0;0;1,63279E+12;3730;3795;3758;3744;3816;3757;6;;;;;;;0;0;0;65;20;-1354;0;0;0;14;809;32.65;2014.19;0;-15;29;0;;;100;100;14;0;0;0;0;2;1;;;;
88.909637;139.976263;264;264;07.эюџ;661;590;590;рту.71;661;209171;28.09.2021 0:39;28.09.2021 8:39;16;0;0.00;22.612000;88.909079;139.979043;0.00;-3.36;шўэ.26;-6;2;-135;0;1;0;66;77;-10701;1927;22612;3067.00;93;NAVI;1;0;0;0;0;0;0;1,63279E+12;3730;3795;3758;3744;3816;3757;6;;;;;;;0;0;0;67;21;-1354;0;0;0;14;805;31.76;2015.57;0;-15;27;0;;;100;100;14;0;0;0;0;2;1;;;;
88.909637;139.976261;263;263;07.эюџ;661;590;590;рту.71;661;209298;28.09.2021 0:39;28.09.2021 8:39;16;0;0.00;22.612000;88.909079;139.979043;0.00;-3.36;шўэ.49;-6;2;-135;0;1;0;66;77;-10701;1927;22612;3067.00;93;NAVI;1;0;0;0;0;0;0;1,63279E+12;3730;3795;3758;3744;3816;3757;6;;;;;;;0;0;0;67;20;-1354;0;0;0;14;804;31.76;2016.93;0;-15;29;0;;;100;97;14;0;0;0;0;2;1;;;;
88.909637;139.976259;262;262;шўы.30;662;590;590;рту.71;662;209337;28.09.2021 0:39;28.09.2021 8:39;16;0;0.00;22.612000;88.909079;139.979043;0.00;-3.36;шўэ.49;-7;2;-135;0;1;0;66;77;-10701;1927;22612;3067.00;93;NAVI;1;0;0;0;0;0;0;1,63279E+12;3730;3795;3758;3744;3816;3757;6;;;;;;;0;0;0;70;21;-1353;0;0;0;14;800;32.65;2018.29;0;-15;29;0;;;100;97;14;0;0;0;0;2;1;;;;
88.909638;139.976257;261;261;шўы.30;662;590;590;рту.71;662;209417;28.09.2021 0:39;28.09.2021 8:39;16;0;0.00;22.612000;88.909079;139.979043;0.00;-3.36;шўэ.49;-7;2;-135;0;1;0;66;77;-10701;1927;22612;3067.00;93;NAVI;1;0;0;0;0;0;0;1,63279E+12;3730;3795;3758;3744;3816;3757;6;;;;;;;0;0;0;72;22;-1351;0;0;0;14;798;32.65;2019.65;0;-15;29;0;;;100;97;14;0;0;0;0;2;1;;;;
88.909638;139.976255;260;260;шўы.30;663;590;590;рту.71;663;209707;28.09.2021 0:39;28.09.2021 8:39;16;0;0.00;22.612000;88.909079;139.979043;0.00;-3.36;шўэ.26;-7;2;-135;0;1;0;66;77;-10701;1927;22612;3067.00;93;NAVI;1;0;0;0;0;0;0;1,63279E+12;3730;3795;3758;3744;3816;3757;6;;;;;;;0;0;0;73;23;-1351;0;0;0;14;795;32.65;2021.00;0;-15;27;0;;;100;97;14;0;0;0;0;2;1;;;;
88.909638;139.976250;258;258;07.эюџ;663;590;590;рту.71;663;209817;28.09.2021 0:39;28.09.2021 8:39;16;0;0.00;22.612000;88.909079;139.979043;0.00;-3.36;шўэ.49;-7;2;-135;0;1;0;66;77;-10701;1927;22612;3067.00;93;NAVI;1;0;0;0;0;0;0;1,63279E+12;3730;3795;3758;3744;3816;3757;6;;;;;;;0;0;0;72;22;-1350;0;0;0;14;789;31.76;2023.69;0;-15;29;0;;;100;97;14;0;0;0;0;2;1;;;;
88.909638;139.976248;258;258;шўы.30;664;590;590;рту.71;664;209848;28.09.2021 0:39;28.09.2021 8:39;16;0;0.00;22.612000;88.909079;139.979043;0.00;-3.36;шўэ.49;-7;2;-135;0;1;0;66;77;-10701;1927;22612;3067.00;93;NAVI;1;0;0;0;0;0;0;1,63279E+12;3730;3795;3758;3744;3816;3757;6;;;;;;;0;0;0;72;22;-1350;0;0;0;14;786;32.65;2025.07;0;-15;29;0;;;100;97;14;0;0;0;0;2;1;;;;
88.909638;139.976248;258;258;шўы.30;664;590;590;рту.71;664;209857;28.09.2021 0:39;28.09.2021 8:39;16;0;0.00;22.612000;88.909079;139.979043;0.00;-3.36;шўэ.49;-7;2;-135;0;1;0;66;77;-10701;1927;22612;3067.00;93;NAVI;1;0;0;0;0;0;0;1,63279E+12;3730;3795;3758;3744;3816;3757;6;;;;;;;0;0;0;72;22;-1350;0;0;0;14;786;32.65;2025.07;0;-15;29;0;;;100;97;14;0;0;0;0;2;1;;;;
88.909638;139.976246;257;257;шўы.30;664;590;590;рту.71;664;209937;2021-09-28 00:39:23.036;2021-09-28 08:39:23.036;16;0;0.00;22.612000;88.909079;139.979043;0.00;-3.36;шўэ.49;-7;2;-135;0;1;0;66;77;-10701;1927;22612;3067.00;93;NAVI;1;0;0;0;0;0;0;1,63279E+12;3730;3795;3758;3744;3816;3757;6;;;;;;;0;0;0;72;25;-1350;0;0;0;14;784;32.65;2026.44;0;-15;29;0;;;100;97;14;0;0;0;0;2;1;;;;
88.909638;139.976244;256;256;шўы.30;665;590;590;рту.71;665;210047;28.09.2021 0:39;28.09.2021 8:39;16;0;0.00;22.612000;88.909079;139.979043;0.00;-3.36;шўэ.49;-7;2;-135;0;1;0;66;77;-10701;1927;22612;3067.00;93;NAVI;1;0;0;0;0;0;0;1,63279E+12;3730;3795;3758;3744;3816;3757;6;;;;;;;0;0;0;72;25;-1350;0;0;0;14;780;32.65;2027.82;0;-15;29;0;;;100;97;14;0;0;0;0;2;1;;;;
88.909638;139.976242;255;255;07.эюџ;665;590;590;рту.71;665;210168;28.09.2021 0:39;28.09.2021 8:39;16;0;0.00;22.596001;88.909079;139.979043;0.00;-3.36;шўэ.26;-6;2;-135;0;1;0;66;77;-11093;1927;22596;3068.00;93;NAVI;1;0;0;0;0;0;0;1,63279E+12;3730;3795;3758;3744;3816;3757;6;;;;;;;0;0;0;69;22;-1350;0;0;0;14;778;31.76;2029.21;0;-15;27;0;;;100;97;14;0;0;0;0;2;1;;;;
88.909638;139.976240;254;254;07.эюџ;666;590;590;рту.71;666;210247;28.09.2021 0:39;28.09.2021 8:39;16;0;0.00;22.596001;88.909079;139.979043;0.00;-3.36;шўэ.26;-6;1;-134;0;1;0;66;77;-11093;1927;22596;3068.00;93;NAVI;1;0;0;0;0;0;0;1,63279E+12;3730;3795;3758;3744;3816;3757;6;;;;;;;0;0;0;62;15;-1349;0;0;0;14;775;31.76;2030.61;0;-15;27;0;;;100;98;14;0;0;0;0;2;1;;;;
88.909638;139.976238;253;253;шўы.30;666;590;590;рту.71;666;210347;28.09.2021 0:39;28.09.2021 8:39;16;0;0.00;22.596001;88.909079;139.979043;0.00;-3.36;шўэ.49;-5;0;-134;0;1;0;66;77;-11093;1927;22596;3068.00;93;NAVI;1;0;0;0;0;0;0;1,63279E+12;3730;3795;3758;3744;3816;3757;6;;;;;;;0;0;0;54;8;-1348;0;0;0;14;771;32.65;2031.99;0;-15;29;0;;;100;98;14;0;0;0;0;2;1;;;;
88.909638;139.976236;252;252;шўы.30;667;590;590;рту.71;667;210544;28.09.2021 0:39;28.09.2021 8:39;16;0;0.00;22.596001;88.909079;139.979043;0.00;-3.36;шўэ.49;-5;0;-134;0;1;0;66;77;-11093;1927;22596;3068.00;93;NAVI;1;0;0;0;0;0;0;1,63279E+12;3730;3795;3758;3744;3816;3757;6;;;;;;;0;0;0;50;2;-1346;0;0;0;14;769;32.65;2033.33;0;-15;29;0;;;100;98;14;0;0;0;0;2;1;;;;
88.909638;139.976234;251;251;шўы.20;667;590;590;рту.71;667;210719;28.09.2021 0:39;28.09.2021 8:39;16;0;0.00;22.596001;88.909079;139.979043;0.00;-3.13;шўэ.49;-5;0;-134;0;1;0;66;77;-11093;1927;22596;3068.00;93;NAVI;1;0;0;0;0;0;0;1,63279E+12;3730;3795;3758;3744;3816;3757;6;;;;;;;0;0;0;50;2;-1346;0;0;0;14;766;32.20;2034.63;0;-13;29;0;;;100;98;14;0;0;0;0;2;1;;;;
88.909638;139.976232;250;250;шўы.20;667;590;590;рту.71;667;210748;28.09.2021 0:39;28.09.2021 8:39;16;0;0.00;22.596001;88.909079;139.979043;0.00;-3.13;шўэ.26;-5;0;-134;0;1;0;66;77;-11093;1927;22596;3068.00;93;NAVI;1;0;0;0;0;0;0;1,63279E+12;3730;3795;3758;3744;3816;3757;6;;;;;;;0;0;0;55;5;-1346;0;0;0;14;764;32.20;2035.90;0;-13;27;0;;;100;100;14;0;0;0;0;2;1;;;;
88.909638;139.976230;249;249;7.00;668;590;590;рту.71;668;210777;28.09.2021 0:39;28.09.2021 8:39;16;0;0.00;22.596001;88.909079;139.979043;0.00;-3.13;шўэ.26;-5;1;-134;0;1;0;66;77;-11093;1927;22596;3068.00;93;NAVI;1;0;0;0;0;0;0;1,63279E+12;3730;3795;3758;3744;3816;3757;6;;;;;;;0;0;0;59;10;-1346;0;0;0;14;760;31.30;2037.16;0;-13;27;0;;;100;100;14;0;0;0;0;2;1;;;;
88.909638;139.976228;248;248;шўы.20;668;590;590;рту.71;668;210938;2021-09-28 00:39:24.037;2021-09-28 08:39:24.037;16;0;0.00;22.596001;88.909079;139.979043;0.00;-2.91;шўэ.49;-6;1;-134;0;1;0;66;77;-11093;1927;22596;3068.00;93;NAVI;1;0;0;0;0;0;0;1,63279E+12;3730;3795;3758;3744;3816;3757;6;;;;;;;0;0;0;64;13;-1346;0;0;0;14;758;32.20;2038.42;0;-12;29;0;;;100;100;14;0;0;0;0;2;1;;;;
88.909638;139.976226;247;247;07.эюџ;669;590;590;рту.71;669;210986;2021-09-28 00:39:24.084;2021-09-28 08:39:24.085;16;0;0.00;22.596001;88.909079;139.979043;0.00;-2.91;шўэ.49;-6;1;-134;0;1;0;66;77;-11093;1927;22596;3068.00;93;NAVI;1;0;0;0;0;0;0;1,63279E+12;3730;3795;3758;3744;3816;3757;6;;;;;;;0;0;0;67;13;-1348;0;0;0;14;755;31.78;2039.68;0;-12;29;0;;;100;100;14;0;0;0;0;2;1;;;;
88.909638;139.976223;245;245;07.эюџ;669;590;590;рту.71;669;211159;28.09.2021 0:39;28.09.2021 8:39;16;0;0.00;22.618000;88.909079;139.979043;0.00;-2.91;шўэ.49;-6;1;-134;0;1;0;66;77;-11015;1927;22618;3068.00;93;NAVI;1;0;0;0;0;0;0;1,63279E+12;3730;3795;3758;3744;3816;3757;6;;;;;;;0;0;0;69;13;-1349;0;0;0;14;749;31.78;2042.13;0;-12;29;0;;;100;100;14;0;0;0;0;2;1;;;;
88.909638;139.976221;244;244;шўы.31;670;590;590;рту.71;670;211378;28.09.2021 0:39;28.09.2021 8:39;16;0;0.00;22.618000;88.909079;139.979043;0.00;-2.91;шўэ.71;-6;1;-135;0;1;0;66;77;-11015;1927;22618;3068.00;93;NAVI;1;0;0;0;0;0;0;1,63279E+12;3730;3795;3758;3744;3816;3757;6;;;;;;;0;0;0;69;16;-1350;0;0;0;14;745;32.70;2043.31;0;-12;30;0;;;100;100;14;0;0;0;0;2;1;;;;
88.909638;139.976219;243;243;шўы.31;670;590;590;рту.71;670;211407;28.09.2021 0:39;28.09.2021 8:39;16;0;0.00;22.618000;88.909079;139.979043;0.00;-2.91;шўэ.71;-6;1;-135;0;1;0;66;77;-11015;1927;22618;3068.00;93;NAVI;1;0;0;0;0;0;0;1,63279E+12;3730;3795;3758;3744;3816;3757;6;;;;;;;0;0;0;68;18;-1350;0;0;0;14;743;32.70;2044.48;0;-12;30;0;;;100;100;14;0;0;0;0;2;1;;;;
88.909638;139.976217;242;242;шўы.31;671;590;590;рту.71;671;211480;28.09.2021 0:39;28.09.2021 8:39;16;0;0.00;22.618000;88.909079;139.979043;0.00;-2.91;шўэ.71;-6;2;-135;0;1;0;66;77;-11015;1927;22618;3068.00;93;NAVI;1;0;1;0;0;0;0;1,63279E+12;3730;3795;3758;3744;3816;3757;6;;;;;;;0;0;0;65;21;-1351;0;0;0;14;740;32.70;2045.65;0;-12;30;0;;;100;100;14;0;0;0;0;2;1;;;;
88.909638;139.976215;242;242;07.эюџ;671;590;590;рту.71;671;211747;28.09.2021 0:39;28.09.2021 8:39;16;0;0.00;22.618000;88.909079;139.979043;0.00;-2.91;шўэ.49;-6;2;-135;0;1;0;66;77;-11015;1927;22618;3068.00;93;NAVI;1;0;2;0;0;0;0;1,63279E+12;3730;3795;3758;3744;3816;3757;6;;;;;;;0;0;0;65;25;-1353;0;0;0;14;738;31.78;2046.82;0;-12;29;0;;;100;100;14;0;0;0;0;2;1;;;;
88.909638;139.976212;240;240;07.эюџ;672;590;590;рту.71;672;211789;28.09.2021 0:39;28.09.2021 8:39;16;0;0.00;22.618000;88.909079;139.979043;0.00;-2.91;шўэ.49;-6;2;-135;0;1;0;66;77;-11015;1927;22618;3068.00;93;NAVI;1;0;2;0;0;0;0;1,63279E+12;3730;3795;3758;3744;3816;3757;6;;;;;;;0;0;0;68;25;-1355;0;0;0;14;731;31.78;2049.22;0;-12;29;0;;;100;100;14;0;0;0;0;2;1;;;;
88.909638;139.976212;240;240;07.эюџ;672;590;590;рту.71;672;211791;28.09.2021 0:39;28.09.2021 8:39;16;0;0.00;22.618000;88.909079;139.979043;0.00;-2.91;шўэ.49;-6;2;-135;0;1;0;66;77;-11015;1927;22618;3068.00;93;NAVI;1;0;2;0;0;0;0;1,63279E+12;3730;3795;3758;3744;3816;3757;6;;;;;;;0;0;0;68;25;-1355;0;0;0;14;731;31.78;2049.22;0;-12;29;0;;;100;100;14;0;0;0;0;2;1;;;;
88.909638;139.976210;239;239;07.эюџ;672;590;590;рту.71;672;211877;28.09.2021 0:39;28.09.2021 8:39;16;0;0.00;22.618000;88.909079;139.979043;0.00;-2.91;шўэ.49;-7;2;-135;0;1;0;66;77;-11015;1927;22618;3068.00;93;NAVI;1;0;0;0;0;0;0;1,63279E+12;3730;3795;3758;3744;3816;3757;6;;;;;;;0;0;0;70;25;-1355;0;0;0;14;729;31.78;2050.41;0;-12;29;0;;;100;100;14;0;0;0;0;2;1;;;;
88.909638;139.976208;238;238;07.эюџ;673;590;590;рту.71;673;211997;2021-09-28 00:39:25.095;2021-09-28 08:39:25.096;16;0;0.00;22.618000;88.909079;139.979043;0.00;-2.91;шўэ.49;-7;2;-135;0;1;0;66;77;-11015;1927;22618;3068.00;93;NAVI;1;0;0;0;0;0;0;1,63279E+12;3730;3795;3758;3744;3816;3757;6;;;;;;;0;0;0;72;27;-1356;0;0;0;14;725;31.78;2051.61;0;-12;29;0;;;100;100;14;0;0;0;0;2;1;;;;
88.909638;139.976206;237;237;07.эюџ;673;590;590;рту.71;673;212087;28.09.2021 0:39;28.09.2021 8:39;16;0;0.00;22.618000;88.909079;139.979043;0.00;-2.91;шўэ.49;-7;2;-135;0;1;0;66;77;-11015;1927;22618;3068.00;93;NAVI;1;0;2;0;0;0;0;1,63279E+12;3730;3795;3758;3744;3816;3757;6;;;;;;;0;0;0;70;26;-1356;0;0;0;14;723;31.78;2052.82;0;-12;29;0;;;100;100;14;0;0;0;0;2;1;;;;
88.909638;139.976204;236;236;шўы.31;673;590;590;рту.71;673;212197;28.09.2021 0:39;28.09.2021 8:39;16;0;0.00;22.601999;88.909079;139.979043;0.00;-2.91;шўэ.71;-7;2;-135;0;1;0;66;77;-11039;1898;22602;3068.00;93;NAVI;1;0;0;0;0;0;0;1,63279E+12;3730;3795;3758;3744;3816;3757;6;;;;;;;0;0;0;70;23;-1358;0;0;0;14;720;32.70;2054.04;0;-12;30;0;;;100;100;14;0;0;0;0;2;1;;;;
88.909638;139.976203;235;235;шўы.31;674;590;590;рту.71;674;212288;28.09.2021 0:39;28.09.2021 8:39;16;0;0.00;22.601999;88.909079;139.979043;0.00;-2.91;шўэ.71;-7;2;-135;0;1;0;66;77;-11039;1898;22602;3068.00;93;NAVI;1;0;1;0;0;0;0;1,63279E+12;3730;3795;3758;3744;3816;3757;6;;;;;;;0;0;0;70;21;-1358;0;0;0;14;718;32.70;2055.26;0;-12;30;0;;;100;100;14;0;0;0;0;2;1;;;;
88.909638;139.976201;234;234;шўы.31;674;590;590;рту.71;674;212399;28.09.2021 0:39;28.09.2021 8:39;16;0;0.00;22.601999;88.909079;139.979043;0.00;-2.91;шўэ.71;-6;2;-135;0;1;0;66;77;-11039;1898;22602;3068.00;93;NAVI;1;0;0;0;0;0;0;1,63279E+12;3730;3795;3758;3744;3816;3757;6;;;;;;;0;0;0;69;22;-1356;0;0;0;14;715;32.70;2056.46;0;-12;30;0;;;100;100;14;0;0;0;0;2;1;;;;
88.909638;139.976199;233;233;шўы.31;675;590;590;рту.71;675;212499;28.09.2021 0:39;28.09.2021 8:39;16;0;0.00;22.601999;88.909079;139.979043;0.00;-2.91;шўэ.71;-6;2;-135;0;1;0;66;77;-11039;1898;22602;3068.00;93;NAVI;1;0;2;0;0;0;0;1,63279E+12;3730;3795;3758;3744;3816;3757;6;;;;;;;0;0;0;68;20;-1356;0;0;0;14;711;32.70;2057.66;0;-12;30;0;;;100;100;14;0;0;0;0;2;1;;;;
88.909638;139.976197;232;232;шўы.31;675;590;590;рту.71;675;212777;28.09.2021 0:39;28.09.2021 8:39;16;0;0.00;22.601999;88.909079;139.979043;0.00;-2.91;шўэ.71;-6;2;-135;0;1;0;66;77;-11039;1898;22602;3068.00;93;NAVI;1;0;3;0;0;0;0;1,63279E+12;3730;3795;3758;3744;3816;3757;6;;;;;;;0;0;0;69;20;-1355;0;0;0;14;709;32.70;2058.86;0;-12;30;0;;;100;100;14;0;0;0;0;2;1;;;;
88.909638;139.976193;230;230;шўы.31;676;590;590;рту.71;676;212807;28.09.2021 0:39;28.09.2021 8:39;16;0;0.00;22.601999;88.909079;139.979043;0.00;-2.91;шўэ.71;-7;2;-135;0;1;0;66;77;-11039;1898;22602;3068.00;93;NAVI;1;0;3;0;0;0;0;1,63279E+12;3730;3795;3758;3744;3816;3757;6;;;;;;;0;0;0;70;20;-1355;0;0;0;14;703;32.70;2061.27;0;-12;30;0;;;100;100;14;0;0;0;0;2;1;;;;
88.909638;139.976192;229;229;шўы.31;676;590;590;рту.71;676;212843;28.09.2021 0:39;28.09.2021 8:39;16;0;0.00;22.601999;88.909079;139.979043;0.00;-2.91;шўэ.71;-7;2;-135;0;1;0;66;77;-11039;1898;22602;3068.00;93;NAVI;1;0;3;0;0;0;0;1,63279E+12;3730;3795;3758;3744;3816;3757;6;;;;;;;0;0;0;70;22;-1354;0;0;0;14;700;32.70;2062.46;0;-12;30;0;;;100;100;14;0;0;0;0;2;1;;;;
88.909638;139.976192;229;229;шўы.31;676;590;590;рту.71;676;212852;28.09.2021 0:39;28.09.2021 8:39;16;0;0.00;22.601999;88.909079;139.979043;0.00;-2.91;шўэ.71;-7;2;-135;0;1;0;66;77;-11039;1898;22602;3068.00;93;NAVI;1;0;3;0;0;0;0;1,63279E+12;3730;3795;3758;3744;3816;3757;6;;;;;;;0;0;0;70;22;-1354;0;0;0;14;700;32.70;2062.46;0;-12;30;0;;;100;100;14;0;0;0;0;2;1;;;;
88.909638;139.976190;228;228;07.эюџ;677;590;590;рту.71;677;213018;28.09.2021 0:39;28.09.2021 8:39;16;0;0.00;22.601999;88.909079;139.979043;0.00;-2.91;шўэ.49;-7;2;-135;0;1;0;66;77;-11039;1898;22602;3068.00;93;NAVI;1;0;6;0;0;0;0;1,63279E+12;3730;3795;3758;3744;3816;3757;6;;;;;;;0;0;0;70;23;-1353;0;0;0;14;696;31.78;2063.65;0;-12;29;0;;;100;100;14;0;0;0;0;2;1;;;;
88.909638;139.976186;226;226;шўы.31;677;590;590;рту.71;677;213127;28.09.2021 0:39;28.09.2021 8:39;16;0;0.00;22.586000;88.909079;139.979043;0.00;-2.91;шўэ.71;-7;2;-135;0;1;0;65;77;-11204;1898;22586;3069.00;93;NAVI;1;0;9;0;0;0;0;1,63279E+12;3730;3795;3758;3744;3816;3757;6;;;;;;;0;0;0;75;25;-1351;0;0;0;14;690;32.70;2065.97;0;-12;30;0;;;100;100;14;0;0;0;0;2;1;;;;
88.909638;139.976184;225;225;07.эюџ;678;590;590;рту.71;678;213218;28.09.2021 0:39;28.09.2021 8:39;16;0;0.00;22.586000;88.909079;139.979043;0.00;-2.91;шўэ.49;-7;2;-135;0;1;0;65;77;-11204;1898;22586;3069.00;93;NAVI;1;0;7;0;0;0;0;1,63279E+12;3730;3795;3758;3744;3816;3757;6;;;;;;;0;0;0;74;26;-1350;0;0;0;14;688;31.78;2067.15;0;-12;29;0;;;100;96;14;0;0;0;0;2;1;;;;
88.909638;139.976183;224;224;шўы.31;678;590;590;рту.71;678;213318;28.09.2021 0:39;28.09.2021 8:39;16;0;0.00;22.586000;88.909079;139.979043;0.00;-2.91;шўэ.71;-7;2;-135;0;1;0;65;77;-11204;1898;22586;3069.00;93;NAVI;1;0;9;0;0;0;0;1,63279E+12;3730;3795;3758;3744;3816;3757;6;;;;;;;0;0;0;72;27;-1350;0;0;0;14;685;32.70;2068.34;0;-12;30;0;;;100;96;14;0;0;0;0;2;1;;;;
88.909638;139.976181;223;223;шўы.20;678;590;590;рту.71;678;213417;28.09.2021 0:39;28.09.2021 8:39;16;0;0.00;22.586000;88.909079;139.979043;0.00;-3.13;шўэ.49;-7;2;-135;0;1;0;65;77;-11204;1898;22586;3069.00;93;NAVI;1;0;9;0;0;0;0;1,63279E+12;3730;3795;3758;3744;3816;3757;6;;;;;;;0;0;0;72;26;-1350;0;0;0;14;681;32.20;2069.51;0;-13;29;0;;;100;96;14;0;0;0;0;2;1;;;;
88.909638;139.976179;222;222;шўы.20;679;590;590;рту.71;679;213518;28.09.2021 0:39;28.09.2021 8:39;16;0;0.00;22.586000;88.909079;139.979043;0.00;-3.13;шўэ.49;-7;2;-135;0;1;0;65;77;-11204;1898;22586;3069.00;93;NAVI;1;0;10;0;0;0;0;1,63279E+12;3730;3795;3758;3744;3816;3757;6;;;;;;;0;0;0;70;26;-1350;0;0;0;14;679;32.20;2070.70;0;-13;29;0;;;100;96;14;0;0;0;0;2;1;;;;
88.909638;139.976177;221;221;шўы.41;679;590;590;рту.71;679;213799;28.09.2021 0:39;28.09.2021 8:39;16;0;0.00;22.586000;88.909079;139.979043;0.00;-3.13;шўэ.71;-7;2;-135;0;1;0;65;77;-11204;1898;22586;3069.00;93;NAVI;1;0;12;0;0;0;0;1,63279E+12;3730;3795;3758;3744;3816;3757;6;;;;;;;0;0;0;70;26;-1350;0;0;0;14;675;33.11;2071.93;0;-13;30;0;;;100;95;14;0;0;0;0;2;1;;;;
88.909638;139.976175;220;220;шўы.41;680;590;590;рту.71;680;213847;28.09.2021 0:39;28.09.2021 8:39;16;0;0.00;22.586000;88.909079;139.979043;0.00;-3.13;шўэ.49;-6;2;-134;0;1;0;65;77;-11204;1898;22586;3069.00;93;NAVI;1;0;12;0;0;0;0;1,63279E+12;3730;3795;3758;3744;3816;3757;6;;;;;;;0;0;0;67;22;-1349;0;0;0;14;673;33.11;2073.17;0;-13;29;0;;;100;95;14;0;0;0;0;2;1;;;;
88.909638;139.976173;219;219;шўы.20;680;590;590;рту.71;680;213908;2021-09-28 00:39:27.007;2021-09-28 08:39:27.007;16;0;0.00;22.586000;88.909079;139.979043;0.00;-2.91;шўэ.71;-6;1;-134;0;1;0;65;77;-11204;1898;22586;3069.00;93;NAVI;1;0;11;0;0;0;0;1,63279E+12;3730;3795;3758;3744;3816;3757;6;;;;;;;0;0;0;60;13;-1348;0;0;0;14;670;32.20;2074.42;0;-12;30;0;;;100;95;14;0;0;0;0;2;1;;;;
88.909638;139.976172;218;218;шўы.31;680;590;590;рту.71;680;213960;2021-09-28 00:39:27.058;2021-09-28 08:39:27.058;16;0;0.00;22.586000;88.909079;139.979043;0.00;-2.91;шўэ.71;-5;0;-134;0;1;0;65;77;-11204;1898;22586;3069.00;93;NAVI;1;0;11;0;0;0;0;1,63279E+12;3730;3795;3758;3744;3816;3757;6;;;;;;;0;0;0;50;5;-1348;0;0;0;14;666;32.70;2075.65;0;-12;30;0;;;100;95;14;0;0;0;0;2;1;;;;
88.909638;139.976170;217;217;шўы.31;681;590;590;рту.71;681;214041;28.09.2021 0:39;28.09.2021 8:39;16;0;0.00;22.586000;88.909079;139.979043;0.00;-2.91;шўэ.71;-4;0;-134;0;1;0;65;77;-11204;1898;22586;3069.00;93;NAVI;1;0;11;0;0;0;0;1,63279E+12;3730;3795;3758;3744;3816;3757;6;;;;;;;0;0;0;45;0;-1348;0;0;0;14;664;32.70;2076.79;0;-12;30;0;;;100;95;14;0;0;0;0;2;1;;;;
88.909638;139.976168;216;216;07.єхт;681;590;590;рту.71;681;214128;28.09.2021 0:39;28.09.2021 8:39;16;0;0.00;22.586000;88.909079;139.979043;0.00;-2.68;шўэ.49;-4;0;-134;0;1;0;65;77;-11204;1898;22586;3069.00;93;NAVI;1;0;10;0;0;0;0;1,63279E+12;3730;3795;3758;3744;3816;3757;6;;;;;;;0;0;0;45;2;-1348;0;0;0;14;660;31.38;2077.88;0;-12;29;0;;;100;95;14;0;0;0;0;2;1;;;;
88.909638;139.976166;215;215;07.єхт;682;590;590;рту.71;682;214237;28.09.2021 0:39;28.09.2021 8:39;16;0;0.00;22.586000;88.909079;139.979043;0.00;-2.68;шўэ.49;-5;0;-134;0;1;0;65;77;-11204;1898;22586;3069.00;93;NAVI;1;0;10;0;0;0;0;1,63279E+12;3730;3795;3758;3744;3816;3757;6;;;;;;;0;0;0;52;8;-1346;0;0;0;14;658;31.38;2078.94;0;-12;29;0;;;100;95;14;0;0;0;0;2;1;;;;
88.909638;139.976165;214;214;07.єхт;682;590;590;рту.71;682;214358;28.09.2021 0:39;28.09.2021 8:39;16;0;0.00;22.586000;88.909079;139.979043;0.00;-2.68;шўэ.49;-6;1;-134;0;1;0;65;77;-11204;1898;22586;3069.00;93;NAVI;1;0;9;0;0;0;0;1,63279E+12;3730;3795;3758;3744;3816;3757;6;;;;;;;0;0;0;60;13;-1346;0;0;0;14;655;31.38;2079.98;0;-12;29;0;;;100;95;14;0;0;0;0;2;1;;;;
88.909638;139.976163;213;213;07.єхт;682;590;590;рту.71;682;214450;28.09.2021 0:39;28.09.2021 8:39;16;0;0.00;22.586000;88.909079;139.979043;0.00;-2.68;шўэ.49;-6;1;-134;0;1;0;65;77;-11204;1898;22586;3069.00;93;NAVI;1;0;10;0;0;0;0;1,63279E+12;3730;3795;3758;3744;3816;3757;6;;;;;;;0;0;0;62;18;-1348;0;0;0;14;651;31.38;2081.02;0;-12;29;0;;;100;95;14;0;0;0;0;2;1;;;;
88.909638;139.976162;212;212;шўы.15;683;590;590;рту.71;683;214557;28.09.2021 0:39;28.09.2021 8:39;16;0;0.00;22.586000;88.909079;139.979043;0.00;-2.46;шўэ.71;-6;1;-134;0;1;0;65;77;-11204;1898;22586;3069.00;93;NAVI;1;0;10;0;0;0;0;1,63279E+12;3730;3795;3758;3744;3816;3757;6;;;;;;;0;0;0;62;18;-1349;0;0;0;14;649;31.95;2082.03;0;-11;30;0;;;100;95;14;0;0;0;0;2;1;;;;
88.909638;139.976160;211;211;шўэ.94;683;590;590;рту.71;683;214830;28.09.2021 0:39;28.09.2021 8:39;16;0;0.00;22.586000;88.909079;139.979043;0.00;-2.46;шўэ.71;-6;2;-135;0;1;0;65;77;-11204;1898;22586;3069.00;93;NAVI;1;0;11;0;0;0;0;1,63279E+12;3730;3795;3758;3744;3816;3757;6;;;;;;;0;0;0;60;20;-1351;0;0;0;14;645;31.02;2083.02;0;-11;30;0;;;100;99;14;0;0;0;0;2;1;;;;
88.909638;139.976157;209;209;шўы.15;684;590;590;рту.71;684;214867;28.09.2021 0:39;28.09.2021 8:39;16;0;0.00;22.586000;88.909079;139.979043;0.00;-2.46;шўэ.71;-6;2;-135;0;1;0;65;77;-11204;1898;22586;3069.00;93;NAVI;1;0;11;0;0;0;0;1,63279E+12;3730;3795;3758;3744;3816;3757;6;;;;;;;0;0;0;65;27;-1355;0;0;0;14;640;31.95;2085.00;0;-11;30;0;;;100;99;14;0;0;0;0;2;1;;;;
88.909638;139.976157;209;209;шўы.15;684;590;590;рту.71;684;214871;28.09.2021 0:39;28.09.2021 8:39;16;0;0.00;22.586000;88.909079;139.979043;0.00;-2.46;шўэ.71;-6;2;-135;0;1;0;65;77;-11204;1898;22586;3069.00;93;NAVI;1;0;11;0;0;0;0;1,63279E+12;3730;3795;3758;3744;3816;3757;6;;;;;;;0;0;0;65;27;-1355;0;0;0;14;640;31.95;2085.00;0;-11;30;0;;;100;99;14;0;0;0;0;2;1;;;;
88.909638;139.976156;209;209;шўэ.94;684;590;590;рту.71;684;214960;2021-09-28 00:39:28.058;2021-09-28 08:39:28.059;16;0;0.00;22.586000;88.909079;139.979043;0.00;-2.46;шўэ.49;-6;3;-135;0;1;0;65;77;-11204;1898;22586;3069.00;93;NAVI;1;0;11;0;0;0;0;1,63279E+12;3730;3795;3758;3744;3816;3757;6;;;;;;;0;0;0;68;31;-1358;0;0;0;14;637;31.02;2086.00;0;-11;29;0;;;100;99;14;0;0;0;0;2;1;;;;
88.909638;139.976154;208;208;шўэ.94;684;590;590;рту.71;684;215073;28.09.2021 0:39;28.09.2021 8:39;16;0;0.00;22.586000;88.909079;139.979043;0.00;-2.46;шўэ.49;-6;3;-135;0;1;0;65;77;-11204;1898;22586;3069.00;93;NAVI;1;0;11;0;0;0;0;1,63279E+12;3730;3795;3758;3744;3816;3757;6;;;;;;;0;0;0;67;32;-1359;0;0;0;14;635;31.02;2087.02;0;-11;29;0;;;100;99;14;0;0;0;0;2;1;;;;
88.909638;139.976153;207;207;07.єхт;685;590;590;рту.71;685;215167;28.09.2021 0:39;28.09.2021 8:39;16;0;0.00;22.573999;88.909079;139.979043;0.00;-2.68;шўэ.49;-6;3;-135;0;1;0;65;77;-11472;1898;22574;3069.00;93;NAVI;1;0;11;0;0;0;0;1,63279E+12;3730;3795;3758;3744;3816;3757;6;;;;;;;0;0;0;65;32;-1359;0;0;0;14;632;31.38;2088.05;0;-12;29;0;;;100;99;14;0;0;0;0;2;1;;;;
88.909638;139.976151;206;206;07.єхт;685;590;590;рту.71;685;215267;28.09.2021 0:39;28.09.2021 8:39;16;0;0.00;22.573999;88.909079;139.979043;0.00;-2.68;шўэ.49;-6;2;-135;0;1;0;65;77;-11472;1898;22574;3069.00;93;NAVI;1;0;11;0;0;0;0;1,63279E+12;3730;3795;3758;3744;3816;3757;6;;;;;;;0;0;0;69;26;-1359;0;0;0;14;630;31.38;2089.09;0;-12;29;0;;;100;100;14;0;0;0;0;2;1;;;;
88.909638;139.976149;205;205;шўы.23;685;590;590;рту.71;685;215368;28.09.2021 0:39;28.09.2021 8:39;16;0;0.00;22.573999;88.909079;139.979043;0.00;-2.68;шўэ.71;-7;2;-135;0;1;0;65;77;-11472;1898;22574;3069.00;93;NAVI;1;0;11;0;0;0;0;1,63279E+12;3730;3795;3758;3744;3816;3757;6;;;;;;;0;0;0;70;20;-1358;0;0;0;14;627;32.31;2090.14;0;-12;30;0;;;100;100;14;0;0;0;0;2;1;;;;
88.909638;139.976148;204;204;шўы.44;686;590;590;рту.71;686;215478;28.09.2021 0:39;28.09.2021 8:39;16;0;0.00;22.573999;88.909079;139.979043;0.00;-2.68;шўэ.93;-6;1;-135;0;1;0;65;77;-11472;1898;22574;3069.00;93;NAVI;1;0;11;0;0;0;0;1,63279E+12;3730;3795;3758;3744;3816;3757;6;;;;;;;0;0;0;68;15;-1356;0;0;0;14;624;33.24;2091.16;0;-12;30;0;;;100;100;14;0;0;0;0;2;1;;;;
88.909638;139.976146;203;203;шўы.44;686;590;590;рту.71;686;215570;28.09.2021 0:39;28.09.2021 8:39;16;0;0.00;22.573999;88.909079;139.979043;0.00;-2.68;шўэ.93;-6;1;-135;0;1;0;65;77;-11472;1898;22574;3069.00;93;NAVI;1;0;13;0;0;0;0;1,63279E+12;3730;3795;3758;3744;3816;3757;6;;;;;;;0;0;0;62;13;-1355;0;0;0;14;620;33.24;2092.19;0;-12;30;0;;;100;100;14;0;0;0;0;2;1;;;;
88.909638;139.976145;202;202;шўы.44;686;590;590;рту.71;686;215844;28.09.2021 0:39;28.09.2021 8:39;16;0;0.00;22.573999;88.909079;139.979043;0.00;-2.46;шўэ.71;-6;1;-135;0;1;0;65;77;-11472;1898;22574;3069.00;93;NAVI;1;0;13;0;0;0;0;1,63279E+12;3730;3795;3758;3744;3816;3757;6;;;;;;;0;0;0;60;13;-1353;0;0;0;14;617;33.24;2093.19;0;-11;30;0;;;100;100;14;0;0;0;0;2;1;;;;
88.909638;139.976143;201;201;шўы.15;687;590;590;рту.71;687;215880;28.09.2021 0:39;28.09.2021 8:39;16;0;0.00;22.573999;88.909079;139.979043;0.00;-2.68;шўэ.49;-5;2;-135;0;1;0;65;77;-11472;1898;22574;3069.00;93;NAVI;1;0;13;0;0;0;0;1,63279E+12;3730;3795;3758;3744;3816;3757;6;;;;;;;0;0;0;55;22;-1351;0;0;0;14;614;31.95;2094.18;0;-12;29;0;;;100;100;14;0;0;0;0;2;1;;;;
88.909637;139.976142;200;200;07.єхт;687;590;590;рту.71;687;215908;2021-09-28 00:39:29.006;2021-09-28 08:39:29.006;16;0;0.00;22.573999;88.909079;139.979043;0.00;-2.68;шўэ.49;-5;3;-135;0;1;0;65;77;-11472;1898;22574;3069.00;93;NAVI;1;0;13;0;0;0;0;1,63279E+12;3730;3795;3758;3744;3816;3757;6;;;;;;;0;0;0;55;31;-1351;0;0;0;14;610;31.38;2095.18;0;-12;29;0;;;100;100;14;0;0;0;0;2;1;;;;
88.909637;139.976140;199;199;07.єхт;687;590;590;рту.71;687;216010;28.09.2021 0:39;28.09.2021 8:39;16;0;0.00;22.573999;88.909079;139.979043;0.00;-2.68;шўэ.49;-6;3;-135;0;1;0;65;77;-11472;1898;22574;3069.00;93;NAVI;1;0;14;0;0;0;0;1,63279E+12;3730;3795;3758;3744;3816;3757;6;;;;;;;0;0;0;62;37;-1353;0;0;0;14;607;31.38;2096.19;0;-12;29;0;;;100;100;14;0;0;0;0;2;1;;;;
88.909638;139.976139;198;198;шўэ.81;688;590;590;рту.71;688;216081;28.09.2021 0:39;28.09.2021 8:39;16;0;0.00;22.573999;88.909079;139.979043;0.00;-2.68;шўэ.26;-6;3;-135;0;1;0;65;77;-11472;1898;22574;3069.00;93;NAVI;1;0;11;0;0;0;0;1,63279E+12;3730;3795;3758;3744;3816;3757;6;;;;;;;0;0;0;69;37;-1355;0;0;0;14;605;30.46;2097.24;0;-12;27;0;;;100;100;14;0;0;0;0;2;1;;;;
88.909638;139.976137;197;197;шўэ.61;688;590;590;рту.71;688;216230;28.09.2021 0:39;28.09.2021 8:39;16;0;0.00;22.569000;88.909079;139.979043;0.00;-2.68;06.ря№;-7;3;-135;0;1;0;65;77;-11324;1898;22569;3069.00;93;NAVI;1;0;11;0;0;0;0;1,63279E+12;3730;3795;3758;3744;3816;3757;6;;;;;;;0;0;0;73;32;-1355;0;0;0;14;602;29.55;2098.33;0;-12;27;0;;;100;100;14;0;0;0;0;2;1;;;;
88.909638;139.976135;196;196;07.єхт;688;590;590;рту.71;688;216308;28.09.2021 0:39;28.09.2021 8:39;16;0;0.00;22.569000;88.909079;139.979043;0.00;-2.68;шўэ.49;-7;2;-135;0;1;0;65;77;-11324;1898;22569;3069.00;93;NAVI;1;0;12;0;0;0;0;1,63279E+12;3730;3795;3758;3744;3816;3757;6;;;;;;;0;0;0;73;23;-1355;0;0;0;14;600;31.38;2099.43;0;-12;29;0;;;100;100;14;0;0;0;0;2;1;;;;
88.909638;139.976134;195;195;шўы.23;689;590;590;рту.71;689;216392;28.09.2021 0:39;28.09.2021 8:39;16;0;0.00;22.569000;88.909079;139.979043;0.00;-2.68;шўэ.71;-7;1;-135;0;1;0;65;77;-11324;1898;22569;3069.00;93;NAVI;1;0;13;0;0;0;0;1,63279E+12;3730;3795;3758;3744;3816;3757;6;;;;;;;0;0;0;70;13;-1355;0;0;0;14;597;32.31;2100.53;0;-12;30;0;;;100;100;14;0;0;0;0;2;1;;;;
88.909638;139.976132;194;194;шўы.44;689;590;590;рту.71;689;216511;28.09.2021 0:39;28.09.2021 8:39;16;0;0.00;22.569000;88.909079;139.979043;0.00;-2.68;шўэ.93;-6;0;-135;0;1;0;65;77;-11324;1898;22569;3069.00;93;NAVI;1;0;11;0;0;0;0;1,63279E+12;3730;3795;3758;3744;3816;3757;6;;;;;;;0;0;0;68;5;-1353;0;0;0;14;594;33.24;2101.60;0;-12;30;0;;;100;100;14;0;0;0;0;2;1;;;;
88.909638;139.976131;193;193;шўы.44;689;590;590;рту.71;689;216610;28.09.2021 0:39;28.09.2021 8:39;16;0;0.00;22.569000;88.909079;139.979043;0.00;-2.68;шўэ.93;-6;0;-135;0;1;0;65;77;-11324;1898;22569;3069.00;93;NAVI;1;0;12;0;0;0;0;1,63279E+12;3730;3795;3758;3744;3816;3757;6;;;;;;;0;0;0;60;6;-1351;0;0;0;14;590;33.24;2102.64;0;-12;30;0;;;100;100;14;0;0;0;0;2;1;;;;
88.909638;139.976129;192;192;шўы.44;690;590;590;рту.71;690;216881;28.09.2021 0:39;28.09.2021 8:39;16;0;0.00;22.569000;88.909079;139.979043;0.00;-2.68;шўэ.26;-6;1;-135;0;1;0;65;77;-11324;1898;22569;3069.00;93;NAVI;1;0;11;0;0;0;0;1,63279E+12;3730;3795;3758;3744;3816;3757;6;;;;;;;0;0;0;62;11;-1350;0;0;0;14;587;33.24;2103.65;0;-12;27;0;;;100;100;14;0;0;0;0;2;1;;;;
88.909638;139.976126;190;190;шўэ.81;690;590;590;рту.71;690;216940;2021-09-28 00:39:30.038;2021-09-28 08:39:30.039;16;0;0.00;22.569000;88.909079;139.979043;0.00;-2.68;шўэ.26;-7;2;-135;0;1;0;65;77;-11324;1898;22569;3069.00;93;NAVI;1;0;11;0;0;0;0;1,63279E+12;3730;3795;3758;3744;3816;3757;6;;;;;;;0;0;0;74;22;-1351;0;0;0;14;582;30.46;2105.70;0;-12;27;0;;;100;100;14;0;0;0;0;2;1;;;;
88.909638;139.976126;190;190;шўэ.81;690;590;590;рту.71;690;216944;2021-09-28 00:39:30.042;2021-09-28 08:39:30.042;16;0;0.00;22.569000;88.909079;139.979043;0.00;-2.68;шўэ.26;-7;2;-135;0;1;0;65;77;-11324;1898;22569;3069.00;93;NAVI;1;0;11;0;0;0;0;1,63279E+12;3730;3795;3758;3744;3816;3757;6;;;;;;;0;0;0;74;22;-1351;0;0;0;14;582;30.46;2105.70;0;-12;27;0;;;100;100;14;0;0;0;0;2;1;;;;
88.909638;139.976124;189;189;07.єхт;691;590;590;рту.71;691;217028;28.09.2021 0:39;28.09.2021 8:39;16;0;0.00;22.569000;88.909079;139.979043;0.00;-2.68;шўэ.49;-7;2;-135;0;1;0;65;77;-11324;1898;22569;3069.00;93;NAVI;1;0;12;0;0;0;0;1,63279E+12;3730;3795;3758;3744;3816;3757;6;;;;;;;0;0;0;77;23;-1351;0;0;0;14;579;31.38;2106.75;0;-12;29;0;;;100;100;14;0;0;0;0;2;1;;;;
88.909638;139.976123;188;188;07.єхт;691;590;590;рту.71;691;217119;28.09.2021 0:39;28.09.2021 8:39;16;0;0.00;22.569000;88.909079;139.979043;0.00;-2.68;шўэ.71;-7;2;-135;0;1;0;65;77;-11324;1898;22569;3069.00;93;NAVI;1;0;11;0;0;0;0;1,63279E+12;3730;3795;3758;3744;3816;3757;6;;;;;;;0;0;0;75;22;-1351;0;0;0;14;575;31.38;2107.82;0;-12;30;0;;;100;100;14;0;0;0;0;2;1;;;;
88.909638;139.976121;187;187;шўы.23;691;590;590;рту.71;691;217162;28.09.2021 0:39;28.09.2021 8:39;16;0;0.00;22.569000;88.909079;139.979043;0.00;-2.68;шўэ.71;-6;2;-135;0;1;0;65;77;-11324;1898;22569;3069.00;93;NAVI;1;0;11;0;0;0;0;1,63279E+12;3730;3795;3758;3744;3816;3757;6;;;;;;;0;0;0;69;20;-1350;0;0;0;14;572;32.31;2108.89;0;-12;30;0;;;100;100;14;0;0;0;0;2;1;;;;
88.909638;139.976119;187;187;шўы.23;692;590;590;рту.71;692;217220;28.09.2021 0:39;28.09.2021 8:39;16;0;0.00;22.499001;88.909079;139.979043;0.00;-2.68;шўэ.71;-6;1;-135;0;1;0;65;77;-11843;1898;22499;3069.00;93;NAVI;1;0;12;0;0;0;0;1,63279E+12;3730;3795;3758;3744;3816;3757;6;;;;;;;0;0;0;60;18;-1350;0;0;0;14;570;32.31;2109.96;0;-12;30;0;;;100;100;14;0;0;0;0;2;1;;;;
88.909638;139.976118;186;186;шўы.23;692;590;590;рту.71;692;217318;28.09.2021 0:39;28.09.2021 8:39;16;0;0.00;22.499001;88.909079;139.979043;0.00;-2.68;шўэ.71;-5;1;-135;0;1;0;65;77;-11843;1898;22499;3069.00;93;NAVI;1;0;13;0;0;0;0;1,63279E+12;3730;3795;3758;3744;3816;3757;6;;;;;;;0;0;0;52;17;-1350;0;0;0;14;567;32.31;2111.04;0;-12;30;0;;;100;99;14;0;0;0;0;2;1;;;;
88.909638;139.976116;185;185;шўы.23;692;590;590;рту.71;692;217427;28.09.2021 0:39;28.09.2021 8:39;16;0;0.00;22.499001;88.909079;139.979043;0.00;-2.68;шўэ.71;-4;1;-135;0;1;0;65;77;-11843;1898;22499;3069.00;93;NAVI;1;0;13;0;0;0;0;1,63279E+12;3730;3795;3758;3744;3816;3757;6;;;;;;;0;0;0;47;10;-1350;0;0;0;14;564;32.31;2112.11;0;-12;30;0;;;100;99;14;0;0;0;0;2;1;;;;
88.909638;139.976115;184;184;шўы.23;693;590;590;рту.71;693;217520;28.09.2021 0:39;28.09.2021 8:39;16;0;0.00;22.499001;88.909079;139.979043;0.00;-2.68;шўэ.71;-4;0;-135;0;1;0;65;77;-11843;1898;22499;3069.00;93;NAVI;1;0;13;0;0;0;0;1,63279E+12;3730;3795;3758;3744;3816;3757;6;;;;;;;0;0;0;42;1;-1350;0;0;0;14;560;32.31;2113.15;0;-12;30;0;;;100;99;14;0;0;0;0;2;1;;;;
88.909638;139.976113;183;183;шўэ.94;693;590;590;рту.71;693;217630;28.09.2021 0:39;28.09.2021 8:39;16;0;0.00;22.499001;88.909079;139.979043;0.00;-2.46;шўэ.49;-3;0;-135;0;1;0;65;77;-11843;1898;22499;3069.00;93;NAVI;1;0;12;0;0;0;0;1,63279E+12;3730;3795;3758;3744;3816;3757;6;;;;;;;0;0;0;39;2;-1350;0;0;0;14;557;31.02;2114.16;0;-11;29;0;;;100;99;14;0;0;0;0;2;1;;;;
88.909638;139.976112;182;182;шўы.15;693;590;590;рту.71;693;217907;2021-09-28 00:39:31.005;2021-09-28 08:39:31.006;17;0;0.00;22.499001;88.909079;139.979043;0.00;-2.24;шўэ.49;-4;0;-135;0;1;0;65;77;-11843;1898;22499;3069.00;93;NAVI;1;0;13;0;0;0;0;1,63279E+12;3720;3777;3736;3735;3790;3743;6;;;;;;;0;0;0;42;5;-1350;0;0;0;14;555;31.95;2115.13;0;-10;29;0;;;100;94;14;0;0;0;0;2;1;;;;
88.909638;139.976109;180;180;шўэ.86;694;590;590;рту.71;694;217947;2021-09-28 00:39:31.046;2021-09-28 08:39:31.046;17;0;0.00;22.499001;88.909079;139.979043;0.00;-2.24;шўэ.49;-5;0;-135;0;1;0;65;77;-11843;1898;22499;3069.00;93;NAVI;1;0;13;0;0;0;0;1,63279E+12;3720;3777;3736;3735;3790;3743;6;;;;;;;0;0;0;50;6;-1350;0;0;0;14;549;30.68;2116.93;0;-10;29;0;;;100;94;14;0;0;0;0;2;1;;;;
88.909638;139.976109;180;180;шўэ.86;694;590;590;рту.71;694;217951;2021-09-28 00:39:31.049;2021-09-28 08:39:31.050;17;0;0.00;22.499001;88.909079;139.979043;0.00;-2.24;шўэ.49;-5;0;-135;0;1;0;65;77;-11843;1898;22499;3069.00;93;NAVI;1;0;13;0;0;0;0;1,63279E+12;3720;3777;3736;3735;3790;3743;6;;;;;;;0;0;0;50;6;-1350;0;0;0;14;549;30.68;2116.93;0;-10;29;0;;;100;94;14;0;0;0;0;2;1;;;;
88.909638;139.976108;179;179;07.шўы;694;590;590;рту.71;694;218047;28.09.2021 0:39;28.09.2021 8:39;17;0;0.00;22.499001;88.909079;139.979043;0.00;-2.24;шўэ.71;-6;0;-134;0;1;0;65;77;-11843;1898;22499;3069.00;93;NAVI;1;0;12;0;0;0;0;1,63279E+12;3720;3777;3736;3735;3790;3743;6;;;;;;;0;0;0;62;2;-1348;0;0;0;14;545;31.62;2117.78;0;-10;30;0;;;100;94;14;0;0;0;0;2;1;;;;
88.909638;139.976106;178;178;шўэ.79;695;590;590;рту.71;695;218128;28.09.2021 0:39;28.09.2021 8:39;16;0;0.00;22.481001;88.909079;139.979043;0.00;-2.01;шўэ.49;-5;0;-134;0;1;0;65;77;-11897;1898;22481;3069.00;93;NAVI;1;0;13;0;0;0;0;1,63279E+12;3720;3777;3736;3735;3790;3743;6;;;;;;;0;0;0;59;8;-1345;0;0;0;14;544;30.36;2118.59;0;-8;29;0;;;100;94;14;0;0;0;0;2;1;;;;
88.909638;139.976105;177;177;07.џэт;695;590;590;рту.71;695;218241;28.09.2021 0:39;28.09.2021 8:39;16;0;0.00;22.481001;88.909079;139.979043;0.00;-2.01;шўэ.71;-4;2;-134;0;1;0;65;77;-11897;1898;22481;3069.00;93;NAVI;1;0;14;0;0;0;0;1,63279E+12;3720;3777;3736;3735;3790;3743;6;;;;;;;0;0;0;49;21;-1345;0;0;0;14;540;31.32;2119.38;0;-8;30;0;;;100;93;14;0;0;0;0;2;1;;;;
88.909638;139.976104;176;176;шўэ.79;695;590;590;рту.71;695;218332;28.09.2021 0:39;28.09.2021 8:39;16;0;0.00;22.481001;88.909079;139.979043;0.00;-2.01;шўэ.49;-5;2;-134;0;1;0;65;77;-11897;1898;22481;3069.00;93;NAVI;1;0;15;0;0;0;0;1,63279E+12;3720;3777;3736;3735;3790;3743;6;;;;;;;0;0;0;50;27;-1345;0;0;0;14;537;30.36;2120.15;0;-8;29;0;;;100;93;14;0;0;0;0;2;1;;;;
88.909638;139.976103;175;175;шўэ.79;695;590;590;рту.71;695;218457;28.09.2021 0:39;28.09.2021 8:39;16;0;0.00;22.481001;88.909079;139.979043;0.00;-2.01;шўэ.49;-5;2;-134;0;1;0;65;77;-11897;1898;22481;3069.00;93;NAVI;1;0;14;0;0;0;0;1,63279E+12;3720;3777;3736;3735;3790;3743;6;;;;;;;0;0;0;59;26;-1349;0;0;0;14;535;30.36;2120.91;0;-8;29;0;;;100;93;14;0;0;0;0;2;1;;;;
88.909638;139.976102;174;174;шўэ.79;696;590;590;рту.71;696;218547;28.09.2021 0:39;28.09.2021 8:39;16;0;0.00;22.481001;88.909079;139.979043;0.00;-2.01;шўэ.49;-6;2;-135;0;1;0;65;77;-11897;1898;22481;3069.00;93;NAVI;1;0;14;0;0;0;0;1,63279E+12;3720;3777;3736;3735;3790;3743;6;;;;;;;0;0;0;67;22;-1350;0;0;0;14;532;30.36;2121.69;0;-8;29;0;;;100;93;14;0;0;0;0;2;1;;;;
88.909638;139.976100;173;173;07.џэт;696;590;590;рту.71;696;218647;28.09.2021 0:39;28.09.2021 8:39;16;0;0.00;22.481001;88.909079;139.979043;0.00;-2.01;шўэ.71;-7;2;-135;0;1;0;65;77;-11897;1898;22481;3069.00;93;NAVI;1;0;15;0;0;0;0;1,63279E+12;3720;3777;3736;3735;3790;3743;6;;;;;;;0;0;0;73;20;-1351;0;0;0;14;529;31.32;2122.50;0;-8;30;0;;;100;93;14;0;0;0;0;2;1;;;;
88.909638;139.976099;172;172;шўэ.58;696;590;590;рту.71;696;218930;2021-09-28 00:39:32.029;2021-09-28 08:39:32.029;16;0;0.00;22.481001;88.909079;139.979043;0.00;-2.24;шўэ.71;-6;2;-135;0;1;0;65;77;-11897;1898;22481;3069.00;93;NAVI;1;0;16;0;0;0;0;1,63279E+12;3720;3777;3736;3735;3790;3743;6;;;;;;;0;0;0;67;26;-1351;0;0;0;14;525;29.41;2123.32;0;-10;30;0;;;100;94;14;0;0;0;0;2;1;;;;
88.909638;139.976097;170;170;07.шўы;697;590;590;рту.71;697;218958;2021-09-28 00:39:32.056;2021-09-28 08:39:32.056;16;0;0.00;22.481001;88.909079;139.979043;0.00;-2.24;шўэ.71;-6;2;-135;0;1;0;65;77;-11897;1898;22481;3069.00;93;NAVI;1;0;16;0;0;0;0;1,63279E+12;3720;3777;3736;3735;3790;3743;6;;;;;;;0;0;0;62;25;-1355;0;0;0;14;520;31.62;2124.97;0;-10;30;0;;;100;94;14;0;0;0;0;2;1;;;;
88.909638;139.976097;170;170;07.шўы;697;590;590;рту.71;697;218960;2021-09-28 00:39:32.058;2021-09-28 08:39:32.061;16;0;0.00;22.481001;88.909079;139.979043;0.00;-2.24;шўэ.71;-6;2;-135;0;1;0;65;77;-11897;1898;22481;3069.00;93;NAVI;1;0;16;0;0;0;0;1,63279E+12;3720;3777;3736;3735;3790;3743;6;;;;;;;0;0;0;62;25;-1355;0;0;0;14;520;31.62;2124.97;0;-10;30;0;;;100;94;14;0;0;0;0;2;1;;;;
88.909638;139.976095;169;169;шўэ.65;697;590;590;рту.71;697;219057;28.09.2021 0:39;28.09.2021 8:39;16;0;0.00;22.481001;88.909079;139.979043;0.00;-2.24;шўэ.26;-6;1;-135;0;1;0;65;77;-11897;1898;22481;3069.00;93;NAVI;1;0;17;0;0;0;0;1,63279E+12;3720;3777;3736;3735;3790;3743;6;;;;;;;0;0;0;62;16;-1358;0;0;0;14;517;29.73;2125.83;0;-10;27;0;;;100;94;14;0;0;0;0;2;1;;;;
88.909638;139.976094;168;168;07.џэт;697;590;590;рту.71;697;219160;28.09.2021 0:39;28.09.2021 8:39;16;0;0.00;22.514000;88.909079;139.979043;0.00;-2.01;шўэ.71;-7;0;-135;0;1;0;65;77;-11689;1898;22514;3070.00;93;NAVI;1;0;16;0;0;0;0;1,63279E+12;3720;3777;3736;3735;3790;3743;6;;;;;;;0;0;0;70;4;-1358;0;0;0;14;515;31.32;2126.67;0;-8;30;0;;;100;94;14;0;0;0;0;2;1;;;;
88.909638;139.976093;167;167;07.џэт;697;590;590;рту.71;697;219270;28.09.2021 0:39;28.09.2021 8:39;16;0;0.00;22.514000;88.909079;139.979043;0.00;-2.01;шўэ.71;-7;0;-135;0;1;0;65;77;-11689;1898;22514;3070.00;93;NAVI;1;0;17;0;0;0;0;1,63279E+12;3720;3777;3736;3735;3790;3743;6;;;;;;;0;0;0;73;1;-1355;0;0;0;14;512;31.32;2127.48;0;-8;30;0;;;100;100;14;0;0;0;0;2;1;;;;
88.909638;139.976092;166;166;07.џэт;698;590;590;рту.71;698;219367;28.09.2021 0:39;28.09.2021 8:39;16;0;0.00;22.514000;88.909079;139.979043;0.00;-2.01;шўэ.71;-5;2;-135;0;1;0;65;77;-11689;1898;22514;3070.00;93;NAVI;1;0;17;0;0;0;0;1,63279E+12;3720;3777;3736;3735;3790;3743;6;;;;;;;0;0;0;57;21;-1355;0;0;0;14;507;31.32;2128.26;0;-8;30;0;;;100;100;14;0;0;0;0;2;1;;;;
88.909638;139.976091;165;165;07.џэт;698;590;590;рту.71;698;219468;28.09.2021 0:39;28.09.2021 8:39;16;0;0.00;22.514000;88.909079;139.979043;0.00;-2.01;шўэ.71;-5;2;-135;0;1;0;65;77;-11689;1898;22514;3070.00;93;NAVI;1;0;19;0;0;0;0;1,63279E+12;3720;3777;3736;3735;3790;3743;6;;;;;;;0;0;0;55;27;-1355;0;0;0;14;505;31.32;2129.07;0;-8;30;0;;;100;100;14;0;0;0;0;2;1;;;;
88.909638;139.976089;165;165;шўэ.86;698;590;590;рту.71;698;219567;28.09.2021 0:39;28.09.2021 8:39;16;0;0.00;22.514000;88.909079;139.979043;0.00;-2.24;шўэ.49;-6;2;-135;0;1;0;65;77;-11689;1898;22514;3070.00;93;NAVI;1;0;21;0;0;0;0;1,63279E+12;3720;3777;3736;3735;3790;3743;6;;;;;;;0;0;0;60;23;-1355;0;0;0;14;502;30.68;2129.89;0;-10;29;0;;;100;100;14;0;0;0;0;2;1;;;;
88.909638;139.976088;164;164;шўэ.86;699;590;590;рту.71;699;219677;28.09.2021 0:39;28.09.2021 8:39;16;0;0.00;22.514000;88.909079;139.979043;0.00;-2.24;шўэ.49;-6;1;-135;0;1;0;65;77;-11689;1898;22514;3070.00;93;NAVI;1;0;21;0;0;0;0;1,63279E+12;3720;3777;3736;3735;3790;3743;6;;;;;;;0;0;0;67;13;-1355;0;0;0;14;500;30.68;2130.73;0;-10;29;0;;;100;100;14;0;0;0;0;2;1;;;;
88.909638;139.976087;163;163;шўэ.86;699;590;590;рту.71;699;219951;2021-09-28 00:39:33.049;2021-09-28 08:39:33.050;16;0;0.00;22.514000;88.909079;139.979043;0.00;-2.01;шўэ.49;-7;0;-135;0;1;0;65;77;-11689;1898;22514;3070.00;93;NAVI;1;0;27;0;0;0;0;1,63279E+12;3720;3777;3736;3735;3790;3743;6;;;;;;;0;0;0;72;5;-1353;0;0;0;14;497;30.68;2131.55;0;-8;29;0;;;100;100;14;0;0;0;0;2;1;;;;
88.909638;139.976084;161;161;шўэ.79;699;590;590;рту.71;699;219977;2021-09-28 00:39:33.076;2021-09-28 08:39:33.076;16;0;0.00;22.514000;88.909079;139.979043;0.00;-2.01;шўэ.49;-5;2;-135;0;1;0;65;77;-11689;1898;22514;3070.00;93;NAVI;1;0;27;0;0;0;0;1,63279E+12;3720;3777;3736;3735;3790;3743;6;;;;;;;0;0;0;59;20;-1350;0;0;0;14;490;30.36;2133.13;0;-8;29;0;;;100;100;14;0;0;0;0;2;1;;;;
88.909638;139.976084;161;161;шўэ.79;699;590;590;рту.71;699;219980;2021-09-28 00:39:33.078;2021-09-28 08:39:33.078;16;0;0.00;22.514000;88.909079;139.979043;0.00;-2.01;шўэ.49;-5;2;-135;0;1;0;65;77;-11689;1898;22514;3070.00;93;NAVI;1;0;27;0;0;0;0;1,63279E+12;3720;3777;3736;3735;3790;3743;6;;;;;;;0;0;0;59;20;-1350;0;0;0;14;490;30.36;2133.13;0;-8;29;0;;;100;100;14;0;0;0;0;2;1;;;;
88.909638;139.976083;160;160;07.шўы;700;590;590;рту.71;700;220082;28.09.2021 0:39;28.09.2021 8:39;16;0;0.00;22.514000;88.909079;139.979043;0.00;-2.24;шўэ.71;-6;2;-135;0;1;0;65;77;-11689;1898;22514;3070.00;93;NAVI;1;0;26;0;0;0;0;1,63279E+12;3720;3777;3736;3735;3790;3743;6;;;;;;;0;0;0;62;25;-1351;0;0;0;14;487;31.62;2133.91;0;-10;30;0;;;100;100;14;0;0;0;0;2;1;;;;
88.909638;139.976082;159;159;шўэ.65;700;590;590;рту.71;700;220197;28.09.2021 0:39;28.09.2021 8:39;16;0;0.00;22.524000;88.909079;139.979043;0.00;-2.24;шўэ.26;-6;2;-135;0;1;0;65;77;-12062;1898;22524;3070.00;93;NAVI;1;0;26;0;0;0;0;1,63279E+12;3720;3777;3736;3735;3790;3743;6;;;;;;;0;0;0;65;23;-1353;0;0;0;14;485;29.73;2134.72;0;-10;27;0;;;100;100;14;0;0;0;0;2;1;;;;
88.909638;139.976081;158;158;07.шўы;700;590;590;рту.71;700;220277;28.09.2021 0:39;28.09.2021 8:39;16;0;0.00;22.524000;88.909079;139.979043;0.00;-2.24;шўэ.71;-7;1;-135;0;1;0;65;77;-12062;1898;22524;3070.00;93;NAVI;1;0;22;0;0;0;0;1,63279E+12;3720;3777;3736;3735;3790;3743;6;;;;;;;0;0;0;70;18;-1353;0;0;0;14;482;31.62;2135.61;0;-10;30;0;;;100;100;14;0;0;0;0;2;1;;;;
88.909638;139.976079;157;157;шўы.29;700;590;590;рту.71;700;220387;28.09.2021 0:39;28.09.2021 8:39;16;0;0.00;22.524000;88.909079;139.979043;0.00;-2.24;шўэ.93;-7;0;-135;0;1;0;65;77;-12062;1898;22524;3070.00;93;NAVI;1;0;20;0;0;0;0;1,63279E+12;3720;3777;3736;3735;3790;3743;6;;;;;;;0;0;0;77;9;-1351;0;0;0;14;479;32.57;2136.50;0;-10;30;0;;;100;100;14;0;0;0;0;2;1;;;;
88.909638;139.976078;156;156;шўэ.86;701;590;590;рту.71;701;220500;28.09.2021 0:39;28.09.2021 8:39;16;0;0.00;22.524000;88.909079;139.979043;0.00;-2.24;шўэ.49;-6;0;-135;0;1;0;65;77;-12062;1898;22524;3070.00;93;NAVI;1;0;22;0;0;0;0;1,63279E+12;3720;3777;3736;3735;3790;3743;6;;;;;;;0;0;0;69;8;-1350;0;0;0;14;477;30.68;2137.34;0;-10;29;0;;;100;100;14;0;0;0;0;2;1;;;;
88.909638;139.976077;155;155;07.шўы;701;590;590;рту.71;701;220607;28.09.2021 0:39;28.09.2021 8:39;16;0;0.00;22.524000;88.909079;139.979043;0.00;-2.24;шўэ.71;-5;1;-134;0;1;0;65;77;-12062;1898;22524;3070.00;93;NAVI;1;0;24;0;0;0;0;1,63279E+12;3720;3777;3736;3735;3790;3743;6;;;;;;;0;0;0;55;15;-1348;0;0;0;14;474;31.62;2138.17;0;-10;30;0;;;100;100;14;0;0;0;0;2;1;;;;
88.909638;139.976076;154;154;шўы.50;701;590;590;рту.71;701;220691;28.09.2021 0:39;28.09.2021 8:39;16;0;0.00;22.524000;88.909079;139.979043;0.00;-2.24;шўы.16;-5;1;-134;0;1;0;65;77;-12062;1898;22524;3070.00;93;NAVI;1;0;19;0;0;0;0;1,63279E+12;3720;3777;3736;3735;3790;3743;6;;;;;;;0;0;0;54;16;-1346;0;0;0;14;470;33.53;2138.98;0;-10;32;0;;;100;100;14;0;0;0;0;2;1;;;;
88.909638;139.976074;153;153;07.шўы;702;590;590;рту.71;702;220981;2021-09-28 00:39:34.079;2021-09-28 08:39:34.079;16;0;0.00;22.524000;88.909079;139.979043;0.00;-1.79;ьрщ.59;-5;0;-134;0;1;0;65;77;-12062;1898;22524;3070.00;93;NAVI;1;0;24;0;0;0;0;1,63279E+12;3720;3777;3736;3735;3790;3743;6;;;;;;;0;0;0;57;2;-1344;0;0;0;14;467;31.62;2139.80;0;-8;25;0;;;100;100;14;0;0;0;0;2;1;;;;
88.909638;139.976071;150;150;ьрщ.87;702;590;590;рту.71;702;221017;28.09.2021 0:39;28.09.2021 8:39;16;0;0.00;22.524000;88.909079;139.979043;0.00;-1.79;ьрщ.59;0;-1;-133;0;1;0;65;77;-12062;1898;22524;3070.00;93;NAVI;1;0;24;0;0;0;0;1,63279E+12;3720;3777;3736;3735;3790;3743;6;;;;;;;0;0;0;0;-13;-1334;0;0;0;14;457;26.25;2142.16;0;-8;25;0;;;100;100;14;0;0;0;0;2;1;;;;
88.909638;139.976071;150;150;ьрщ.87;702;590;590;рту.71;702;221022;28.09.2021 0:39;28.09.2021 8:39;16;0;0.00;22.524000;88.909079;139.979043;0.00;-1.79;ьрщ.59;0;-1;-133;0;1;0;65;77;-12062;1898;22524;3070.00;93;NAVI;1;0;24;0;0;0;0;1,63279E+12;3720;3777;3736;3735;3790;3743;6;;;;;;;0;0;0;0;-13;-1334;0;0;0;14;457;26.25;2142.16;0;-8;25;0;;;100;100;14;0;0;0;0;2;1;;;;
88.909638;139.976071;150;150;ьрщ.87;702;590;590;рту.71;702;221026;28.09.2021 0:39;28.09.2021 8:39;16;0;0.00;22.524000;88.909079;139.979043;0.00;-1.79;ьрщ.59;0;-1;-133;0;1;0;65;77;-12062;1898;22524;3070.00;93;NAVI;1;0;24;0;0;0;0;1,63279E+12;3720;3777;3736;3735;3790;3743;6;;;;;;;0;0;0;0;-13;-1334;0;0;0;14;457;26.25;2142.16;0;-8;25;0;;;100;100;14;0;0;0;0;2;1;;;;
88.909638;139.976070;149;149;ря№.53;703;590;590;рту.71;703;221217;28.09.2021 0:39;28.09.2021 8:39;16;0;0.00;22.409000;88.909079;139.979043;0.00;-1.57;ря№.25;0;-1;-133;0;1;0;65;77;-12843;1898;22409;3070.00;93;NAVI;1;0;26;0;0;0;0;1,63279E+12;3720;3777;3736;3735;3790;3743;6;;;;;;;0;0;0;4;-18;-1330;0;0;0;14;455;20.25;2142.78;0;-6;18;0;;;100;100;14;0;0;0;0;2;1;;;;
88.909638;139.976069;148;148;ьр№.54;703;590;590;рту.71;703;221317;28.09.2021 0:39;28.09.2021 8:39;16;0;0.00;22.409000;88.909079;139.979043;0.00;-0.89;єхт.68;-2;-2;-132;0;1;0;65;77;-12843;1898;22409;3070.00;93;NAVI;1;0;26;0;0;0;0;1,63279E+12;3720;3777;3736;3735;3790;3743;6;;;;;;;0;0;0;25;-27;-1328;0;0;0;14;454;15.81;2143.29;0;-4;12;0;;;100;100;14;0;0;0;0;2;1;;;;
88.909638;139.976069;148;148;єхт.83;703;590;590;рту.71;703;221353;28.09.2021 0:39;28.09.2021 8:39;16;0;0.00;22.409000;88.909079;139.979043;0.00;-0.89;єхт.68;-3;-2;-132;0;1;0;65;77;-12843;1898;22409;3070.00;93;NAVI;1;0;26;0;0;0;0;1,63279E+12;3720;3777;3736;3735;3790;3743;6;;;;;;;0;0;0;37;-22;-1329;0;0;0;14;452;фхъ.65;2143.66;0;-4;12;0;;;100;100;14;0;0;0;0;2;1;;;;
88.909638;139.976068;148;148;єхт.34;703;590;590;рту.71;703;221418;28.09.2021 0:39;28.09.2021 8:39;16;0;0.00;22.409000;88.909079;139.979043;0.00;-0.67;єхт.24;-2;-1;-133;0;1;0;65;77;-12843;1898;22409;3070.00;93;NAVI;1;0;27;0;0;0;0;1,63279E+12;3720;3777;3736;3735;3790;3743;6;;;;;;;0;0;0;27;-18;-1333;0;0;0;14;452;юъђ.44;2143.90;0;-3;10;0;;;100;100;14;0;0;0;0;2;1;;;;
88.909639;139.976068;147;147;02.шўэ;703;590;590;рту.71;703;221527;28.09.2021 0:39;28.09.2021 8:39;16;0;0.00;22.409000;88.909079;139.979043;0.00;-0.45;02.џэт;0;-2;-133;0;1;0;65;77;-12843;1898;22409;3070.00;93;NAVI;1;0;27;0;0;0;0;1,63279E+12;3720;3777;3736;3735;3790;3743;6;;;;;;;0;0;0;4;-21;-1339;0;0;0;14;450;ёхэ.22;2144.03;0;-2;8;0;;;100;100;14;0;0;0;0;2;1;;;;
88.909639;139.976068;147;147;џэт.58;703;590;590;рту.71;703;221640;28.09.2021 0:39;28.09.2021 8:39;16;0;0.00;22.409000;88.909079;139.979043;0.22;0.00;џэт.57;2;-2;-134;0;1;0;65;77;-12843;1898;22409;3070.00;93;NAVI;1;0;27;0;0;0;0;1,63279E+12;3720;3777;3736;3735;3790;3743;6;;;;;;;0;0;0;-20;-22;-1345;0;0;0;14;450;07.шўы;2144.05;1;0;6;0;;;100;100;14;0;0;0;0;2;1;;;;
88.909639;139.976069;147;147;1.00;703;590;590;рту.71;703;221728;28.09.2021 0:39;28.09.2021 8:39;16;0;0.00;22.409000;88.909079;139.979043;0.45;0.00;0.89;4;-2;-135;0;1;0;65;77;-12843;1898;22409;3070.00;93;NAVI;1;0;27;0;0;0;0;1,63279E+12;3720;3777;3736;3735;3790;3743;6;;;;;;;0;0;0;-42;-22;-1353;0;0;0;14;450;ря№.47;2143.93;2;0;4;0;;;100;100;14;0;0;0;0;2;1;;;;
88.909639;139.976069;147;147;0.92;703;590;590;рту.71;703;221988;2021-09-28 00:39:35.086;2021-09-28 08:39:35.087;16;0;0.00;22.409000;88.909079;139.979043;01.фхъ;0.89;0.00;5;-1;-135;0;1;0;65;77;-12843;1898;22409;3070.00;93;NAVI;1;0;23;0;0;0;0;1,63279E+12;3720;3777;3736;3735;3790;3743;6;;;;;;;0;0;0;-57;-18;-1358;0;0;0;14;449;04.фхъ;2143.66;5;4;0;0;;;100;100;14;0;0;0;0;2;1;;;;
